exercise_id,name,type,body_part,equipment,level,description,type_Strength,type_Cardio,type_Flexibility,body_part_Chest,body_part_Back,body_part_Legs,body_part_Arms,body_part_Shoulders,body_part_Abdominals,body_part_Full Body,body_part_Other,equipment_None,equipment_Bands,equipment_Barbell,equipment_Dumbbell,equipment_Machine,difficulty,is_compound,cardio_intensity,injury_risk,rating_norm
0,Partner plank band row,Strength,Abdominals,Bands,Intermediate,The partner plank band row is an abdominal exercise where two partners perform single-arm planks while pulling on the opposite ends of an exercise band. This technique can be done for time or reps in any ab-focused workout.,1,0,0,0,0,0,0,0,1,0,0,0,1,0,0,0,2,1,0.7,0.2,0.0
1,Banded crunch isometric hold,Strength,Abdominals,Bands,Intermediate,"The banded crunch isometric hold is an exercise targeting the abdominal muscles, particularly the rectus abdominis or ""six-pack"" muscles. The band adds resistance and continuous tension to this popular exercise.",1,0,0,0,0,0,0,0,1,0,0,0,1,0,0,0,2,0,0.7,0.2,0.0
2,FYR Banded Plank Jack,Strength,Abdominals,Bands,Intermediate,"The banded plank jack is a variation on the plank that involves moving the legs in and out for repetitions. Having a band around the thighs forces the lower body to work harder, particularly the hips and glutes. The plank jack is commonly performed as part of a bodyweight circuit, or as part of a dynamic warm-up.",1,0,0,0,0,0,0,0,1,0,0,0,1,0,0,0,2,0,0.0,0.2,0.0
3,Banded crunch,Strength,Abdominals,Bands,Intermediate,"The banded crunch is an exercise targeting the abdominal muscles, particularly the rectus abdominis or ""six-pack"" muscles. The band adds resistance and continuous tension to this popular exercise.",1,0,0,0,0,0,0,0,1,0,0,0,1,0,0,0,2,0,0.7,0.2,0.0
4,Crunch,Strength,Abdominals,Bands,Intermediate,"The crunch is a popular core exercise targeting the rectus abdominis, or ""six-pack"" muscles, as well as the obliques. It has been the centerpiece of many ab-focused workouts, due to both its simplicity and the intense burn and mind-muscle connection it produces. It can be performed for time or reps as part of the ab-focused portion of any workout.",1,0,0,0,0,0,0,0,1,0,0,0,1,0,0,0,2,0,0.7,0.2,0.0
5,Decline band press sit-up,Strength,Abdominals,Bands,Intermediate,"The decline band press sit-up is a weighted core exercise that works the rectus abdominis or ""six pack"" muscles, as well as the deep core muscles. It also taxes the muscles of the shoulders and upper back. Sit-up variations with added resistance are usually performed for moderate to high reps, such as 8-12 reps per set or more, as part of the core-focused portion of a workout.",1,0,0,0,0,0,0,0,1,0,0,0,1,0,0,0,2,0,0.0,0.2,0.0
6,FYR2 Banded Frog Pump,Strength,Abdominals,Bands,Intermediate,,1,0,0,0,0,0,0,0,1,0,0,0,1,0,0,0,2,0,0.0,0.2,0.0
7,Band low-to-high twist,Strength,Abdominals,Bands,Intermediate,"The band low-to-high twist is a core exercise targeting the upper abdominals and the obliques. Take care to perform it with control, as rapid, uncontrolled twisting can injure the spine. It is usually performed for moderate to high reps, at least 8-15 per side, as part of the core-focused portion of a workout.",1,0,0,0,0,0,0,0,1,0,0,0,1,0,0,0,2,0,0.0,0.2,0.0
8,Barbell roll-out,Strength,Abdominals,Barbell,Intermediate,"The barbell roll-out is an abdominal exercise that utilizes a barbell in the place of an ab roller. It is best performed with a barbell that has rotating collars, and is considered more difficult than other ab roller variations. Many lifters may not be able to perform a single rep at first, but once they can perform these for reps, they'll be rewarded with a seriously strong core.",1,0,0,0,0,0,0,0,1,0,0,0,0,1,0,0,2,0,0.0,0.2,0.9270833333333334
9,Barbell Ab Rollout - On Knees,Strength,Abdominals,Barbell,Intermediate,"The barbell roll-out is an abdominal exercise that utilizes a barbell in the place of an ab roller. It is best performed with a barbell that has rotating collars, and is considered more difficult than other ab roller variations. Many lifters may not be able to perform a single rep at first, but once they can perform these for reps, they'll be rewarded with a seriously strong core.",1,0,0,0,0,0,0,0,1,0,0,0,0,1,0,0,2,0,0.0,0.2,0.9270833333333334
10,Decline bar press sit-up,Strength,Abdominals,Barbell,Intermediate,"The decline bar press sit-up is a weighted core exercise targeting the abdominal muscles, particularly the lower abs. It also challenges the shoulders and upper back to move the weight. Weighted sit-up variations are usually performed for moderate to high reps, such as 8-12 reps per set or more, as part of the core-focused portion of a workout.",1,0,0,0,0,0,0,0,1,0,0,0,0,1,0,0,2,0,0.0,0.2,0.8854166666666667
11,Bench barbell roll-out,Strength,Abdominals,Barbell,Beginner,"The bench barbell roll-out is a challenging exercise targeting the abdominals. It is similar to using an ab roller, but using a barbell allows for a wider grip. Placing the knees on a bench rather than the floor makes the move more difficult by increasing the challenge to the upper body.",1,0,0,0,0,0,0,0,1,0,0,0,0,1,0,0,1,0,0.0,0.2,0.8645833333333335
12,Barbell Side Bend,Strength,Abdominals,Barbell,Beginner,,1,0,0,0,0,0,0,0,1,0,0,0,0,1,0,0,1,0,0.0,0.2,0.7291666666666667
13,Seated bar twist,Strength,Abdominals,Barbell,Intermediate,"The seated bar twist is a core exercise meant to strengthen the obliques. It is often performed for high reps with relatively light weight, such as an empty barbell, a lightweight fixed-weight bar, or even a PVC pipe. It can be performed during a workout, at the end of a workout, or outside of the gym to build core strength and resiliency.",1,0,0,0,0,0,0,0,1,0,0,0,0,1,0,0,2,0,0.0,0.2,0.48958333333333337
14,Single-arm landmine pull and press,Strength,Abdominals,Barbell,Intermediate,"The single-arm landmine pull and press is an explosive rotational movement using a barbell anchored in a landmine device. It combines a pull off the floor with rotation and finishes with a press. It is usually performed for low reps per set with an emphasis on speed and form, not moving heavy weight.",1,0,0,0,0,0,0,0,1,0,0,0,0,1,0,0,2,0,0.0,0.2,0.0
15,Barbell Ab Roll Out - Gethin Variation,Strength,Abdominals,Barbell,Intermediate,"The barbell roll-out is an abdominal exercise that utilizes a barbell in the place of an ab roller. It is best performed with a barbell that has rotating collars, and is considered more difficult than other ab roller variations. Many lifters may not be able to perform a single rep at first, but once they can perform these for reps, they'll be rewarded with a seriously strong core.",1,0,0,0,0,0,0,0,1,0,0,0,0,1,0,0,2,0,0.0,0.2,0.0
16,30 Barbell Floor Wiper,Strength,Abdominals,Barbell,Intermediate,"The barbell floor wiper is a core exercise in which the barbell is held in the locked-out position of a floor press, and the hips and legs are rotated side to side. It targets the oblique muscles of the lateral abdomen, but is also seriously challenging to the deep core and rectus abdominis or ""six-pack"" muscles.",1,0,0,0,0,0,0,0,1,0,0,0,0,1,0,0,2,0,0.0,0.2,0.0
17,30 Barbell Roll-Out,Strength,Abdominals,Barbell,Intermediate,"The barbell roll-out is an abdominal exercise that utilizes a barbell in the place of an ab roller. It is best performed with a barbell that has rotating collars, and is considered more difficult than other ab roller variations. Many lifters may not be able to perform a single rep at first, but once they can perform these for reps, they'll be rewarded with a seriously strong core.",1,0,0,0,0,0,0,0,1,0,0,0,0,1,0,0,2,0,0.0,0.2,0.0
18,Decline plate sit-up,Strength,Abdominals,Barbell,Intermediate,"The decline plate sit-up is a weighted core exercise that works the rectus abdominis or ""six pack"" muscles, as well as the deep core muscles. Weighted sit-up variations are usually performed for moderate to high reps, such as 8-12 reps per set or more, as part of the core-focused portion of a workout.",1,0,0,0,0,0,0,0,1,0,0,0,0,1,0,0,2,0,0.0,0.2,0.0
19,KV Barbell Hip Thrust,Strength,Abdominals,Barbell,Intermediate,,1,0,0,0,0,0,0,0,1,0,0,0,0,1,0,0,2,0,0.0,0.2,0.0
20,Advanced Kettlebell Windmill,Strength,Abdominals,Dumbbell,Beginner,,1,0,0,0,0,0,0,0,1,0,0,0,0,0,1,0,1,0,0.0,0.2,0.8645833333333335
21,Kettlebell Windmill,Strength,Abdominals,Dumbbell,Intermediate,"The single-kettlebell windmill is a dynamic kettlebell exercise emphasizing core strength and shoulder and hip mobility and stability. It is often used as a functional warm-up or for multi-directional strength work. It doesn't work as well in a metcon or conditioning setting, and shouldn't be performed under intense fatigue.",1,0,0,0,0,0,0,0,1,0,0,0,0,0,1,0,2,0,0.0,0.2,0.8020833333333334
22,Kettlebell Pass Between The Legs,Strength,Abdominals,Dumbbell,Beginner,,1,0,0,0,0,0,0,0,1,0,0,0,0,0,1,0,1,0,0.0,0.2,0.7604166666666666
23,Kettlebell 3-point leg extension,Strength,Abdominals,Dumbbell,Intermediate,"The kettlebell 3-point leg extension is a dynamic core exercise performed around and over a kettlebell or other short, stationary object. It is similar in some ways to a V-up or reverse crunch, but targets both the obliques and the rectus abdominis or ""six-pack"" muscles. It can be performed for reps or for time, usually in dedicated ab training or as part of a kettlebell and bodyweight circuit workout.",1,0,0,0,0,0,0,0,1,0,0,0,0,0,1,0,2,0,0.0,0.2,0.0
24,Double Kettlebell Swing,Strength,Abdominals,Dumbbell,Intermediate,,1,0,0,0,0,0,0,0,1,0,0,0,0,0,1,0,2,0,0.0,0.2,0.0
25,Burpee over kettlebell,Strength,Abdominals,Dumbbell,Intermediate,"The burpee over kettlebell is a more advanced version of a popular conditioning exercise. If you're performing a circuit that already has both burpees and kettlebell movements, it's a simple way to provide a novel stimulus to the muscles of the lower body and create a more athletic style of training.",1,0,0,0,0,0,0,0,1,0,0,0,0,0,1,0,2,1,0.7,0.2,0.0
26,Kettlebell toe-touch,Strength,Abdominals,Dumbbell,Intermediate,"The kettlebell toe-touch is a more difficult version of a highly popular abdominal movement usually done for high reps. The simple addition of a weight makes the toe-touch far more difficult, providing a different stimulus to the core during training.",1,0,0,0,0,0,0,0,1,0,0,0,0,0,1,0,2,0,0.0,0.2,0.0
27,Kettlebell swing,Strength,Abdominals,Dumbbell,Intermediate,"The kettlebell swing is a popular lower-body exercise emphasizing the hamstrings, glutes, and back muscles. It is often used to train explosive power, for aerobic or cardiovascular conditioning, in circuit training, or as an accessory movement for the deadlift.",1,0,0,0,0,0,0,0,1,0,0,0,0,0,1,0,2,0,0.0,0.2,0.0
28,Two-way swing,Strength,Abdominals,Dumbbell,Intermediate,"The two-way kettlebell swing is an exercise that alternates a chest-height kettlebell swing (sometimes called a ""Russian"" or ""hardstyle"" swing) with an overhead kettlebell swing (sometimes called an ""American"" swing). Both swing variations work many of the same muscles, such as the hamstrings, glutes, and core, but because the weight must travel farther in the overhead swing, it's slightly more metabolically demanding and works the upper back and shoulders more. This combo can be performed for time or reps and works especially well in circuit-style or full-body training. If you can't perform the overhead swing without lower back or shoulder pain, just perform the chest-height swing.",1,0,0,0,0,0,0,0,1,0,0,0,0,0,1,0,2,0,0.0,0.2,0.0
29,Kettlebell crab reach,Strength,Abdominals,Dumbbell,Intermediate,"The kettlebell crab reach is a kettlebell pressing exercise in which the lifter presses a kettlebell overhead while in a modified single-arm bridge position. The simple addition of a weight makes the reach far more difficult, challenging the muscles of the back, shoulders, glutes, and core.",1,0,0,0,0,0,0,0,1,0,0,0,0,0,1,0,2,0,0.0,0.2,0.0
30,Taylor Single-Arm Kettlebell Swing,Strength,Abdominals,Dumbbell,Intermediate,,1,0,0,0,0,0,0,0,1,0,0,0,0,0,1,0,2,0,0.0,0.2,0.0
31,Holman Kettlebell Up to Elbow Down,Strength,Abdominals,Dumbbell,Intermediate,,1,0,0,0,0,0,0,0,1,0,0,0,0,0,1,0,2,0,0.0,0.2,0.0
32,FYR2 Double-Kettlebell Ski,Strength,Abdominals,Dumbbell,Intermediate,,1,0,0,0,0,0,0,0,1,0,0,0,0,0,1,0,2,0,0.0,0.2,0.0
33,FYR2 Kettlebell Hike,Strength,Abdominals,Dumbbell,Intermediate,,1,0,0,0,0,0,0,0,1,0,0,0,0,0,1,0,2,0,0.0,0.2,0.0
34,FYR2 Kettlebell Cross-Body Catch,Strength,Abdominals,Dumbbell,Intermediate,,1,0,0,0,0,0,0,0,1,0,0,0,0,0,1,0,2,0,0.0,0.2,0.0
35,FYR2 Kettlebell Duck Walk,Strength,Abdominals,Dumbbell,Intermediate,,1,0,0,0,0,0,0,0,1,0,0,0,0,0,1,0,2,0,0.0,0.2,0.0
36,FYR2 Kettlebell Get-Up Reach,Strength,Abdominals,Dumbbell,Intermediate,,1,0,0,0,0,0,0,0,1,0,0,0,0,0,1,0,2,0,0.0,0.2,0.0
37,FYR2 Kettlebell Juggle,Strength,Abdominals,Dumbbell,Intermediate,,1,0,0,0,0,0,0,0,1,0,0,0,0,0,1,0,2,0,0.0,0.2,0.0
38,FYR2 Squat-Clean-Alternating-Press Complex,Strength,Abdominals,Dumbbell,Intermediate,,1,0,0,0,0,0,0,0,1,0,0,0,0,0,1,0,2,1,0.0,0.2,0.0
39,Dumbbell V-Sit Cross Jab,Strength,Abdominals,Dumbbell,Intermediate,"The dumbbell V-sit cross jab is a hybrid movement that trains the abdominal and shoulder muscles simultaneously. It can address multiple muscle groups in a time-efficient muscle-building or circuit-style workout, while also providing a cardiovascular challenge.",1,0,0,0,0,0,0,0,1,0,0,0,0,0,1,0,2,0,0.0,0.2,0.9687500000000001
40,Dumbbell spell caster,Strength,Abdominals,Dumbbell,Beginner,"The dumbbell spell caster is an exercise that primarily targets the abdominal muscles such as the obliques. However, it also works shoulders, back, hips, and legs, and demands all of those muscles work together in a coordinated motion. It is usually performed with relatively light weights for moderate to high reps, at least 8-12 reps per side. Make sure to only use a weight you can control.",1,0,0,0,0,0,0,0,1,0,0,0,0,0,1,0,1,0,0.0,0.2,0.9687500000000001
41,Dumbbell side bend,Strength,Abdominals,Dumbbell,Intermediate,"The dumbbell side bend is a popular exercise for targeting the oblique muscles of the abdomen. It is usually performed for relatively high reps, at least 8-12 reps per set or more. It can be performed one side at a time or alternating sides.",1,0,0,0,0,0,0,0,1,0,0,0,0,0,1,0,2,0,0.0,0.2,0.8958333333333334
42,Dumbbell crunch,Strength,Abdominals,Dumbbell,Intermediate,"The dumbbell crunch is a more difficult version of a highly popular abdominal movement. The simple addition of a weight makes the crunch far more difficult, providing a different stimulus to the core during training.",1,0,0,0,0,0,0,0,1,0,0,0,0,0,1,0,2,0,0.7,0.2,0.0
43,Dumbbell Fix Dumbbell Sprawl,Strength,Abdominals,Dumbbell,Intermediate,,1,0,0,0,0,0,0,0,1,0,0,0,0,0,1,0,2,0,0.0,0.2,0.0
44,Dumbbell Fix Alternating Renegade Row,Strength,Abdominals,Dumbbell,Intermediate,,1,0,0,0,0,0,0,0,1,0,0,0,0,0,1,0,2,1,0.7,0.2,0.0
45,Dumbbell Fix Dumbbell Mountain Climber,Strength,Abdominals,Dumbbell,Intermediate,,1,0,0,0,0,0,0,0,1,0,0,0,0,0,1,0,2,0,0.0,0.2,0.0
46,Dumbbell Fix Dumbbell Russian Twist,Strength,Abdominals,Dumbbell,Intermediate,,1,0,0,0,0,0,0,0,1,0,0,0,0,0,1,0,2,0,0.0,0.2,0.0
47,Dumbbell Fix Dumbbell Pull-Over,Strength,Abdominals,Dumbbell,Intermediate,,1,0,0,0,0,0,0,0,1,0,0,0,0,0,1,0,2,0,0.0,0.2,0.0
48,Dumbbell Fix Dumbbell Sit-Up,Strength,Abdominals,Dumbbell,Intermediate,,1,0,0,0,0,0,0,0,1,0,0,0,0,0,1,0,2,0,0.0,0.2,0.0
49,Dumbbell Fix Dumbbell Front Squat,Strength,Abdominals,Dumbbell,Intermediate,,1,0,0,0,0,0,0,0,1,0,0,0,0,0,1,0,2,1,0.0,0.2,0.0
50,Dumbbell Fix Full Man Maker,Strength,Abdominals,Dumbbell,Intermediate,,1,0,0,0,0,0,0,0,1,0,0,0,0,0,1,0,2,0,0.0,0.2,0.0
51,Dumbbell T-hold,Strength,Abdominals,Dumbbell,Intermediate,"The dumbbell T-hold is a static exercise that primarily targets the obliques, although it also works the shoulders and upper back. It involves holding a dumbbell in the air while in a side plank position. It is usually performed for timed holds, although it can be performed dynamically for reps as a plank with dumbbell rotation.",1,0,0,0,0,0,0,0,1,0,0,0,0,0,1,0,2,0,0.0,0.2,0.0
52,Dumbbell hollow-body floor press,Strength,Abdominals,Dumbbell,Intermediate,The dumbbell hollow-body floor press combines upper-body strength and core work in one move.,1,0,0,0,0,0,0,0,1,0,0,0,0,0,1,0,2,0,0.0,0.2,0.0
53,Dumbbell crusher,Strength,Abdominals,Dumbbell,Intermediate,"The dumbbell crusher is a dumbbell complex that combines a squat with a dumbbell curl, followed by a triceps press. It targets the legs, glutes, biceps, shoulders, and triceps in a single sequence, making it a great way to burn serious calories and hit a lot of muscles in a short period of time. The upper-body movements will determine the amount of weight you can effectively use.",1,0,0,0,0,0,0,0,1,0,0,0,0,0,1,0,2,0,0.0,0.2,0.0
54,Dumbbell Crunch - Gethin Variation,Strength,Abdominals,Dumbbell,Intermediate,"The dumbbell crunch is a more difficult version of a highly popular abdominal movement. The simple addition of a weight makes the crunch far more difficult, providing a different stimulus to the core during training.",1,0,0,0,0,0,0,0,1,0,0,0,0,0,1,0,2,0,0.7,0.2,0.0
55,Single-arm dumbbell crunch,Strength,Abdominals,Dumbbell,Intermediate,"The single-arm dumbbell crunch is a more difficult version of a highly popular abdominal movement. Adding a weight to one side makes the crunch far more difficult to your rectus abdominis or ""six-pack"" muscles, as well as the obliques and deep core muscles.",1,0,0,0,0,0,0,0,1,0,0,0,0,0,1,0,2,0,0.7,0.2,0.0
56,HM Alternating Dumbbell Plank Row,Strength,Abdominals,Dumbbell,Intermediate,,1,0,0,0,0,0,0,0,1,0,0,0,0,0,1,0,2,1,0.7,0.2,0.0
57,Dumbbell straight-legged hip raise,Strength,Abdominals,Dumbbell,Intermediate,The dumbbell straight-legged hip raise works the hips and glutes. It requires and teaches body control and coordination.,1,0,0,0,0,0,0,0,1,0,0,0,0,0,1,0,2,0,0.0,0.2,0.0
58,Seated leg tuck with dumbbell,Strength,Abdominals,Dumbbell,Intermediate,The seated leg tuck with dumbbell is an ab exercise requiring only a bench and a dumbbell. It's commonly performed for high reps as a burnout at the end of a core workout.,1,0,0,0,0,0,0,0,1,0,0,0,0,0,1,0,2,0,0.0,0.2,0.0
59,Dumbbell V-sit cross jab-,Strength,Abdominals,Dumbbell,Intermediate,"The dumbbell V-sit cross jab is a hybrid movement that trains the abdominal and shoulder muscles simultaneously. It can address multiple muscle groups in a time-efficient muscle-building or circuit-style workout, while also providing a cardiovascular challenge.",1,0,0,0,0,0,0,0,1,0,0,0,0,0,1,0,2,0,0.0,0.2,0.0
60,30 Hanging Leg Raise With Dumbbell,Strength,Abdominals,Dumbbell,Intermediate,,1,0,0,0,0,0,0,0,1,0,0,0,0,0,1,0,2,0,0.0,0.2,0.0
61,Dumbbell Get-Up Sit-Up,Strength,Abdominals,Dumbbell,Expert,,1,0,0,0,0,0,0,0,1,0,0,0,0,0,1,0,3,0,0.0,0.30000000000000004,0.0
62,Holman Right Side Plank with Left Triceps Press,Strength,Abdominals,Dumbbell,Intermediate,,1,0,0,0,0,0,0,0,1,0,0,0,0,0,1,0,2,0,0.0,0.2,0.0
63,Holman Left Side Plank with Right Triceps Press,Strength,Abdominals,Dumbbell,Intermediate,,1,0,0,0,0,0,0,0,1,0,0,0,0,0,1,0,2,0,0.0,0.2,0.0
64,Holman Boat with Feet Push-Out and Overhead Press,Strength,Abdominals,Dumbbell,Intermediate,,1,0,0,0,0,0,0,0,1,0,0,0,0,0,1,0,2,0,0.0,0.2,0.0
65,Holman Hovering Plank Row,Strength,Abdominals,Dumbbell,Intermediate,,1,0,0,0,0,0,0,0,1,0,0,0,0,0,1,0,2,1,0.7,0.2,0.0
66,Holman Weighted Seated Killer Abs to Russian Twist,Strength,Abdominals,Dumbbell,Intermediate,,1,0,0,0,0,0,0,0,1,0,0,0,0,0,1,0,2,0,0.0,0.2,0.0
67,Holman Straight Plank Dumbbell Reach-Under,Strength,Abdominals,Dumbbell,Intermediate,,1,0,0,0,0,0,0,0,1,0,0,0,0,0,1,0,2,0,0.0,0.2,0.0
68,Holman Straight-Arm Side Plank Overhead Press to Chest Press,Strength,Abdominals,Dumbbell,Intermediate,,1,0,0,0,0,0,0,0,1,0,0,0,0,0,1,0,2,0,0.0,0.2,0.0
69,Holman Weighted Burpee to Pike,Strength,Abdominals,Dumbbell,Intermediate,,1,0,0,0,0,0,0,0,1,0,0,0,0,0,1,0,2,1,0.7,0.2,0.0
70,Holman Straight-Legged Boat Chest Press,Strength,Abdominals,Dumbbell,Intermediate,,1,0,0,0,0,0,0,0,1,0,0,0,0,0,1,0,2,0,0.0,0.2,0.0
71,Holman Weighted Burpee to Side Delt Raise,Strength,Abdominals,Dumbbell,Intermediate,,1,0,0,0,0,0,0,0,1,0,0,0,0,0,1,0,2,1,0.7,0.2,0.0
72,Holman Heavy Double Pike,Strength,Abdominals,Dumbbell,Intermediate,,1,0,0,0,0,0,0,0,1,0,0,0,0,0,1,0,2,0,0.0,0.2,0.0
73,Holman Heavy Double Split Pike,Strength,Abdominals,Dumbbell,Intermediate,,1,0,0,0,0,0,0,0,1,0,0,0,0,0,1,0,2,0,0.0,0.2,0.0
74,MetaBurn Alternating Dumbbell Sit-Through,Strength,Abdominals,Dumbbell,Intermediate,,1,0,0,0,0,0,0,0,1,0,0,0,0,0,1,0,2,0,0.0,0.2,0.0
75,MetaBurn Alternating Plank Row With Dumbbell Pull-Through,Strength,Abdominals,Dumbbell,Intermediate,,1,0,0,0,0,0,0,0,1,0,0,0,0,0,1,0,2,1,0.7,0.2,0.0
76,MetaBurn Alternating Plank Row With Push-Up,Strength,Abdominals,Dumbbell,Intermediate,,1,0,0,0,0,0,0,0,1,0,0,0,0,0,1,0,2,1,0.7,0.2,0.0
77,MetaBurn Dumbbell Russian Twist,Strength,Abdominals,Dumbbell,Intermediate,,1,0,0,0,0,0,0,0,1,0,0,0,0,0,1,0,2,0,0.0,0.2,0.0
78,MetaBurn Dumbbell Toe-Touch,Strength,Abdominals,Dumbbell,Intermediate,,1,0,0,0,0,0,0,0,1,0,0,0,0,0,1,0,2,0,0.0,0.2,0.0
79,MetaBurn Plank To Alternating Row,Strength,Abdominals,Dumbbell,Intermediate,,1,0,0,0,0,0,0,0,1,0,0,0,0,0,1,0,2,1,0.7,0.2,0.0
80,Standing dumbbell knee crunch-,Strength,Abdominals,Dumbbell,Intermediate,"The standing dumbbell knee crunch is a great way to train the abs while standing up. Additionally, the deltoids are worked because the lifter holds a pair of dumbbells overhead throughout.",1,0,0,0,0,0,0,0,1,0,0,0,0,0,1,0,2,0,0.7,0.2,0.0
81,MetaBurn Plank With Dumbbell Rotation,Strength,Abdominals,Dumbbell,Intermediate,,1,0,0,0,0,0,0,0,1,0,0,0,0,0,1,0,2,0,0.0,0.2,0.0
82,FYR2 Dumbbell Crab Reach,Strength,Abdominals,Dumbbell,Intermediate,,1,0,0,0,0,0,0,0,1,0,0,0,0,0,1,0,2,0,0.0,0.2,0.0
83,FYR2 Dumbbell Man-Maker,Strength,Abdominals,Dumbbell,Intermediate,,1,0,0,0,0,0,0,0,1,0,0,0,0,0,1,0,2,0,0.0,0.2,0.0
84,FYR2 Dumbbell Sit-Up Reach,Strength,Abdominals,Dumbbell,Intermediate,,1,0,0,0,0,0,0,0,1,0,0,0,0,0,1,0,2,0,0.0,0.2,0.0
85,FYR2 Loaded Beast Sprawl,Strength,Abdominals,Dumbbell,Intermediate,,1,0,0,0,0,0,0,0,1,0,0,0,0,0,1,0,2,0,0.0,0.2,0.0
86,FYR2 Loaded to Unloaded Beast,Strength,Abdominals,Dumbbell,Intermediate,,1,0,0,0,0,0,0,0,1,0,0,0,0,0,1,0,2,0,0.0,0.2,0.0
87,Lying Leg Pullover,Strength,Abdominals,Dumbbell,Intermediate,,1,0,0,0,0,0,0,0,1,0,0,0,0,0,1,0,2,0,0.0,0.2,0.0
88,Landmine twist,Strength,Abdominals,None,Intermediate,"The landmine twist is a rotational abdominal movement performed using an angled barbell anchored at floor level in a landmine device. It can also be performed by sticking a barbell in the corner of a room, preferably in a towel to protect the walls. It targets the deep muscles of the core, including both the obliques and the transversus abdominis. It can be done fast or slow, for time or reps, either in traditional muscle-focused rep ranges such as 8-12 reps per side or for higher rep ranges.",1,0,0,0,0,0,0,0,1,0,0,1,0,0,0,0,2,0,0.0,0.2,0.9895833333333334
89,Suspended ab fall-out,Strength,Abdominals,None,Intermediate,"The suspended ab fall-out is a dynamic abdominal exercise utilizing a suspension strap system or gymnastic rings. It is similar in form to an ab roller, but can more easily be scaled to be more or less difficult. It targets the muscles of the rectus abdominis or ""six-pack"" muscles, as well as the deep core muscles. It can be trained for low reps for strength or higher reps for muscle definition.",1,0,0,0,0,0,0,0,1,0,0,1,0,0,0,0,2,0,0.0,0.2,0.9687500000000001
90,Decline reverse crunch,Strength,Abdominals,None,Intermediate,"The decline reverse crunch is a popular bodyweight exercise targeting the abdominal muscles, particularly the lower abs. It is usually performed for high reps, such as 10-15 reps per set or more, as part of the ab-focused portion of a workout.",1,0,0,0,0,0,0,0,1,0,0,1,0,0,0,0,2,0,0.7,0.2,0.9583333333333333
91,Plate Twist,Strength,Abdominals,None,Beginner,,1,0,0,0,0,0,0,0,1,0,0,1,0,0,0,0,1,0,0.0,0.2,0.9375
92,Weighted Crunches,Strength,Abdominals,None,Intermediate,"The weighted suitcase crunch is a weighted version of a popular abdominal training exercise. The simple addition of a weight makes the suitcase crunch far more difficult, helping build the ""six pack"" muscles and providing a different stimulus to the core during training.",1,0,0,0,0,0,0,0,1,0,0,1,0,0,0,0,2,0,0.7,0.2,0.9270833333333334
93,Ab Roller,Strength,Abdominals,None,Intermediate,"The ab wheel roll-out is an exercise targeting the abdominals, often with an inexpensive wheel device with a handle on either side. Many trainers and strength coaches claim it's one of, if no the best exercise for developing strength in the midsection. Beginners may have to start with a limited range of motion or just wheel planks.",1,0,0,0,0,0,0,0,1,0,0,1,0,0,0,0,2,0,0.0,0.2,0.9270833333333334
94,Otis-Up,Strength,Abdominals,None,Intermediate,"The Otis-up is a weighted exercise focusing on the abdominal muscles, as well as the shoulders to a lesser degree. It primarily targets the rectus abdominus or “six-pack” muscles, but also involves the obliques and deep core muscles. It is normally performed on a decline bench holding a weight plate, but can also be performed with a dumbbell, kettlebell, or other weight.",1,0,0,0,0,0,0,0,1,0,0,1,0,0,0,0,2,0,0.0,0.2,0.9166666666666667
95,Captain's chair knee raise,Strength,Abdominals,None,Intermediate,"The captain's chair knee raise is a bodyweight exercise that targets the abs. It is performed on an apparatus that allows the forearms to rest on pads and the upright torso to hang freely. Knee raises are often performed for moderate to high reps, such as 8-12 reps or more, as part of ab-focused training.",1,0,0,0,0,0,0,0,1,0,0,1,0,0,0,0,2,0,0.0,0.2,0.8958333333333334
96,Sledgehammer swing,Strength,Abdominals,None,Intermediate,The sledgehammer swing is an exercise working the abdominals and numerous other muscles. The sledgehammer is slammed from overhead onto a tire which absorbs the impact and causes the hammer to bounce back up. It can be performed for time or reps as part of a functional fitness or athleticism-focused workout.,1,0,0,0,0,0,0,0,1,0,0,1,0,0,0,0,2,0,0.0,0.2,0.8958333333333334
97,Decline bar press sit-up,Strength,Abdominals,Barbell,Intermediate,"The decline bar press sit-up is a weighted core exercise targeting the abdominal muscles, particularly the lower abs. It also challenges the shoulders and upper back to move the weight. Weighted sit-up variations are usually performed for moderate to high reps, such as 8-12 reps per set or more, as part of the core-focused portion of a workout.",1,0,0,0,0,0,0,0,1,0,0,0,0,1,0,0,2,0,0.0,0.2,0.8854166666666667
98,Pallof press,Strength,Abdominals,None,Intermediate,"The Pallof press is an isometric exercise that trains core stability. It involves resisting rotation from a cable or band, developing what is sometimes called ""anti-rotation"" core strength. It is most often seen in programs for athletes who compete in sports that test strength, power, and functional movements. It can be trained in timed holds or for reps by pressing the cable or band away from the body.",1,0,0,0,0,0,0,0,1,0,0,1,0,0,0,0,2,0,0.0,0.2,0.8750000000000001
99,Weighted Sit-Ups - With Bands,Strength,Abdominals,None,Intermediate,"The weighted sit-up is a more difficult version of a highly popular abdominal movement. The simple addition of a weight makes the sit-up far more difficult, providing a different stimulus to the core during training and helping build strong abs.",1,0,0,0,0,0,0,0,1,0,0,1,0,0,0,0,2,0,0.0,0.2,0.8333333333333334
100,Suitcase crunch,Strength,Abdominals,None,Intermediate,"The suitcase crunch is a bodyweight movement that targets the muscles of the abs, the rectus abdominis or ""six-pack"" muscles in particular. It is similar to a V-up, but the lower back stays flat against the ground. It can be performed for time or reps in the ab-focused portion of any workout.",1,0,0,0,0,0,0,0,1,0,0,1,0,0,0,0,2,0,0.7,0.2,0.0
101,FYR Rope Jumping,Strength,Abdominals,None,Intermediate,"Jumping rope is classic conditioning exercise that is popular with everyone from children to boxers to CrossFit athletes. It targets many different muscles, including the calves, glutes, shoulders, and upper back, and is great for everything from fat loss to improving overall athletic performance.",1,0,0,0,0,0,0,0,1,0,0,1,0,0,0,0,2,0,0.7,0.2,0.0
102,Barbell press sit-up,Strength,Abdominals,None,Intermediate,"The barbell press sit-up is a weighted exercise focusing on the abdominal muscles, as well as the shoulders to a lesser degree. It primarily targets the rectus abdominis or ""six-pack"" muscles, but also involves the obliques and deep core muscles. It can be performed on the floor with the feet anchored or unanchored, or on a decline or other bench. It is similar to the Otis-up, which is performed with a weight plate.",1,0,0,0,0,0,0,0,1,0,0,1,0,0,0,0,2,0,0.0,0.2,0.0
103,Single-arm bent-over rear delt fly,Strength,Abdominals,None,Intermediate,"The single-arm bent-over rear delt fly is a popular upper-body exercise that targets the muscles on the back of the shoulder joint, specifically the rear head of the deltoid. Since pressing movements build the front and (to a lesser degree) side deltoid heads, this move is often done to promote balanced shoulder development. It is usually performed for high reps, such as 10-15 reps per set or more, as part of a shoulder or upper-body workout.",1,0,0,0,0,0,0,0,1,0,0,1,0,0,0,0,2,0,0.0,0.2,0.0
104,Captain's chair leg raise,Strength,Abdominals,None,Intermediate,"The captain's chair leg raise is a bodyweight exercise that targets the abs. It is performed on an apparatus that allows the forearms to rest on pads and the upright torso to hang freely. Leg raise variations are often performed for moderate to high reps, such as 8-12 reps or more, as part of ab-focused training.",1,0,0,0,0,0,0,0,1,0,0,1,0,0,0,0,2,0,0.0,0.2,0.0
105,Shoulder-Elevated One-Leg Hip Thrusts,Strength,Abdominals,None,Intermediate,,1,0,0,0,0,0,0,0,1,0,0,1,0,0,0,0,2,0,0.0,0.2,0.0
106,Ab Twist - Gethin Variation,Strength,Abdominals,None,Intermediate,"The cross-body sit-up is a bodyweight exercise targeting the ab muscles, the obliques and rectus abdominis or ""six-pack"" muscles in particular. It involves bringing the opposite-side knee and elbow together, usually alternating sides with each rep. It can be performed for time or reps as part of the ab-focused portion of any workout.",1,0,0,0,0,0,0,0,1,0,0,1,0,0,0,0,2,0,0.0,0.2,0.0
107,Weighted Crunch - Gethin Variation,Strength,Abdominals,None,Intermediate,"The weighted sit-up is a more difficult version of a highly popular abdominal movement. The simple addition of a weight makes the sit-up far more difficult, providing a different stimulus to the core during training and helping build strong abs.",1,0,0,0,0,0,0,0,1,0,0,1,0,0,0,0,2,0,0.7,0.2,0.0
108,Ab Wheel Roll-Out - Gethin Variation,Strength,Abdominals,None,Intermediate,"The ab wheel roll-out is an exercise targeting the abdominals, often with an inexpensive wheel device with a handle on either side. Many trainers and strength coaches claim it's one of, if no the best exercise for developing strength in the midsection. Beginners may have to start with a limited range of motion or just wheel planks.",1,0,0,0,0,0,0,0,1,0,0,1,0,0,0,0,2,0,0.0,0.2,0.0
109,Bench crunch,Strength,Abdominals,None,Intermediate,"The bench crunch is a popular ab exercise performed lying on a bench. It is largely similar to the same exercise performed on the floor, but being able to press the lower back into the bench pad can help reinforce proper form and increase the burn in the abs. Like most crunch variations, it is usually performed for moderate to high reps, such as 8-12 reps per set or more.",1,0,0,0,0,0,0,0,1,0,0,1,0,0,0,0,2,0,0.7,0.2,0.0
110,Decline plate sit-up twist,Strength,Abdominals,None,Intermediate,"The decline plate sit-up twist is a weighted core exercise that works the obliques and rectus abdominis or ""six pack"" muscles, as well as the deep core muscles. Weighted sit-up variations are usually performed for moderate to high reps, such as 8-12 reps per set or more, as part of the core-focused portion of a workout.",1,0,0,0,0,0,0,0,1,0,0,1,0,0,0,0,2,0,0.0,0.2,0.0
111,Reverse ab roll-out,Strength,Abdominals,None,Intermediate,"The reverse ab roll-out is an exercise targeting the abdominals. It's a twist on the ab wheel roll-out, and is similar to a body saw exercise, only performed on a foam roller. Instead of your arms moving and your lower body remaining stationary, your lower body moves and your arms remain stationary. Beginners may need to use a limited range of motion.",1,0,0,0,0,0,0,0,1,0,0,1,0,0,0,0,2,0,0.0,0.2,0.0
112,30 Seated Twist With PVC Pipe,Strength,Abdominals,None,Intermediate,The seated bar twist is a core exercise aiming to strengthen the obliques.,1,0,0,0,0,0,0,0,1,0,0,1,0,0,0,0,2,0,0.0,0.2,0.0
113,Suspended crunch-,Strength,Abdominals,None,Intermediate,"The suspended crunch is an abdominal exercise performed with the feet in the stirrups of a suspension strap system. It targets the muscles of the core, most prominently the rectus abdominis or ""six-pack"" muscles, but also taxes the shoulders and deep core muscles.",1,0,0,0,0,0,0,0,1,0,0,1,0,0,0,0,2,0,0.7,0.2,0.0
114,Suspended oblique crunch,Strength,Abdominals,None,Intermediate,"The suspended oblique crunch is an abdominal exercise performed with the feet in the stirrups of a suspension strap system. It targets the muscles of the core, most prominently the obliques, but also the rectus abdominis or ""six-pack"" muscles, the shoulders, and deep core muscles.",1,0,0,0,0,0,0,0,1,0,0,1,0,0,0,0,2,0,0.7,0.2,0.0
115,Weighted sit-up,Strength,Abdominals,None,Intermediate,"The weighted sit-up is a more difficult version of a highly popular abdominal movement. The simple addition of a weight makes the sit-up far more difficult, providing a different stimulus to the core during training and helping build strong abs.",1,0,0,0,0,0,0,0,1,0,0,1,0,0,0,0,2,0,0.0,0.2,0.0
116,30 Decline Press Sit-Up,Strength,Abdominals,None,Intermediate,The decline bar press sit-up is a core and upper body exercise targeting the lower abdominals and shoulders.,1,0,0,0,0,0,0,0,1,0,0,1,0,0,0,0,2,0,0.0,0.2,0.0
117,Holman Towel Reverse Plank Alternating Heel Pull-in,Strength,Abdominals,None,Intermediate,,1,0,0,0,0,0,0,0,1,0,0,1,0,0,0,0,2,0,0.0,0.2,0.0
118,Holman Boat with Weighted Cross Punch,Strength,Abdominals,None,Intermediate,,1,0,0,0,0,0,0,0,1,0,0,1,0,0,0,0,2,0,0.0,0.2,0.0
119,Holman Weighted Hook Punch,Strength,Abdominals,None,Intermediate,,1,0,0,0,0,0,0,0,1,0,0,1,0,0,0,0,2,0,0.0,0.2,0.0
120,Holman Weighted Traveling Punch,Strength,Abdominals,None,Intermediate,,1,0,0,0,0,0,0,0,1,0,0,1,0,0,0,0,2,0,0.0,0.2,0.0
121,Holman Weighted Uppercut Punch,Strength,Abdominals,None,Intermediate,,1,0,0,0,0,0,0,0,1,0,0,1,0,0,0,0,2,0,0.0,0.2,0.0
122,Holman Slow Weighted Double Pike,Strength,Abdominals,None,Intermediate,,1,0,0,0,0,0,0,0,1,0,0,1,0,0,0,0,2,0,0.0,0.2,0.0
123,Holman Plate Straight Plank Reach,Strength,Abdominals,None,Intermediate,,1,0,0,0,0,0,0,0,1,0,0,1,0,0,0,0,2,0,0.0,0.2,0.0
124,Holman Plate Elbow Plank Jack to Straight Plank Jack,Strength,Abdominals,None,Intermediate,,1,0,0,0,0,0,0,0,1,0,0,1,0,0,0,0,2,0,0.0,0.2,0.0
125,Holman Plate Hill Climber,Strength,Abdominals,None,Intermediate,,1,0,0,0,0,0,0,0,1,0,0,1,0,0,0,0,2,0,0.0,0.2,0.0
126,Holman Plate Reverse Plank Hill Climber,Strength,Abdominals,None,Intermediate,,1,0,0,0,0,0,0,0,1,0,0,1,0,0,0,0,2,0,0.0,0.2,0.0
127,Holman Plate Straight Plank Pike to Jack,Strength,Abdominals,None,Intermediate,,1,0,0,0,0,0,0,0,1,0,0,1,0,0,0,0,2,0,0.0,0.2,0.0
128,Holman Plate In-and-Out Push-Up,Strength,Abdominals,None,Intermediate,,1,0,0,0,0,0,0,0,1,0,0,1,0,0,0,0,2,1,0.0,0.2,0.0
129,Holman Plate Burpee,Strength,Abdominals,None,Intermediate,,1,0,0,0,0,0,0,0,1,0,0,1,0,0,0,0,2,1,0.7,0.2,0.0
130,Holman Plate Elbow Plank Reach,Strength,Abdominals,None,Intermediate,,1,0,0,0,0,0,0,0,1,0,0,1,0,0,0,0,2,0,0.0,0.2,0.0
131,Holman Elbow Plank to Renegade Row,Strength,Abdominals,None,Intermediate,,1,0,0,0,0,0,0,0,1,0,0,1,0,0,0,0,2,1,0.7,0.2,0.0
132,Holman Straight Plank Weighted Hand Hill Climber,Strength,Abdominals,None,Intermediate,,1,0,0,0,0,0,0,0,1,0,0,1,0,0,0,0,2,0,0.0,0.2,0.0
133,Holman Weighted Left Side Diagonal Pike,Strength,Abdominals,None,Intermediate,,1,0,0,0,0,0,0,0,1,0,0,1,0,0,0,0,2,0,0.0,0.2,0.0
134,Holman Weighted Right Side Diagonal Pike,Strength,Abdominals,None,Intermediate,,1,0,0,0,0,0,0,0,1,0,0,1,0,0,0,0,2,0,0.0,0.2,0.0
135,Holman Weighted W-Boat to Overhead Press,Strength,Abdominals,None,Intermediate,,1,0,0,0,0,0,0,0,1,0,0,1,0,0,0,0,2,0,0.0,0.2,0.0
136,Holman Weighted Kneeling Lift,Strength,Abdominals,None,Intermediate,,1,0,0,0,0,0,0,0,1,0,0,1,0,0,0,0,2,0,0.0,0.2,0.0
137,Holman Hips-Up Weighted Pull-Over,Strength,Abdominals,None,Intermediate,,1,0,0,0,0,0,0,0,1,0,0,1,0,0,0,0,2,0,0.0,0.2,0.0
138,Holman Weighted Cross Punch,Strength,Abdominals,None,Intermediate,,1,0,0,0,0,0,0,0,1,0,0,1,0,0,0,0,2,0,0.0,0.2,0.0
139,Holman Straight-Leg Boat Hover Chest Press,Strength,Abdominals,None,Intermediate,,1,0,0,0,0,0,0,0,1,0,0,1,0,0,0,0,2,0,0.0,0.2,0.0
140,Holman Weighted Pike,Strength,Abdominals,None,Intermediate,,1,0,0,0,0,0,0,0,1,0,0,1,0,0,0,0,2,0,0.0,0.2,0.0
141,Holman Feet-Elevated Wax-On Wax-Off,Strength,Abdominals,None,Intermediate,,1,0,0,0,0,0,0,0,1,0,0,1,0,0,0,0,2,0,0.0,0.2,0.0
142,Holman Elbow Plank to Towel Pike,Strength,Abdominals,None,Intermediate,,1,0,0,0,0,0,0,0,1,0,0,1,0,0,0,0,2,0,0.0,0.2,0.0
143,Holman Seated Killer Abs Overhead Press,Strength,Abdominals,None,Intermediate,,1,0,0,0,0,0,0,0,1,0,0,1,0,0,0,0,2,0,0.0,0.2,0.0
144,Holman Straight Plank Alternating Weighted Open,Strength,Abdominals,None,Intermediate,,1,0,0,0,0,0,0,0,1,0,0,1,0,0,0,0,2,0,0.0,0.2,0.0
145,Holman Weighted Killer Abs with Overhead Press,Strength,Abdominals,None,Intermediate,,1,0,0,0,0,0,0,0,1,0,0,1,0,0,0,0,2,0,0.0,0.2,0.0
146,Holman Weighted Split-Leg Pike,Strength,Abdominals,None,Intermediate,,1,0,0,0,0,0,0,0,1,0,0,1,0,0,0,0,2,0,0.0,0.2,0.0
147,Holman Towel Reverse Plank Heel Pull-in,Strength,Abdominals,None,Intermediate,,1,0,0,0,0,0,0,0,1,0,0,1,0,0,0,0,2,0,0.0,0.2,0.0
148,Stick Twist,Strength,Abdominals,None,Intermediate,,1,0,0,0,0,0,0,0,1,0,0,1,0,0,0,0,2,0,0.0,0.2,0.0
149,Roc Everest,Cardio,Abdominals,None,Intermediate,,0,1,0,0,0,0,0,0,1,0,0,1,0,0,0,0,2,0,0.7,0.2,0.0
150,Standing cable low-to-high twist,Strength,Abdominals,Machine,Intermediate,"The standing cable low-to-high twist is a core exercise targeting the upper abdominals and the obliques. Take care to perform it with control, as opposed to violent twisting which can injure the back. It is usually performed for moderate to high reps, at least 8-15 per side, as part of the core-focused portion of a workout.",1,0,0,0,0,0,0,0,1,0,0,0,0,0,0,1,2,0,0.0,0.2,0.9687500000000001
151,Single-arm high-cable side bend,Strength,Abdominals,Machine,Intermediate,The single-arm high-cable side bend is an exercise targeting the obliques using a cable stack machine.,1,0,0,0,0,0,0,0,1,0,0,0,0,0,0,1,2,0,0.0,0.2,0.9479166666666666
152,Kneeling cable oblique crunch,Strength,Abdominals,Machine,Intermediate,"The kneeling cable oblique crunch is a popular core isolation exercise using a rope attachment and cable stack while kneeling on the floor. It primarily targets the obliques and rectus abdominis or ""six-pack"" muscles, but also strengthens the deep core muscles. It is most commonly performed for moderate to high reps, such as 8-12 reps per set or higher.",1,0,0,0,0,0,0,0,1,0,0,0,0,0,0,1,2,0,0.7,0.2,0.9375
153,Kneeling cable crunch,Strength,Abdominals,Machine,Intermediate,"The kneeling cable crunch is a popular core isolation exercise using a rope attachment and cable stack while kneeling on the floor. It primarily targets the rectus abdominis or ""six-pack"" muscles, but also strengthens the deep core muscles. It is most commonly performed early in an ab workout, usually in moderate to high reps, such as 8-12 reps per set or higher.",1,0,0,0,0,0,0,0,1,0,0,0,0,0,0,1,2,0,0.7,0.2,0.9270833333333334
154,Rope Crunch,Strength,Abdominals,Machine,Intermediate,"The kneeling cable crunch is a popular core isolation exercise using a rope attachment and cable stack while kneeling on the floor. It primarily targets the rectus abdominus or ""six-pack"" muscles, but also strengthens the deep core muscles. It is most commonly performed early in an ab workout, usually in moderate to high reps like 8-12 reps per set or higher.",1,0,0,0,0,0,0,0,1,0,0,0,0,0,0,1,2,0,0.7,0.2,0.8958333333333334
155,Standing cable crunch,Strength,Abdominals,Machine,Intermediate,"The standing cable crunch is a popular core isolation exercise using a rope attachment. It primarily targets the rectus abdominis or ""six-pack"" muscles, but also strengthens the deep core muscles. It is most commonly performed early in an ab workout, usually in moderate to high reps, such as 8-12 reps per set or higher.",1,0,0,0,0,0,0,0,1,0,0,0,0,0,0,1,2,0,0.7,0.2,0.8958333333333334
156,Bosu Ball Cable Crunch With Side Bends,Strength,Abdominals,Machine,Beginner,,1,0,0,0,0,0,0,0,1,0,0,0,0,0,0,1,1,0,0.7,0.2,0.8854166666666667
157,Standing Cable Wood Chop,Strength,Abdominals,Machine,Intermediate,The standing cable high-to-low twist is a core exercise targeting the lower abdominals and the obliques.,1,0,0,0,0,0,0,0,1,0,0,0,0,0,0,1,2,0,0.0,0.2,0.8541666666666666
158,Cable reverse crunch,Strength,Abdominals,Machine,Beginner,"The cable reverse crunch is performed on the ground facing away from a high pulley, which helps target the lower abdominals specifically.",1,0,0,0,0,0,0,0,1,0,0,0,0,0,0,1,1,0,0.7,0.2,0.8541666666666666
159,Cable Russian Twists,Strength,Abdominals,Machine,Beginner,,1,0,0,0,0,0,0,0,1,0,0,0,0,0,0,1,1,0,0.0,0.2,0.84375
160,Pallof press with rotation,Strength,Abdominals,Machine,Intermediate,The Pallof press with rotation is a dynamic variation of the Pallof press that incorporates weighted rotation away from the torso using resistance from a cable pulley. It is intended to build abdominal strength and teach proper bracing. It can be performed for time or for reps in the core-focused portion of any workout.,1,0,0,0,0,0,0,0,1,0,0,0,0,0,0,1,2,0,0.0,0.2,0.8229166666666667
161,Cable Seated Crunch,Strength,Abdominals,Machine,Beginner,,1,0,0,0,0,0,0,0,1,0,0,0,0,0,0,1,1,0,0.7,0.2,0.8020833333333334
162,Cable Judo Flip,Strength,Abdominals,Machine,Beginner,,1,0,0,0,0,0,0,0,1,0,0,0,0,0,0,1,1,0,0.0,0.2,0.5208333333333334
163,Exercise Ball Cable Crunch - Gethin Variation,Strength,Abdominals,Machine,Intermediate,"The exercise ball crunch is a popular gym exercise targeting the abdominals. Unlike crunches on the floor or a bench, by using a ball, you can increase the range of motion and both stretch and contract the abs on every rep. The ball crunch can be performed for low reps with a slower tempo, focusing on a hard contraction, or for higher reps.",1,0,0,0,0,0,0,0,1,0,0,0,0,0,0,1,2,0,0.7,0.2,0.0
164,Standing cable high-to-low twist,Strength,Abdominals,Machine,Intermediate,"The standing cable high-to-low twist is a core exercise targeting the lower abdominals and the obliques. Take care to perform it with control, as opposed to violent twisting which can injure the back. It is usually performed for moderate to high reps, at least 8-15 per side, as part of the core-focused portion of a workout.",1,0,0,0,0,0,0,0,1,0,0,0,0,0,0,1,2,0,0.0,0.2,0.0
165,Bent-Over Reverse Cable Fly,Strength,Abdominals,Machine,Intermediate,,1,0,0,0,0,0,0,0,1,0,0,0,0,0,0,1,2,0,0.0,0.2,0.0
166,Standing Cable Crunch - Gethin Variation,Strength,Abdominals,Machine,Intermediate,"The standing cable crunch is a popular core isolation exercise using a rope attachment. It primarily targets the rectus abdominus or ""six-pack"" muscles, but also strengthens the deep core muscles. It is most commonly performed early in an ab workout, usually in moderate to high reps like 8-12 reps per set or higher.",1,0,0,0,0,0,0,0,1,0,0,0,0,0,0,1,2,0,0.7,0.2,0.0
167,AM Cable Crunch,Strength,Abdominals,Machine,Intermediate,"The kneeling cable crunch is a popular core isolation exercise using a rope attachment and cable stack while kneeling on the floor. It primarily targets the rectus abdominus or ""six-pack"" muscles, but also strengthens the deep core muscles. It is most commonly performed early in an ab workout, usually in moderate to high reps like 8-12 reps per set or higher.",1,0,0,0,0,0,0,0,1,0,0,0,0,0,0,1,2,0,0.7,0.2,0.0
168,Tyler Holt Weighted Knee-To-Chest Crunch,Strength,Abdominals,Machine,Intermediate,,1,0,0,0,0,0,0,0,1,0,0,0,0,0,0,1,2,0,0.7,0.2,0.0
169,Standing cable twist,Strength,Abdominals,Machine,Intermediate,"The standing cable twist is a core exercise that targets the abdominals, particularly the obliques. Take care to perform it with control, as opposed to violent twisting which can injure the back. It is usually performed for moderate to high reps, at least 8-15 per side, as part of the core-focused portion of a workout.",1,0,0,0,0,0,0,0,1,0,0,0,0,0,0,1,2,0,0.0,0.2,0.0
170,30 Cable Rope Crunch,Strength,Abdominals,Machine,Intermediate,"The kneeling cable crunch is a popular core isolation exercise using a rope attachment and cable stack while kneeling on the floor. It primarily targets the rectus abdominus or ""six-pack"" muscles, but also strengthens the deep core muscles. It is most commonly performed early in an ab workout, usually in moderate to high reps like 8-12 reps per set or higher.",1,0,0,0,0,0,0,0,1,0,0,0,0,0,0,1,2,0,0.7,0.2,0.0
171,30 Cable Rope Oblique Crunch,Strength,Abdominals,Machine,Intermediate,"The kneeling cable oblique crunch is a popular core isolation exercise using a rope attachment and cable stack while kneeling on the floor. It primarily targets the obliques and rectus abdominus or ""six-pack"" muscles, but also strengthens the deep core muscles. It is most commonly performed for moderate to high reps like 8-12 reps per set or higher.",1,0,0,0,0,0,0,0,1,0,0,0,0,0,0,1,2,0,0.7,0.2,0.0
172,Cable lying twist on ball,Strength,Abdominals,Machine,Intermediate,The cable lying twist on ball is an exercise targeting the core and obliques with the added challenge of stability to keep from losing position on the unstable surface.,1,0,0,0,0,0,0,0,1,0,0,0,0,0,0,1,2,0,0.0,0.2,0.0
173,30 Cable Pallof Press,Strength,Abdominals,Machine,Intermediate,"The pallof press is an anti-rotation, isometric exercise that trains core stability. It is most often seen in programs for athletes who compete in sports that test strength, power, and functional movements.",1,0,0,0,0,0,0,0,1,0,0,0,0,0,0,1,2,0,0.0,0.2,0.0
174,30 Cable Reverse Crunch On Ball,Strength,Abdominals,Machine,Intermediate,"The cable reverse crunch on a BOSU is performed on top of a BOSU ball between two cable pulleys, which helps target the lower abdominals specifically and is more proprioceptively challenging than a cable reverse crunch on the floor.",1,0,0,0,0,0,0,0,1,0,0,0,0,0,0,1,2,0,0.7,0.2,0.0
175,30 Cable Reverse Crunch,Strength,Abdominals,Machine,Intermediate,"The cable reverse crunch is performed on the ground facing away from a high pulley, which helps target the lower abdominals specifically.",1,0,0,0,0,0,0,0,1,0,0,0,0,0,0,1,2,0,0.7,0.2,0.0
176,Tyler Holt Cable Torso Twist,Strength,Abdominals,Machine,Intermediate,,1,0,0,0,0,0,0,0,1,0,0,0,0,0,0,1,2,0,0.0,0.2,0.0
177,Single-Arm Cable Outward-Facing Biceps Curl,Strength,Abdominals,Machine,Intermediate,The single-arm cable outward-facing biceps curl is a cable exercise that targets the biceps. It is performed standing in front of a cable machine facing away from the cable stack to increase the range of motion by fully extending the elbows. This movement is usually performed for moderate to high reps for a burn and pump as part of an arm-focused workout.,1,0,0,0,0,0,0,0,1,0,0,0,0,0,0,1,2,0,0.0,0.2,0.0
178,Biceps Rope Curl,Strength,Abdominals,Machine,Intermediate,,1,0,0,0,0,0,0,0,1,0,0,0,0,0,0,1,2,0,0.0,0.2,0.0
179,Kneeling Cable Crunches,Strength,Abdominals,Machine,Intermediate,,1,0,0,0,0,0,0,0,1,0,0,0,0,0,0,1,2,0,0.7,0.2,0.0
180,Ab Crunch Machine,Strength,Abdominals,Machine,Intermediate,"The machine crunch is a machine-based exercise targeting the abdominal muscles. It involves sitting upright in the machine and curling the torso down toward the chest against some pre-set level of resistance. On some machines, the knees also curl up torward the torso. Crunch machines usually use extra resistance in the form of selectorized weight stacks or plate loading, and are often performed for moderate to high reps, like 8-12 reps per set or higher, as part of the ab-focused portion of a workout.",1,0,0,0,0,0,0,0,1,0,0,0,0,0,0,1,2,0,0.7,0.2,0.8333333333333334
181,Smith machine straight-legged hip raise,Strength,Abdominals,Machine,Intermediate,"The Smith machine straight-legged hip raise is an exercise targeting the abdominal muscles. Because of the potential awkwardness of getting into position, it is usually performed for moderate to high reps, such as 8-12 reps per set or more. If your Smith machine has safety bars, set them at a height that allows you a full range of motion while giving adequate protection from the weight potentially falling.",1,0,0,0,0,0,0,0,1,0,0,0,0,0,0,1,2,0,0.0,0.2,0.8333333333333334
182,Machine crunch,Strength,Abdominals,Machine,Intermediate,"The machine crunch is a machine-based exercise targeting the abdominal muscles. It involves sitting upright in the machine and curling the torso down against a pre-set level of resistance. On some machines, the knees also curl up toward the torso. Crunch machines usually use extra resistance in the form of selectorized weight stacks or plate loading, and are often performed for moderate to high reps, such as 8-12 reps per set or more, as part of the ab-focused portion of a workout.",1,0,0,0,0,0,0,0,1,0,0,0,0,0,0,1,2,0,0.7,0.2,0.0
183,AM Ab Machine,Strength,Abdominals,Machine,Intermediate,,1,0,0,0,0,0,0,0,1,0,0,0,0,0,0,1,2,0,0.0,0.2,0.0
184,Smith machine V-up,Strength,Abdominals,Machine,Intermediate,The smith machine V-up is a weighted abdominal exercise that involves pressing a weighted bar upward while performing a V-up. Performing it in a Smith machine eliminates the balance challenge of a free weight. It is usually performed for moderate to high reps in the ab-focused portion of a workout.,1,0,0,0,0,0,0,0,1,0,0,0,0,0,0,1,2,0,0.0,0.2,0.0
185,Elbow plank,Strength,Abdominals,None,Intermediate,"The elbow plank is a popular isometric abdominal exercise. It is common in all types of exercise programs, as well as in group fitness and yoga classes. It targets the muscles of the core, the deep core or transversus abdominis in particular. It is also often prescribed for time to help back pain or to teach proper bracing.",1,0,0,0,0,0,0,0,1,0,0,1,0,0,0,0,2,0,0.0,0.2,0.9687500000000001
186,Bottoms Up,Strength,Abdominals,None,Intermediate,"The lying leg lift is a popular bodyweight exercise targeting the muscles of the abs, the rectus abdominis or “six-pack” muscles in particular. It can be performed for time or reps in the core-focused portion of any workout.",1,0,0,0,0,0,0,0,1,0,0,1,0,0,0,0,2,0,0.0,0.2,0.9687500000000001
187,Spider crawl,Strength,Abdominals,None,Intermediate,"The spider crawl is a bodyweight exercise that involves crawling on the floor with the knees outside of the elbows. It is different from a leopard crawl in that the hips are higher, and it's different from a bear crawl because the knees are wider. It can be done as a full-body warm-up, in short bursts for power or circuit training, or for longer durations as cardiovascular conditioning.",1,0,0,0,0,0,0,0,1,0,0,1,0,0,0,0,2,0,0.0,0.2,0.9583333333333333
188,Cocoons,Strength,Abdominals,None,Intermediate,"The cocoon crunch is a bodyweight exercise targeting the ab muscles, the rectus abdominis or ""six-pack"" muscles in particular. It involves bringing your knees to your chest and your arms from overhead to center. It can be performed for time or reps as part of the ab-focused portion of any workout.",1,0,0,0,0,0,0,0,1,0,0,1,0,0,0,0,2,0,0.0,0.2,0.9479166666666666
189,Cross-Body Crunch,Strength,Abdominals,None,Intermediate,"The elbow-to-knee crunch is a bodyweight exercise targeting the ab muscles, the obliques and rectus abdominis or ""six-pack"" muscles in particular. It can be performed for time or reps as part of the ab-focused portion of any workout.",1,0,0,0,0,0,0,0,1,0,0,1,0,0,0,0,2,0,0.7,0.2,0.9479166666666666
190,Elbow-to-knee crunch,Strength,Abdominals,None,Intermediate,"The elbow-to-knee crunch is a bodyweight exercise targeting the ab muscles, the obliques and rectus abdominis or ""six-pack"" muscles in particular. It can be performed for time or reps as part of the ab-focused portion of any workout.",1,0,0,0,0,0,0,0,1,0,0,1,0,0,0,0,2,0,0.7,0.2,0.9479166666666666
191,Decline Crunch,Strength,Abdominals,None,Intermediate,The decline crunch is an effective core exercise targeting the rectus abdominis.,1,0,0,0,0,0,0,0,1,0,0,1,0,0,0,0,2,0,0.7,0.2,0.9375
192,Hanging toes-to-bar,Strength,Abdominals,None,Intermediate,"The hanging toes-to-bar is an advanced abdominal exercise in which the lifter touches their feet to a pull-up bar. There are many ways to perform this movement (strict or swinging, arms completely straight or slightly bent, legs straight or bent) each providing unique benefits and challenges. Initially, it may be a difficult move to do for a single rep, but once you build the requisite core, lat, and shoulder strength, it can be performed for higher reps.",1,0,0,0,0,0,0,0,1,0,0,1,0,0,0,0,2,0,0.0,0.2,0.9375
193,Hanging Oblique Knee Raise,Strength,Abdominals,None,Intermediate,"The hanging oblique crunch an abdominal exercise that targets both the rectus abdominus or “six-pack” muscles, and the oblique muscles. It can be performed hanging from a bar, or if grip strength is a limitation, by placing the elbows in ab straps. If hanging from a straight bar is uncomfortable to the wrists or shoulder, you can also perform them hanging with a neutral grip (palms facing one another)",1,0,0,0,0,0,0,0,1,0,0,1,0,0,0,0,2,0,0.0,0.2,0.9375
194,Gorilla Chin/Crunch,Strength,Abdominals,None,Beginner,,1,0,0,0,0,0,0,0,1,0,0,1,0,0,0,0,1,0,0.7,0.2,0.9375
195,Hanging leg raise,Strength,Abdominals,None,Intermediate,"The hanging leg raise is an exercise targeting the abs, but which also works the lats and hip flexors. Instead of resting your forearms on the pads of a captain's chair, you perform these hanging from a bar. Experienced lifters make these look easy, but beginners may need time to build up to sets of 8-12 reps.",1,0,0,0,0,0,0,0,1,0,0,1,0,0,0,0,2,0,0.0,0.2,0.9270833333333334
196,Mountain climber,Strength,Abdominals,None,Intermediate,"The mountain climber is a popular bodyweight exercise targeting the muscles of the core, as well as the shoulders, hips, and cardiovascular system. It involves lifting one knee to the chest at a time from a straight-arm plank position. It can be performed for time or reps as part of a dynamic warm-up, for bodyweight cardio or conditioning, or as no-equipment dynamic core training.",1,0,0,0,0,0,0,0,1,0,0,1,0,0,0,0,2,0,0.0,0.2,0.9166666666666667
197,Ab bicycle,Strength,Abdominals,None,Intermediate,"The ab bicycle is a bodyweight movement that targets the muscles of the abs, the obliques and rectus abdominis or ""six-pack"" muscles in particular. It can be performed for time or reps in the ab-focused portion of any workout.",1,0,0,0,0,0,0,0,1,0,0,1,0,0,0,0,2,0,0.7,0.2,0.9166666666666667
198,3/4 sit-up,Strength,Abdominals,None,Intermediate,"The 3/4 sit-up is a bodyweight exercise focused on the muscles of the core. It is similar to a sit-up, but stops short of the top position. This keeps constant tension on the abs, making it more difficult than traditional sit-ups. It can be performed for time or for reps, with the feet anchored or free, as part of the ab-focused portion of any workout.",1,0,0,0,0,0,0,0,1,0,0,1,0,0,0,0,2,0,0.0,0.2,0.9166666666666667
199,Reverse crunch,Strength,Abdominals,None,Intermediate,"The reverse crunch is a popular exercise targeting the abdominals, particularly the lower half. It’s easy to perform on either the floor or a flat bench. Many lifters think of this as a companion to the crunch, which targets the upper abdominals more than the lower.",1,0,0,0,0,0,0,0,1,0,0,1,0,0,0,0,2,0,0.7,0.2,0.9166666666666667
200,Crunches,Strength,Abdominals,None,Intermediate,"The crunch is a popular core exercise targeting the rectus abdominis, or ""six-pack"" muscles, as well as the obliques. It has been the centerpiece of many ab-focused workouts, due to both its simplicity and the intense burn and mind-muscle connection it produces. It can be performed for time or reps as part of the ab-focused portion of any workout.",1,0,0,0,0,0,0,0,1,0,0,1,0,0,0,0,2,0,0.7,0.2,0.90625
201,Dead bug reach,Strength,Abdominals,None,Intermediate,"The dead bug reach is an exercise for strengthening the core in which you alternate lowering your opposing arm and leg simultaneously, controlling the movement with the abdominal muscles. It can be part of a dynamic warm-up to activate the core for other athletics or lifting, or be performed in a circuit or on its own in the ab-focused portion of any workout.",1,0,0,0,0,0,0,0,1,0,0,1,0,0,0,0,2,0,0.0,0.2,0.8958333333333334
202,Crunch - Hands Overhead,Strength,Abdominals,None,Beginner,,1,0,0,0,0,0,0,0,1,0,0,1,0,0,0,0,1,0,0.7,0.2,0.8958333333333334
203,V-up,Strength,Abdominals,None,Intermediate,"The V-up is a bodyweight movement that targets the muscles of the abs, the rectus abdominis or ""six-pack"" muscles in particular. It is similar to a suitcase crunch, but the lower back lifts off the ground at the top of each rep. It can be performed for time or reps in the ab-focused portion of any workout.",1,0,0,0,0,0,0,0,1,0,0,1,0,0,0,0,2,0,0.0,0.2,0.8854166666666667
204,Stomach Vacuum,Flexibility,Abdominals,None,Beginner,,0,0,1,0,0,0,0,0,1,0,0,1,0,0,0,0,1,0,0.0,0.2,0.8854166666666667
205,Russian twist,Strength,Abdominals,None,Intermediate,"The Russian twist is an exercise targeting the abdominals and the obliques. Beginning from a position that resembles stopping midway through a sit-up, it involves twisting side to side. It can be performed with body weight alone or while holding a weight plate or other object. It is performed by alternating sides with each rep and can be done for time or for a specific number of reps as part of the ab-focused portion of any workout.",1,0,0,0,0,0,0,0,1,0,0,1,0,0,0,0,2,0,0.0,0.2,0.8750000000000001
206,Flat Bench Lying Leg Raise,Strength,Abdominals,None,Intermediate,"The lying leg lift is a popular bodyweight exercise targeting the muscles of the abs, the rectus abdominis or “six-pack” muscles in particular. It can be performed for time or reps in the core-focused portion of any workout.",1,0,0,0,0,0,0,0,1,0,0,1,0,0,0,0,2,0,0.0,0.2,0.8750000000000001
207,Knees tucked crunch,Strength,Abdominals,None,Intermediate,"The knees tucked crunch is a core exercise that involves performing a crunch while keeping the knees bent in a 90-degree position. It primarily targets the rectus abdominis or ""six-pack"" muscles. It can be performed for time or reps as part of any abs-focused circuit or workout.",1,0,0,0,0,0,0,0,1,0,0,1,0,0,0,0,2,0,0.7,0.2,0.8750000000000001
208,Butt-Ups,Strength,Abdominals,None,Beginner,,1,0,0,0,0,0,0,0,1,0,0,1,0,0,0,0,1,0,0.0,0.2,0.8645833333333335
209,Feet-elevated oblique crunch,Strength,Abdominals,None,Intermediate,"The feet-elevated oblique crunch is a variation on the crunch exercise that targets the obliques as well as the rectus abdominis or ""six-pack"" muscles. Resting the feet on a bench takes some of the hip flexor activation out of the movement, focusing the stress more on the abs.",1,0,0,0,0,0,0,0,1,0,0,1,0,0,0,0,2,0,0.7,0.2,0.8645833333333335
210,Bent-knee reverse crunch,Strength,Abdominals,None,Intermediate,"The bent-knee reverse crunch is a popular bodyweight core exercise. It targets the lower portion of the rectus abdominis or ""six-pack"" muscles. It can be performed for time or reps as part of any ab-focused workout.",1,0,0,0,0,0,0,0,1,0,0,1,0,0,0,0,2,0,0.7,0.2,0.84375
211,Alternating heel-touch,Strength,Abdominals,None,Intermediate,"The alternating heel-touch is a popular bodyweight exercise that targets the obliques, as well as the rectus abdominis, or ""six-pack"" muscles. It can be performed for time or reps as part of any abs-focused circuit or workout.",1,0,0,0,0,0,0,0,1,0,0,1,0,0,0,0,2,0,0.0,0.2,0.8333333333333334
212,Suspended Reverse Crunch,Strength,Abdominals,None,Intermediate,,1,0,0,0,0,0,0,0,1,0,0,1,0,0,0,0,2,0,0.7,0.2,0.8125
213,Lying bench reverse crunch,Strength,Abdominals,None,Intermediate,"The lying bench reverse crunch is a popular ab exercise performed by bringing the knees toward the chest while lying on a bench. It is largely similar to the same exercise performed on the floor, but being able to press the lower back into the bench pad can help reinforce proper form and increase the burn in the abs. Like most crunch variations, it is usually performed for moderate to high reps, such as 8-12 reps per set or more.",1,0,0,0,0,0,0,0,1,0,0,1,0,0,0,0,2,0,0.7,0.2,0.8020833333333334
214,Sit-up,Strength,Abdominals,None,Intermediate,"The sit-up is a popular bodyweight exercise focused on the abdominal muscles. It has also been used as part of military, tactical, and scholastic fitness tests for many years. It can be performed for time or reps, with the feet anchored or free, on flat ground or a bench.",1,0,0,0,0,0,0,0,1,0,0,1,0,0,0,0,2,0,0.0,0.2,0.78125
215,Side Bridge,Strength,Abdominals,None,Intermediate,"The side plank is a popular isometric abdominal exercise focusing on the oblique muscles, as well as the transversus abdominis or deep core muscles. It is sometimes paired with the curl up and bird dog as the “McGill big three” for core strength and stability. It is performed for time and can work in a warm-up or in the core-focused portion of any workout.",1,0,0,0,0,0,0,0,1,0,0,1,0,0,0,0,2,0,0.0,0.2,0.78125
216,Lying oblique crunch,Strength,Abdominals,None,Intermediate,The lying oblique crunch is a bodyweight exercise targeting the oblique muscles. It can be performed for a specific number of reps or to fatigue or failure as part of the ab-focused portion of any workout.,1,0,0,0,0,0,0,0,1,0,0,1,0,0,0,0,2,0,0.7,0.2,0.7708333333333334
217,Janda Sit-Up,Strength,Abdominals,None,Beginner,,1,0,0,0,0,0,0,0,1,0,0,1,0,0,0,0,1,0,0.0,0.2,0.7708333333333334
218,Leg Pull-In,Strength,Abdominals,None,Beginner,"The reverse crunch is a popular exercise targeting the abdominals, particularly the lower half. It’s easy to perform on either the floor or a flat bench. Many lifters think of this as a companion to the crunch, which targets the upper abdominals more than the lower.",1,0,0,0,0,0,0,0,1,0,0,1,0,0,0,0,1,0,0.0,0.2,0.7708333333333334
219,Side Jackknife,Strength,Abdominals,None,Intermediate,,1,0,0,0,0,0,0,0,1,0,0,1,0,0,0,0,2,0,0.0,0.2,0.7604166666666666
220,Scissor Kick,Flexibility,Abdominals,None,Intermediate,,0,0,1,0,0,0,0,0,1,0,0,1,0,0,0,0,2,0,0.0,0.2,0.7291666666666667
221,Toe Touchers,Flexibility,Abdominals,None,Intermediate,"The toe-touch is a bodyweight movement that targets the muscles of the abs, the rectus abdominis or ""six-pack"" muscles in particular. It can be performed for time or reps in the ab-focused portion of any workout.",0,0,1,0,0,0,0,0,1,0,0,1,0,0,0,0,2,0,0.0,0.2,0.7187500000000001
222,Lower Back Curl,Flexibility,Abdominals,None,Intermediate,,0,0,1,0,0,0,0,0,1,0,0,1,0,0,0,0,2,0,0.0,0.2,0.6770833333333334
223,Exercise ball torso rotation,Flexibility,Abdominals,None,Intermediate,"The exercise ball torso rotation is a rotational abdominal exercise performed while holding a yoga or exercise ball between the hands. It focuses on the rotational muscles of the core, including the obliques, glutes, and hip muscles. It can be performed one side at a time or alternating, either for time or reps. To make it more difficult, wrap a light exercise band around the ball and anchor it to a solid object.",0,0,1,0,0,0,0,0,1,0,0,1,0,0,0,0,2,0,0.0,0.2,0.5208333333333334
224,Seated Overhead Stretch,Flexibility,Abdominals,None,Intermediate,,0,0,1,0,0,0,0,0,1,0,0,1,0,0,0,0,2,0,0.0,0.2,0.48958333333333337
225,Overhead Stretch,Flexibility,Abdominals,None,Intermediate,,0,0,1,0,0,0,0,0,1,0,0,1,0,0,0,0,2,0,0.0,0.2,0.40625
226,Seated Scissor Kick,Strength,Abdominals,None,Intermediate,,1,0,0,0,0,0,0,0,1,0,0,1,0,0,0,0,2,0,0.0,0.2,0.0
227,Partner resistance standing twist,Strength,Abdominals,None,Intermediate,"The partner resistance standing twist is a bodyweight exercise in which one partner performs bodyweight twists while the other provides manual resistance. It targets the muscles of the core, and the obliques in particular. It can be performed in the core-focused part of any workout.",1,0,0,0,0,0,0,0,1,0,0,1,0,0,0,0,2,0,0.0,0.2,0.0
228,Cross Crunch,Strength,Abdominals,None,Beginner,,1,0,0,0,0,0,0,0,1,0,0,1,0,0,0,0,1,0,0.7,0.2,0.0
229,Full Moon,Strength,Abdominals,None,Beginner,,1,0,0,0,0,0,0,0,1,0,0,1,0,0,0,0,1,0,0.0,0.2,0.0
230,Hanging knee raise with manual resistance,Strength,Abdominals,None,Beginner,"The hanging knee raise with manual resistance is a more advanced version of the hanging knee raise that utilizes a partner. The partner applies enough resistance to make the movement more difficult, while still allowing the lifter to perform multiple reps.",1,0,0,0,0,0,0,0,1,0,0,1,0,0,0,0,1,0,0.0,0.2,0.0
231,Straight-Legged Hip Raise,Strength,Abdominals,None,Intermediate,,1,0,0,0,0,0,0,0,1,0,0,1,0,0,0,0,2,0,0.0,0.2,0.0
232,Wall mountain climber,Strength,Abdominals,None,Intermediate,The wall mountain climber is a challenging exercise targeting the shoulders and abdominals. It's most common in bodyweight circuit training because it targets a lot of muscles as well as the cardiovascular system all at once. It can be performed for time or reps.,1,0,0,0,0,0,0,0,1,0,0,1,0,0,0,0,2,0,0.0,0.2,0.0
233,Skin The Cat To Push-Up,Strength,Abdominals,None,Intermediate,,1,0,0,0,0,0,0,0,1,0,0,1,0,0,0,0,2,1,0.0,0.2,0.0
234,Partner lying leg raise with lateral throw down,Strength,Abdominals,None,Beginner,The partner lying leg raise with lateral throw down is a core exercise in which one partner performs a leg raise while the other partner pushes their legs back down at a lateral angle. The partner performing the exercise has to use core strength and stability to keep their legs from falling to the ground.,1,0,0,0,0,0,0,0,1,0,0,1,0,0,0,0,1,1,0.7,0.2,0.0
235,Hanging leg raise with throw down,Strength,Abdominals,None,Beginner,"The hanging leg raise with throw down is a more advanced version of the hanging knee raise that utilizes a partner to make the movement more difficult. The partner pushes down at the top of each rep, forcing the lifter to ""fight back"" with their abs.",1,0,0,0,0,0,0,0,1,0,0,1,0,0,0,0,1,1,0.7,0.2,0.0
236,Partner sit-up with high-five,Strength,Abdominals,None,Beginner,The partner sit-up with high-five is a full-body exercise targeting the core. Partners each perform a sit-up and high-five each other mid rep.,1,0,0,0,0,0,0,0,1,0,0,1,0,0,0,0,1,0,0.0,0.2,0.0
237,Exercise ball knee roll-in,Strength,Abdominals,None,Intermediate,The exercise ball knee roll-in is an abdominal exercise that involves supporting yourself with your hands in a plank or push-up position and drawing the knees in toward the chest. This is a fairly advanced abdominal move requiring a fair amount of core strength.,1,0,0,0,0,0,0,0,1,0,0,1,0,0,0,0,2,0,0.0,0.2,0.0
238,Partner lying leg raise with throw down,Strength,Abdominals,None,Beginner,The partner lying leg raise with throw down is a core exercise in which one partner performs a leg raise while the other partner pushes their legs back down. The partner performing the exercise has to use core strength and stability to keep their legs from falling to the ground.,1,0,0,0,0,0,0,0,1,0,0,1,0,0,0,0,1,1,0.7,0.2,0.0
239,Crab toe-touch,Strength,Abdominals,None,Intermediate,"The crab toe-touch is a full-body exercise targeting the glutes, hamstrings, quads, and core. It is a challenging move that trains balance, core strength, and many muscle groups, making it work well in a time-efficient bodyweight circuit workout.",1,0,0,0,0,0,0,0,1,0,0,1,0,0,0,0,2,0,0.0,0.2,0.0
240,Side kick-through,Strength,Abdominals,None,Intermediate,"The side kick-through is a full-body movement that involves isometric holds and moving the body through different ranges of motion, beginning in a bear crawl position. The difference between a side kick-through and a sit-through is that your butt stays off the ground throughout the entire rep. It is commonly performed in bodyweight circuits and animal-style flows, but can also work for reps on its own or as part of a dynamic warm-up or mobility sequence.",1,0,0,0,0,0,0,0,1,0,0,1,0,0,0,0,2,0,0.0,0.2,0.0
241,Partner target sit-up,Strength,Abdominals,None,Beginner,"The partner target sit-up is a core exercise where one partner performs sit-ups, while the other uses his or her hands to create a target for them to reach for. This increases the challenge of each rep. It can be performed for time or reps in the ab-focused portion of any workout.",1,0,0,0,0,0,0,0,1,0,0,1,0,0,0,0,1,0,0.0,0.2,0.0
242,Suspended Crunch,Strength,Abdominals,None,Beginner,,1,0,0,0,0,0,0,0,1,0,0,1,0,0,0,0,1,0,0.7,0.2,0.0
243,Jump Lunge,Strength,Abdominals,None,Intermediate,"The alternating lunge jump is an explosive bodyweight exercise that targets the lower-body muscles, including the quads, glutes, and hamstrings. It can be performed for time or reps in power training, and is also effective in any fat-loss or athleticism-focused workout.",1,0,0,0,0,0,0,0,1,0,0,1,0,0,0,0,2,0,0.7,0.2,0.0
244,Side plank hip dip,Strength,Abdominals,None,Intermediate,"The side plank hip dip is a dynamic version of the side plank exercise focusing on the oblique muscles, as well as the transversus abdominis or deep core muscles. It can be performed for time or reps and can work in a warm-up or in the core-focused portion of any workout.",1,0,0,0,0,0,0,0,1,0,0,1,0,0,0,0,2,0,0.0,0.2,0.0
245,Elbow plank jack,Strength,Abdominals,None,Intermediate,"The elbow plank jack is an isometric abdominal exercise with a dynamic lower-body component. It targets the muscles of the core, the deep core or transversus abdominis in particular. It can be performed for time or reps in the ab-focused portion of any workout.",1,0,0,0,0,0,0,0,1,0,0,1,0,0,0,0,2,0,0.0,0.2,0.0
246,Exercise ball V-up,Strength,Abdominals,None,Intermediate,"The exercise ball V-up is a popular movement to target the abdominal muscles, particularly the rectus abdominis or ""six-pack"" muscles. It involves passing an exercise ball or yoga ball back and forth between the hands and feet while performing V-ups. It can be performed for reps or time as part of any ab-focused workout or bodyweight circuit.",1,0,0,0,0,0,0,0,1,0,0,1,0,0,0,0,2,0,0.0,0.2,0.0
247,Standing torso twist stretch,Strength,Abdominals,None,Intermediate,"The standing torso twist stretch is a stretching exercise targeting the lats and core, particularly the obliques. It’s great before a workout or any sporting event that involves a lot of twisting of the upper body.",1,0,0,0,0,0,0,0,1,0,0,1,0,0,0,0,2,0,0.0,0.2,0.0
248,Slalom jumps,Strength,Abdominals,None,Intermediate,"The slalom jump is an explosive bodyweight exercise that targets the lower body, including the quads, glutes, and hamstrings. Performed for reps, it also provides a serious cardiovascular challenge. It can be performed for time or reps and is especially effective in a fat-loss or athleticism-focused circuit or workout.",1,0,0,0,0,0,0,0,1,0,0,1,0,0,0,0,2,0,0.7,0.2,0.0
249,Bear crawl,Strength,Abdominals,None,Intermediate,"The bear crawl is a popular bodyweight crawling exercise. While it looks simple, the bear crawl is an intense full-body movement that targets the cardiovascular system as well as a wide range of muscle groups, the shoulders, core, and legs in particular. It can be done as a full-body warm-up, in short bursts for power or circuit training, or for longer durations as cardiovascular conditioning.",1,0,0,0,0,0,0,0,1,0,0,1,0,0,0,0,2,0,0.0,0.2,0.0
250,Crab single-arm reach,Flexibility,Abdominals,None,Intermediate,"The crab single-arm reach is a full-body exercise that requires maintaining a tabletop position while alternating arm raises. It is an excellent movement to include in a dynamic warm-up, a bodyweight circuit, or for muscle activation or mobility anytime.",0,0,1,0,0,0,0,0,1,0,0,1,0,0,0,0,2,0,0.0,0.2,0.0
251,Side lunge cross-body heel-touch,Strength,Abdominals,None,Intermediate,"The side lunge cross-body heel-touch is a lower-body exercise targeting the quads, glutes, and hamstrings. The heel-touch adds a slight rotational challenge.",1,0,0,0,0,0,0,0,1,0,0,1,0,0,0,0,2,0,0.0,0.2,0.0
252,Alligator Crawl,Strength,Abdominals,None,Intermediate,"The spider crawl is a bodyweight exercise that involves crawling on the floor with the knees outside of the elbows. It is different from a leopard crawl in that the hips are higher, and it's different from a bear crawl because the knees are wider. It can be done as a full-body warm-up, in short bursts for power or circuit training, or for longer durations as cardiovascular conditioning.",1,0,0,0,0,0,0,0,1,0,0,1,0,0,0,0,2,0,0.0,0.2,0.0
253,Lying cross-over lower back stretch,Strength,Abdominals,None,Intermediate,"The lying cross-over lower back stretch is a simple bodyweight stretch targeting the lower back, hips, and torso. It involves rotating the legs while lying flat on the back. It is commonly included in dynamic warm-ups, but can also be performed as full-body mobility work anytime.",1,0,0,0,0,0,0,0,1,0,0,1,0,0,0,0,2,0,0.0,0.2,0.0
254,Half bird dog,Flexibility,Abdominals,None,Intermediate,"The half bird dog is a core exercise designed to strengthen the posterior chain. In the half bird dog, you will raise one arm or one leg at a time, rather than both at once as you would for a regular bird dog.",0,0,1,0,0,0,0,0,1,0,0,1,0,0,0,0,2,0,0.0,0.2,0.0
255,Shoulder tap,Strength,Abdominals,None,Intermediate,"The shoulder tap is an exercise targeting the abdominals and core. The basic stance matches the top of a push-up position. From there, one hand is raised to tap its opposing shoulder. A tap with each hand to each opposing shoulder equals one rep.",1,0,0,0,0,0,0,0,1,0,0,1,0,0,0,0,2,0,0.0,0.2,0.0
256,Double crunch,Strength,Abdominals,None,Intermediate,"The double crunch is a bodyweight exercise focused on the muscles of the core, the rectus abdominis or ""six-pack"" muscles in particular. It's a very simple exercise that involves ""crunching"" the knees and elbows toward each other using the abdominal muscles, while keeping the back flat against the ground.",1,0,0,0,0,0,0,0,1,0,0,1,0,0,0,0,2,0,0.7,0.2,0.0
257,Flutter kick,Strength,Abdominals,None,Intermediate,"The flutter kick is a core exercise where the legs are held off the ground as you flutter your feet over and under each other in small motions. It targets multiple muscles of the core, but particularly the rectus abdominis or ""six-pack"" muscles. It can be performed for time or reps in the ab-focused portion of any workout.",1,0,0,0,0,0,0,0,1,0,0,1,0,0,0,0,2,0,0.0,0.2,0.0
258,Sprawl,Strength,Abdominals,None,Intermediate,"The sprawl is an explosive bodyweight exercise that targets the core, upper body, and lower body. It is similar to a burpee, but without a jump at the top and with a plank instead of a push-up at the bottom. It can be performed for time or reps in any fat-loss or athleticism-focused circuit or workout.",1,0,0,0,0,0,0,0,1,0,0,1,0,0,0,0,2,0,0.0,0.2,0.0
259,Spider plank jack,Strength,Abdominals,None,Intermediate,"The spider plank jack is a bodyweight core exercise that begins in a straight-arm plank, then combines a spider crunch and a plank jack into a single sequence. It can be performed as bodyweight core training or for conditioning in a fat-loss or athleticism-focused circuit.",1,0,0,0,0,0,0,0,1,0,0,1,0,0,0,0,2,0,0.0,0.2,0.0
260,Pillar-To-Plank,Strength,Abdominals,None,Intermediate,,1,0,0,0,0,0,0,0,1,0,0,1,0,0,0,0,2,0,0.0,0.2,0.0
261,Alternating High Knee Raise,Strength,Abdominals,None,Intermediate,,1,0,0,0,0,0,0,0,1,0,0,1,0,0,0,0,2,0,0.0,0.2,0.0
262,Sumo Squat Pulse,Strength,Abdominals,None,Intermediate,,1,0,0,0,0,0,0,0,1,0,0,1,0,0,0,0,2,1,0.0,0.2,0.0
263,Line-Drill Foot Work,Strength,Abdominals,None,Intermediate,,1,0,0,0,0,0,0,0,1,0,0,1,0,0,0,0,2,0,0.0,0.2,0.0
264,Plank Fire Hydrants,Strength,Abdominals,None,Intermediate,,1,0,0,0,0,0,0,0,1,0,0,1,0,0,0,0,2,0,0.0,0.2,0.0
265,Banded jumping jack,Strength,Abdominals,None,Intermediate,"The banded jumping jack takes a classic plyometric exercise and adds an extra degree of difficulty in the form of a band surrounding the thighs, just above the knees. It can be performed for time or reps and is a great way to warm up for athletics or lower-body lifting.",1,0,0,0,0,0,0,0,1,0,0,1,0,0,0,0,2,0,0.7,0.2,0.0
266,Shin hug,Strength,Abdominals,None,Intermediate,"The shin hug is a bodyweight exercise focused on the muscles of the core. It shares characteristics with V-ups and crunches, but finishes with the ribs touching the thighs. It can be performed for time or for reps as part of the ab-focused portion of any workout.",1,0,0,0,0,0,0,0,1,0,0,1,0,0,0,0,2,0,0.0,0.2,0.0
267,FYR Bear Crawl Fire Feet,Strength,Abdominals,None,Intermediate,"Bear crawl fire feet is a variation of the bear crawl that involves running in place while in a static bear crawl hold. It adds an extra coordination and full-body challenge to an already intense full-body movement that targets the cardiovascular system as well as a wide range of muscle groups. It can be done as a full-body warm-up, or as part of a bodyweight circuit or flow.",1,0,0,0,0,0,0,0,1,0,0,1,0,0,0,0,2,0,0.0,0.2,0.0
268,Bear crawl up-down,Strength,Abdominals,None,Intermediate,"The bear crawl up-down is a variation of the bear crawl that involves lowering the forearms to the ground in an alternating rhythm while in a static bear crawl hold. It adds an extra coordination and upper-body challenge to an already intense full-body movement that targets the cardiovascular system as well as a wide range of muscle groups. It can be done as a full-body warm-up, or as part of a bodyweight circuit or flow.",1,0,0,0,0,0,0,0,1,0,0,1,0,0,0,0,2,0,0.0,0.2,0.0
269,FYR Crab Kick,Strength,Abdominals,None,Intermediate,"The crab toe-touch is a full-body exercise targeting the glutes, hamstrings, quads, and core.",1,0,0,0,0,0,0,0,1,0,0,1,0,0,0,0,2,0,0.0,0.2,0.0
270,Bear crawl hold,Strength,Abdominals,None,Intermediate,"The bear crawl hold is a static variation of the bear crawl exercise performed for time. It looks simple, but it demands full-body tension and is taxing to the shoulders, core, and legs. It can be done as a full-body warm-up, as part of a bodyweight circuit or flow, or as a build-up to the traditional bear crawl.",1,0,0,0,0,0,0,0,1,0,0,1,0,0,0,0,2,0,0.0,0.2,0.0
271,Traveling bear crawl,Strength,Abdominals,None,Intermediate,"The traveling bear crawl is a more advanced version of the bear crawl exercise that moves side to side rather than front to back. While it looks simple, the traveling bear crawl is an intense full-body movement that targets the cardiovascular system as well as a wide range of muscle groups, the shoulders, core, and legs in particular. It can be done as a full-body warm-up, in short bursts for power or circuit training, or for longer durations as cardiovascular conditioning.",1,0,0,0,0,0,0,0,1,0,0,1,0,0,0,0,2,0,0.0,0.2,0.0
272,Single-leg V-up,Strength,Abdominals,None,Intermediate,"The single-leg V-up is a bodyweight exercise that targets the abdominals and the hip flexors, working one side of the body at a time. It can be performed for time or reps in the ab-focused portion of any workout.",1,0,0,0,0,0,0,0,1,0,0,1,0,0,0,0,2,0,0.0,0.2,0.0
273,FYR Bear Crawl Shoulder Tap,Strength,Abdominals,None,Intermediate,"The bear crawl shoulder tap is a variation of the bear crawl that involves touching the opposing shoulder while in a static bear crawl hold. It adds an extra coordination and core challenge to an already intense full-body movement that targets the cardiovascular system as well as a wide range of muscle groups. It can be done as a full-body warm-up, or as part of a bodyweight circuit or flow.",1,0,0,0,0,0,0,0,1,0,0,1,0,0,0,0,2,0,0.0,0.2,0.0
274,Alternating single-leg sprawl,Strength,Abdominals,None,Intermediate,"The alternating single-leg sprawl is an explosive bodyweight exercise that targets the core, upper body, and lower body. It differs from a standard sprawl by including a single-leg plank instead of a regular plank at the bottom. It can be performed for time or reps in any fat-loss or athleticism-focused circuit or workout.",1,0,0,0,0,0,0,0,1,0,0,1,0,0,0,0,2,0,0.0,0.2,0.0
275,Wide mountain climber,Strength,Abdominals,None,Intermediate,"The wide mountain climber is a popular bodyweight exercise targeting the muscles of the core, as well as the shoulders, hips, and cardiovascular system. It is different from a traditional mountain climber because you bring the knee to the outside of the elbow rather than the inside. It can be performed for time or reps as part of a dynamic warm-up, for bodyweight cardio or conditioning, or as no-equipment dynamic core training.",1,0,0,0,0,0,0,0,1,0,0,1,0,0,0,0,2,0,0.0,0.2,0.0
276,Plank leg raise,Strength,Abdominals,None,Intermediate,"The plank leg raise is an isometric abdominal exercise that targets the muscles of the core, the deep core or transversus abdominis in particular. It also targets the muscles of the glutes and hips. It can be performed for time or reps in the ab-focused portion of any workout.",1,0,0,0,0,0,0,0,1,0,0,1,0,0,0,0,2,0,0.0,0.2,0.0
277,Glute bridge step-out,Strength,Abdominals,None,Intermediate,"The glute bridge step-out is a lower-body bodyweight exercise that targets the glutes and hamstrings. It differs from a glute bridge by the addition of a step-out, which increases stress on the hamstrings. It can be performed for time or reps and works perfectly in a dynamic warm-up for lower-body training, but can also be performed for glute activation anytime.",1,0,0,0,0,0,0,0,1,0,0,1,0,0,0,0,2,0,0.0,0.2,0.0
278,Knee up-down,Strength,Abdominals,None,Intermediate,"The knee up-down is a bodyweight exercise that mimics getting up and down from a kneeling position on the floor. It combines the low position of a squat with lunges, bringing some of the benefits of both. It can be done for time or reps as part of a dynamic warm-up or as part of a bodyweight circuit or workout.",1,0,0,0,0,0,0,0,1,0,0,1,0,0,0,0,2,0,0.0,0.2,0.0
279,FYR Sprawl,Strength,Abdominals,None,Intermediate,"The sprawl is an explosive bodyweight exercise that targets the core, upper body, and lower body. It is similar to a burpee, but without a jump at the top and with a plank instead of a push-up at the bottom. It can be performed for time or reps in any fat-loss or athleticism-focused circuit or workout.",1,0,0,0,0,0,0,0,1,0,0,1,0,0,0,0,2,0,0.0,0.2,0.0
280,Reach crunch,Strength,Abdominals,None,Intermediate,The reach crunch is a bodyweight core exercise that involves keeping the arms raised toward the ceiling while performing a crunch. It can be performed for time or reps as part of any abs-focused circuit or workout.,1,0,0,0,0,0,0,0,1,0,0,1,0,0,0,0,2,0,0.7,0.2,0.0
281,FYR Push-Up Plank Hold,Strength,Abdominals,None,Intermediate,"The straight-arm plank is an exercise targeting the core muscles. It is basically the top of a push-up position, with elbows fully extended and palms on the floor. The position is held for time to target the muscles of the core, as well as the shoulders.",1,0,0,0,0,0,0,0,1,0,0,1,0,0,0,0,2,1,0.0,0.2,0.0
282,FYR Hollow-Body Rock,Strength,Abdominals,None,Intermediate,"The hollow-body rock is a bodyweight abdominal exercise performed on the floor. It starts with a hollow-body hold and adds a back-and-forth rock that challenges core stability and increases the difficulty of the movement. It can be performed for time or for reps, either in an ab-focused portion of a workout or as part of a circuit workout.",1,0,0,0,0,0,0,0,1,0,0,1,0,0,0,0,2,0,0.0,0.2,0.0
283,V-up plus knee-to-chest combo,Strength,Abdominals,None,Intermediate,The V-up plus knee-to-chest combo is a core exercise that targets the abdominals and hip flexors by combining two movements into a single sequence. It can be performed for time or reps in the ab-focused portion of any workout.,1,0,0,0,0,0,0,0,1,0,0,1,0,0,0,0,2,0,0.0,0.2,0.0
284,Side plank lateral raise,Strength,Abdominals,None,Intermediate,"The side plank lateral raise is an exercise that combines an isometric side plank hold with a dumbbell raise to target both the core and the shoulders. You probably won't be able to use much weight without disrupting your balance, but even at light weight, this is a movement that can help address multiple muscle groups in a time-efficient workout.",1,0,0,0,0,0,0,0,1,0,0,1,0,0,0,0,2,0,0.0,0.2,0.0
285,Superhero burpee,Strength,Abdominals,None,Intermediate,"The superhero burpee is an advanced variation of the burpee exercise. The main difference between this and the standard burpee is that while on the floor, the hands are extended in front of the body like Superman taking flight. This increases the challenge to the upper back and shoulders. These can be performed for time or reps as part of any fat-loss or athleticism-focused workout or circuit.",1,0,0,0,0,0,0,0,1,0,0,1,0,0,0,0,2,1,0.7,0.2,0.0
286,Hollow-body abduction,Strength,Abdominals,None,Intermediate,"The hollow-body abduction is an isometric core exercise that includes leg abductions for an added challenge to the core and abductors. It targets multiple muscles of the core, but particularly the rectus abdominis or ""six-pack"" muscles. It can be performed for time or reps in the ab-focused portion of any workout.",1,0,0,0,0,0,0,0,1,0,0,1,0,0,0,0,2,0,0.0,0.2,0.0
287,FYR Hollow Hold,Strength,Abdominals,None,Intermediate,,1,0,0,0,0,0,0,0,1,0,0,1,0,0,0,0,2,0,0.0,0.2,0.0
288,Tip-toe crunch,Strength,Abdominals,None,Intermediate,The tip-toe crunch is a variation on the crunch exercise that involves placing the toes on or near the ground. This can help isolate the abs from the hip flexors. The tip-toe crunch can be performed for time or for reps as part of the core-focused component of any workout.,1,0,0,0,0,0,0,0,1,0,0,1,0,0,0,0,2,0,0.7,0.2,0.0
289,Knee-to-nose pulse,Strength,Abdominals,None,Intermediate,"The knee-to-nose pulse is a bodyweight exercise that targets the core by pulsing your knee toward your nose. It starts in a straight-arm plank position, and is similar to a mountain climber, but with a hold or pause in the bent-knee position.",1,0,0,0,0,0,0,0,1,0,0,1,0,0,0,0,2,0,0.0,0.2,0.0
290,Plank walk-out,Strength,Abdominals,None,Intermediate,"The plank walk-out is an advanced plank variation targeting the core and shoulders. From a standing position, the lifter descends into a plank-type position but “walks” the hands forward until they are out in front of the head. This is far more challenging to the core than having the arms directly under the shoulders. Beginners will need to progress to this exercise.",1,0,0,0,0,0,0,0,1,0,0,1,0,0,0,0,2,0,0.0,0.2,0.0
291,FYR V-Up,Strength,Abdominals,None,Intermediate,"The V-up is a bodyweight movement that targets the muscles of the abs, the rectus abdominis or ""six-pack"" muscles in particular. It is similar to a suitcase crunch, but the lower back lifts off the ground at the top of each rep. It can be performed for time or reps in the ab-focused portion of any workout.",1,0,0,0,0,0,0,0,1,0,0,1,0,0,0,0,2,0,0.0,0.2,0.0
292,Long sit-up,Strength,Abdominals,None,Intermediate,"The long sit-up is an advanced version of the sit-up exercise that is performed with the hands reaching over the head. This lengthens the torso, making it harder for the abs to contract and lift the upper body. Long sit-ups can be performed for time or for reps, with the feet anchored or free.",1,0,0,0,0,0,0,0,1,0,0,1,0,0,0,0,2,0,0.0,0.2,0.0
293,FYR Breakdancer,Strength,Abdominals,None,Intermediate,"The side kick-through is a full-body movement that involves isometric holds and moving the body through different ranges of motion, beginning in a bear crawl position. The difference between a side kick-through and a sit-through is that your butt stays off the ground throughout the entire rep. It is commonly performed in bodyweight circuits and animal-style flows, but can also work for reps on its own or as part of a dynamic warm-up or mobility sequence.",1,0,0,0,0,0,0,0,1,0,0,1,0,0,0,0,2,0,0.0,0.2,0.0
294,Seated leg lift,Strength,Abdominals,None,Intermediate,The seated leg lift is a bodyweight exercise targeting the muscles of the core and hip flexors. It can be performed for time or reps in the core-focused portion of any workout.,1,0,0,0,0,0,0,0,1,0,0,1,0,0,0,0,2,0,0.0,0.2,0.0
295,Gorilla burpee,Strength,Abdominals,None,Intermediate,"The gorilla burpee is a variation of the burpee exercise that consists of a reverse lunge on each leg, a full squat, then a standard burpee. It is extra challenging for the lower body, including the quads, glutes, and hamstrings. It can be performed for time or reps in any fat-loss or athleticism-focused circuit or workout.",1,0,0,0,0,0,0,0,1,0,0,1,0,0,0,0,2,1,0.7,0.2,0.0
296,Knee-in to V-out,Strength,Abdominals,None,Intermediate,"The knee-in to V-out is a bodyweight abdominal exercise performed on the floor. It is similar to both the reverse crunch and the V-up exercise, but combines elements of both. It primarily targets the muscles of the rectus abdominis, or “six-pack” muscles. It can be performed for reps or time, either as part of an ab-focused workout or as a component of a circuit workout.",1,0,0,0,0,0,0,0,1,0,0,1,0,0,0,0,2,0,0.0,0.2,0.0
297,Bear crawl push-up,Strength,Abdominals,None,Intermediate,"The bear crawl push-up is a variation of the bear crawl hold with a push-up added. It adds an extra coordination and shoulder challenge to an already intense full-body movement that targets the cardiovascular system as well as a wide range of muscle groups, the shoulders, core, and legs in particular. It can be done as a full-body warm-up, or as part of a bodyweight circuit or flow.",1,0,0,0,0,0,0,0,1,0,0,1,0,0,0,0,2,1,0.0,0.2,0.0
298,FYR Front Step,Strength,Abdominals,None,Intermediate,,1,0,0,0,0,0,0,0,1,0,0,1,0,0,0,0,2,0,0.0,0.2,0.0
299,Plank reach,Strength,Abdominals,None,Intermediate,"The plank reach is an exercise targeting the entire core, particularly the oblique muscles. It resembles a plank exercise, but the primary difference is that the lifter extends their arms forward, one at time. The core, especially the obliques, must work hard to maintain stability. It can be performed for time, with holds in the reaching position, or for reps.",1,0,0,0,0,0,0,0,1,0,0,1,0,0,0,0,2,0,0.0,0.2,0.0
300,Eiffel Tower leg raise,Strength,Abdominals,None,Intermediate,"The Eiffel Tower leg raise is a bodyweight exercise targeting the muscles of the abs, the rectus abdominis or “six-pack” muscles in particular. It is similar to a V-up, but with the added challenge of “drawing” a pyramid shape in the air with the legs during each rep. It can be performed for time or reps in the core-focused portion of any workout.",1,0,0,0,0,0,0,0,1,0,0,1,0,0,0,0,2,0,0.0,0.2,0.0
301,Straight-arm plank,Strength,Abdominals,None,Intermediate,"The straight-arm plank is an exercise targeting the core muscles. It is basically the top of a push-up position, with elbows fully extended and palms on the floor. The position is held for time to target the muscles of the core, as well as the shoulders.",1,0,0,0,0,0,0,0,1,0,0,1,0,0,0,0,2,0,0.0,0.2,0.0
302,Plank up-down,Strength,Abdominals,None,Intermediate,"The plank up-down is a variation of the plank push-up that ends in an elbow plank rather than with the chest on the ground. It involves transitioning between the two positions one arm at a time, rather than two. It puts more stress on the triceps and core than traditional planks. It can be performed for time or reps in any bodyweight workout or during the core-focused portion of any workout.",1,0,0,0,0,0,0,0,1,0,0,1,0,0,0,0,2,0,0.0,0.2,0.0
303,Frog kick,Strength,Abdominals,None,Intermediate,"The frog kick is an explosive bodyweight movement that involves hopping the rear legs up and forward from a straight-arm plank position. It targets the legs, core, and shoulders, but is also a high-intensity conditioning movement that will raise core body temperature and burn serious calories. It can be performed for time or reps as part of any athleticism-focused or fat-loss circuit or workout.",1,0,0,0,0,0,0,0,1,0,0,1,0,0,0,0,2,0,0.0,0.2,0.0
304,FYR Knees to Chest,Strength,Abdominals,None,Intermediate,"The hollow-body alternating knee-to-chest is a core exercise that involves bending the legs while holding the hips and shoulder blades off the ground. It targets the rectus abdominis or ""six-pack"" muscles. It can be performed for time or reps in the ab-focused portion of any workout.",1,0,0,0,0,0,0,0,1,0,0,1,0,0,0,0,2,0,0.0,0.2,0.0
305,Front kick-through,Strength,Abdominals,None,Intermediate,"The front kick-through is a full-body movement that involves moving the legs from a bear crawl position to a balanced one-legged stance. It is commonly performed for reps or time in bodyweight circuits and animal-style flows, but can also work on its own or as part of a dynamic warm-up or mobility sequence.",1,0,0,0,0,0,0,0,1,0,0,1,0,0,0,0,2,0,0.0,0.2,0.0
306,FYR Sit-Up,Strength,Abdominals,None,Intermediate,"The sit-up is a popular bodyweight exercise focused on the abdominal muscles. It has also been used as part of military, tactical, and scholastic fitness tests for many years. It can be performed for time or reps, with the feet anchored or free, on flat ground or a bench.",1,0,0,0,0,0,0,0,1,0,0,1,0,0,0,0,2,0,0.0,0.2,0.0
307,FYR Leg Lift,Strength,Abdominals,None,Intermediate,The seated leg lift is a bodyweight exercise targeting the muscles of the core and hip flexors. It can be performed for time or reps in the core-focused portion of any workout.,1,0,0,0,0,0,0,0,1,0,0,1,0,0,0,0,2,0,0.0,0.2,0.0
308,TBS Toes-to-bar,Strength,Abdominals,None,Intermediate,"The hanging toes-to-bar is an advanced abdominal exercise in which the lifter touches their feet to a pull-up bar. There are many ways to perform this movement: strict or swinging, arms completely straight or slightly bent, legs straight or bent, each providing unique benefits and challenges. Initially, it may be a difficult move to do for a single rep, but once you build the requisite core, lat, and shoulder strength, it can be performed for higher reps.",1,0,0,0,0,0,0,0,1,0,0,1,0,0,0,0,2,0,0.0,0.2,0.0
309,FYR Mountain Climber,Strength,Abdominals,None,Intermediate,"The mountain climber is a popular bodyweight exercise targeting the muscles of the core, as well as the shoulders, hips, and cardiovascular system. It involves lifting one knee to the chest at a time from a straight-arm plank position. It can be performed for time or reps as part of a dynamic warm-up, for bodyweight cardio or conditioning, or as no-equipment dynamic core training.",1,0,0,0,0,0,0,0,1,0,0,1,0,0,0,0,2,0,0.0,0.2,0.0
310,Roman Chair Side Ups,Strength,Abdominals,None,Intermediate,,1,0,0,0,0,0,0,0,1,0,0,1,0,0,0,0,2,0,0.0,0.2,0.0
311,Push-Up Roll Out - Gethin Variation,Strength,Abdominals,None,Intermediate,,1,0,0,0,0,0,0,0,1,0,0,1,0,0,0,0,2,1,0.0,0.2,0.0
312,Cross-Body Crunch - Gethin Variation,Strength,Abdominals,None,Intermediate,"The cross-body sit-up is a bodyweight exercise targeting the ab muscles, the obliques and rectus abdominis or ""six-pack"" muscles in particular. It involves bringing the opposite-side knee and elbow together, usually alternating sides with each rep. It can be performed for time or reps as part of the ab-focused portion of any workout.",1,0,0,0,0,0,0,0,1,0,0,1,0,0,0,0,2,0,0.7,0.2,0.0
313,Decline leg lift with twist,Strength,Abdominals,None,Intermediate,"The decline leg lift with twist is a bodyweight core exercise targeting the obliques and rectus abdominis or ""six-pack"" muscles, particularly the lower abs. It can be performed for time or for reps as part of the core-focused portion of any workout or circuit.",1,0,0,0,0,0,0,0,1,0,0,1,0,0,0,0,2,0,0.0,0.2,0.0
314,Hanging Leg Raise - Variation Gethin,Strength,Abdominals,None,Intermediate,"The hanging leg raise is an exercise targeting the abs and hip flexors. Instead of resting the forearms on the pads of apparatus, hang from a bar. It can be performed for time or reps in the ab-focused portion of any workout.",1,0,0,0,0,0,0,0,1,0,0,1,0,0,0,0,2,0,0.0,0.2,0.0
315,Butterfly crunch,Strength,Abdominals,None,Intermediate,"The butterfly crunch is a popular bodyweight exercise that targets the rectus abdominis, or ""six-pack"" muscles. It gets its name from the position of the elbows and knees, both of which are bent out like wings. It can be performed for time or reps as part of any abs-focused circuit or workout.",1,0,0,0,0,0,0,0,1,0,0,1,0,0,0,0,2,0,0.7,0.2,0.0
316,Cross-body mountain climber,Strength,Abdominals,None,Intermediate,"The cross-body mountain climber is a popular bodyweight exercise targeting the muscles of the core, as well as the shoulders, hips, and cardiovascular system. It is different from a traditional mountain climber because you bring the knee to the opposite side of the body rather than simply to the chest. It can be performed for time or reps as part of a dynamic warm-up, for bodyweight cardio or conditioning, or as no-equipment dynamic core training.",1,0,0,0,0,0,0,0,1,0,0,1,0,0,0,0,2,0,0.0,0.2,0.0
317,Flat Bench Lying Leg Raise - Gethin Variation,Strength,Abdominals,None,Intermediate,"The lying leg lift is a popular bodyweight exercise targeting the muscles of the abs, the rectus abdominis or “six-pack” muscles in particular. It can be performed for time or reps in the core-focused portion of any workout.",1,0,0,0,0,0,0,0,1,0,0,1,0,0,0,0,2,0,0.0,0.2,0.0
318,Lying leg lift,Strength,Abdominals,None,Intermediate,"The lying leg lift is a popular bodyweight exercise targeting the muscles of the abs, the rectus abdominis or “six-pack” muscles in particular. It can be performed for time or reps in the core-focused portion of any workout.",1,0,0,0,0,0,0,0,1,0,0,1,0,0,0,0,2,0,0.0,0.2,0.0
319,Hanging alternating single-leg raise,Strength,Abdominals,None,Intermediate,"The hanging alternating single-leg raise is an exercise targeting the abs, but which also works the lats and hip flexors. Rather than performing both legs at a time, you lift one and alternate with each rep. Leg raises are often performed for moderate to high reps, such as 8-12 reps or more, as part of ab-focused training. However, this difficult variation may require some time to build up to those rep ranges.",1,0,0,0,0,0,0,0,1,0,0,1,0,0,0,0,2,0,0.0,0.2,0.0
320,Plank Walk,Strength,Abdominals,None,Intermediate,,1,0,0,0,0,0,0,0,1,0,0,1,0,0,0,0,2,0,0.0,0.2,0.0
321,Sit-Up - Gethin Variation,Strength,Abdominals,None,Intermediate,"The sit-up is a popular bodyweight exercise focused on the abdominal muscles. It has also been used as part of military, tactical, and scholastic fitness tests for many years. It can be performed for time or reps, with the feet anchored or free, on flat ground or a bench.",1,0,0,0,0,0,0,0,1,0,0,1,0,0,0,0,2,0,0.0,0.2,0.0
322,Plank Push-Up,Strength,Abdominals,None,Intermediate,"The plank up-down is a variation of the plank push-up that ends in an elbow plank rather than with the chest on the ground. It involves transitioning between the two positions one arm at a time, rather than two. It puts more stress on the triceps and core than traditional planks. It can be performed for time or reps in any bodyweight workout or during the core-focused portion of any workout.",1,0,0,0,0,0,0,0,1,0,0,1,0,0,0,0,2,1,0.0,0.2,0.0
323,Decline crunch-,Strength,Abdominals,None,Intermediate,"The decline crunch is a popular bodyweight exercise targeting the rectus abdominis or ""six-pack"" muscles, particular the upper abs. It is usually performed for high reps, such as 10-15 reps per set or more, as part of the ab-focused portion of a workout.",1,0,0,0,0,0,0,0,1,0,0,1,0,0,0,0,2,0,0.7,0.2,0.0
324,Alternating lying leg raise,Strength,Abdominals,None,Intermediate,"The alternating lying leg lift is a popular bodyweight exercise targeting the muscles of the abs, the rectus abdominis or “six-pack” muscles in particular. It can be performed for time or reps in the core-focused portion of any workout.",1,0,0,0,0,0,0,0,1,0,0,1,0,0,0,0,2,0,0.0,0.2,0.0
325,Decline leg lift,Strength,Abdominals,None,Intermediate,"The decline leg lift is a popular bodyweight core exercise targeting the rectus abdominis or ""six-pack"" muscles, particularly the lower abs. It can be performed for time or for reps as part of the core-focused portion of any workout or circuit.",1,0,0,0,0,0,0,0,1,0,0,1,0,0,0,0,2,0,0.0,0.2,0.0
326,Crunch - Gethin Variation,Strength,Abdominals,None,Intermediate,"The crunch is a popular core exercise targeting the rectus abdominis, or ""six-pack"" muscles, as well as the obliques. It has been the centerpiece of many ab-focused workouts, due to both its simplicity and the intense burn and mind-muscle connection it produces. It can be performed for time or reps as part of the ab-focused portion of any workout.",1,0,0,0,0,0,0,0,1,0,0,1,0,0,0,0,2,0,0.7,0.2,0.0
327,Plank - Gethin Variation,Strength,Abdominals,None,Intermediate,"The elbow plank is a popular isometric abdominal exercise. It is common in all types of exercise programs, as well as in group fitness and yoga classes. It targets the muscles of the core, the deep core or transversus abdominis in particular. It is also often prescribed for time to help back pain or to teach proper bracing.",1,0,0,0,0,0,0,0,1,0,0,1,0,0,0,0,2,0,0.0,0.2,0.0
328,Barbell floor wiper,Strength,Abdominals,None,Intermediate,"The barbell floor wiper is a core exercise in which the barbell is held in the locked-out position of a floor press, and the hips and legs are rotated side to side. It targets the oblique muscles of the lateral abdomen, but is also seriously challenging to the deep core and rectus abdominis or ""six-pack"" muscles.",1,0,0,0,0,0,0,0,1,0,0,1,0,0,0,0,2,0,0.0,0.2,0.0
329,Prison Push-Up,Strength,Abdominals,None,Intermediate,,1,0,0,0,0,0,0,0,1,0,0,1,0,0,0,0,2,1,0.0,0.2,0.0
330,McGill Modified Curl-Up,Strength,Abdominals,None,Intermediate,,1,0,0,0,0,0,0,0,1,0,0,1,0,0,0,0,2,0,0.0,0.2,0.0
331,Cross-body toe-touch,Strength,Abdominals,None,Intermediate,"The cross-body toe-touch is a version of the toe-touch stretch where instead of both hands reaching down toward both feet, one hand at a time reaches for the opposing foot. It's a common component in dynamic warm-ups for training or sports, but can also be performed for simple flexibility work anytime.",1,0,0,0,0,0,0,0,1,0,0,1,0,0,0,0,2,0,0.0,0.2,0.0
332,Toy soldier,Strength,Abdominals,None,Intermediate,"The toy soldier is a calisthenics exercise targeting the hip flexors and legs, which are kicked up one at a time. When each leg is at the top of the kick, the opposing hand touches that foot. It's a common warm-up exercise before athletics, but can also help raise core temperature and mobilize a wide range of muscles and joints prior to training.",1,0,0,0,0,0,0,0,1,0,0,1,0,0,0,0,2,0,0.0,0.2,0.0
333,Natural Glute Ham Raise with Stability Ball,Strength,Abdominals,None,Intermediate,,1,0,0,0,0,0,0,0,1,0,0,1,0,0,0,0,2,0,0.0,0.2,0.0
334,Lateral ape,Strength,Abdominals,None,Intermediate,"The lateral ape is an exercise focused on the lower body that involves staying in a low squat position as you hop laterally. It can be performed as part of a dynamic warm-up, to improve hip mobility, or as part of a fat-loss or athleticism-focused circuit workout.",1,0,0,0,0,0,0,0,1,0,0,1,0,0,0,0,2,0,0.0,0.2,0.0
335,Hollow-body knee tuck,Strength,Abdominals,None,Intermediate,"The hollow-body knee tuck is a bodyweight abdominal exercise performed on the floor. It is similar to both the hollow-body hold and the knee tuck or reverse crunch, combining elements of both. It primarily targets the muscles of the rectus abdominis, or “six-pack” muscles. It can be performed for reps or time, either as part of an ab-focused workout or as a component of a circuit workout.",1,0,0,0,0,0,0,0,1,0,0,1,0,0,0,0,2,0,0.0,0.2,0.0
336,HM Air Jumping Rope,Strength,Abdominals,None,Intermediate,,1,0,0,0,0,0,0,0,1,0,0,1,0,0,0,0,2,0,0.7,0.2,0.0
337,HM Alternating Lunge Reach,Strength,Abdominals,None,Intermediate,,1,0,0,0,0,0,0,0,1,0,0,1,0,0,0,0,2,0,0.0,0.2,0.0
338,HM Alternating Side Plank Reach,Strength,Abdominals,None,Intermediate,,1,0,0,0,0,0,0,0,1,0,0,1,0,0,0,0,2,0,0.0,0.2,0.0
339,HM Superman Plank,Strength,Abdominals,None,Intermediate,,1,0,0,0,0,0,0,0,1,0,0,1,0,0,0,0,2,0,0.0,0.2,0.0
340,HM Table Pose,Strength,Abdominals,None,Intermediate,,1,0,0,0,0,0,0,0,1,0,0,1,0,0,0,0,2,0,0.0,0.2,0.0
341,HM Toe Touch,Strength,Abdominals,None,Intermediate,,1,0,0,0,0,0,0,0,1,0,0,1,0,0,0,0,2,0,0.0,0.2,0.0
342,HM Right Side Bird-Dog,Flexibility,Abdominals,None,Intermediate,,0,0,1,0,0,0,0,0,1,0,0,1,0,0,0,0,2,0,0.0,0.2,0.0
343,HM Right Side Crunch,Strength,Abdominals,None,Intermediate,,1,0,0,0,0,0,0,0,1,0,0,1,0,0,0,0,2,0,0.7,0.2,0.0
344,HM Bicycle,Strength,Abdominals,None,Intermediate,,1,0,0,0,0,0,0,0,1,0,0,1,0,0,0,0,2,0,0.7,0.2,0.0
345,HM Bird-Dog Plank,Strength,Abdominals,None,Intermediate,,1,0,0,0,0,0,0,0,1,0,0,1,0,0,0,0,2,0,0.0,0.2,0.0
346,HM Boat Pose,Strength,Abdominals,None,Intermediate,,1,0,0,0,0,0,0,0,1,0,0,1,0,0,0,0,2,0,0.0,0.2,0.0
347,HM Bottoms Up,Strength,Abdominals,None,Intermediate,,1,0,0,0,0,0,0,0,1,0,0,1,0,0,0,0,2,0,0.0,0.2,0.0
348,HM Bridge,Strength,Abdominals,None,Intermediate,,1,0,0,0,0,0,0,0,1,0,0,1,0,0,0,0,2,0,0.0,0.2,0.0
349,HM Running Man Crunch,Cardio,Abdominals,None,Intermediate,,0,1,0,0,0,0,0,0,1,0,0,1,0,0,0,0,2,0,0.8999999999999999,0.2,0.0
350,HM Seated Twist,Strength,Abdominals,None,Intermediate,,1,0,0,0,0,0,0,0,1,0,0,1,0,0,0,0,2,0,0.0,0.2,0.0
351,HM Side-Bend Pose,Strength,Abdominals,None,Intermediate,,1,0,0,0,0,0,0,0,1,0,0,1,0,0,0,0,2,0,0.0,0.2,0.0
352,HM Side-Plank Arm Wrap,Strength,Abdominals,None,Intermediate,,1,0,0,0,0,0,0,0,1,0,0,1,0,0,0,0,2,0,0.0,0.2,0.0
353,HM Side-Plank with Hip Touch,Strength,Abdominals,None,Intermediate,,1,0,0,0,0,0,0,0,1,0,0,1,0,0,0,0,2,0,0.0,0.2,0.0
354,HM Side-Plank with Kick,Strength,Abdominals,None,Intermediate,,1,0,0,0,0,0,0,0,1,0,0,1,0,0,0,0,2,0,0.0,0.2,0.0
355,HM Side V-Up,Strength,Abdominals,None,Intermediate,,1,0,0,0,0,0,0,0,1,0,0,1,0,0,0,0,2,0,0.0,0.2,0.0
356,HM Crab Crunch,Strength,Abdominals,None,Intermediate,,1,0,0,0,0,0,0,0,1,0,0,1,0,0,0,0,2,0,0.7,0.2,0.0
357,HM Cross-Over Crunch,Strength,Abdominals,None,Intermediate,,1,0,0,0,0,0,0,0,1,0,0,1,0,0,0,0,2,0,0.7,0.2,0.0
358,HM Crunch Pulse,Strength,Abdominals,None,Intermediate,,1,0,0,0,0,0,0,0,1,0,0,1,0,0,0,0,2,0,0.7,0.2,0.0
359,HM Dead Bug,Strength,Abdominals,None,Intermediate,,1,0,0,0,0,0,0,0,1,0,0,1,0,0,0,0,2,0,0.0,0.2,0.0
360,HM Single-Leg Inchworm,Strength,Abdominals,None,Intermediate,,1,0,0,0,0,0,0,0,1,0,0,1,0,0,0,0,2,0,0.0,0.2,0.0
361,HM Floor Jack,Strength,Abdominals,None,Intermediate,,1,0,0,0,0,0,0,0,1,0,0,1,0,0,0,0,2,0,0.0,0.2,0.0
362,HM Floor Wiper,Strength,Abdominals,None,Intermediate,,1,0,0,0,0,0,0,0,1,0,0,1,0,0,0,0,2,0,0.0,0.2,0.0
363,HM Floor Kick,Strength,Abdominals,None,Intermediate,,1,0,0,0,0,0,0,0,1,0,0,1,0,0,0,0,2,0,0.0,0.2,0.0
364,HM Sit-Up,Strength,Abdominals,None,Intermediate,,1,0,0,0,0,0,0,0,1,0,0,1,0,0,0,0,2,0,0.0,0.2,0.0
365,HM Slow Mountain Climber,Strength,Abdominals,None,Intermediate,,1,0,0,0,0,0,0,0,1,0,0,1,0,0,0,0,2,0,0.0,0.2,0.0
366,HM Slow Sit-Up,Strength,Abdominals,None,Intermediate,,1,0,0,0,0,0,0,0,1,0,0,1,0,0,0,0,2,0,0.0,0.2,0.0
367,HM Half-Up,Strength,Abdominals,None,Intermediate,,1,0,0,0,0,0,0,0,1,0,0,1,0,0,0,0,2,0,0.0,0.2,0.0
368,HM Hollow-Body Pulse,Strength,Abdominals,None,Intermediate,,1,0,0,0,0,0,0,0,1,0,0,1,0,0,0,0,2,0,0.0,0.2,0.0
369,HM Hollow Hold,Strength,Abdominals,None,Intermediate,,1,0,0,0,0,0,0,0,1,0,0,1,0,0,0,0,2,0,0.0,0.2,0.0
370,HM Inchworm,Strength,Abdominals,None,Intermediate,,1,0,0,0,0,0,0,0,1,0,0,1,0,0,0,0,2,0,0.0,0.2,0.0
371,HM Right Side Hollow Hold with Pulse,Strength,Abdominals,None,Intermediate,,1,0,0,0,0,0,0,0,1,0,0,1,0,0,0,0,2,0,0.0,0.2,0.0
372,HM Reverse Crunch with Frisbee,Strength,Abdominals,None,Intermediate,,1,0,0,0,0,0,0,0,1,0,0,1,0,0,0,0,2,0,0.7,0.2,0.0
373,HM Left Side Bird-Dog,Strength,Abdominals,None,Intermediate,,1,0,0,0,0,0,0,0,1,0,0,1,0,0,0,0,2,0,0.0,0.2,0.0
374,HM Left Side Crunch,Strength,Abdominals,None,Intermediate,,1,0,0,0,0,0,0,0,1,0,0,1,0,0,0,0,2,0,0.7,0.2,0.0
375,HM Left Side Hollow Hold With Pulse,Strength,Abdominals,None,Intermediate,,1,0,0,0,0,0,0,0,1,0,0,1,0,0,0,0,2,0,0.0,0.2,0.0
376,HM Reverse Crunch,Strength,Abdominals,None,Intermediate,,1,0,0,0,0,0,0,0,1,0,0,1,0,0,0,0,2,0,0.7,0.2,0.0
377,HM Low Lunge With External Twist And Arm Reach,Strength,Abdominals,None,Intermediate,,1,0,0,0,0,0,0,0,1,0,0,1,0,0,0,0,2,0,0.0,0.2,0.0
378,HM Mountain Climber,Strength,Abdominals,None,Intermediate,,1,0,0,0,0,0,0,0,1,0,0,1,0,0,0,0,2,0,0.0,0.2,0.0
379,HM Prison Sit-Up,Strength,Abdominals,None,Intermediate,,1,0,0,0,0,0,0,0,1,0,0,1,0,0,0,0,2,0,0.0,0.2,0.0
380,HM Plank Alternating Hip-Dip,Strength,Abdominals,None,Intermediate,,1,0,0,0,0,0,0,0,1,0,0,1,0,0,0,0,2,0,0.0,0.2,0.0
381,HM Tuck-Up Get-Up,Strength,Abdominals,None,Intermediate,,1,0,0,0,0,0,0,0,1,0,0,1,0,0,0,0,2,0,0.0,0.2,0.0
382,HM Flutter Kick,Strength,Abdominals,None,Intermediate,,1,0,0,0,0,0,0,0,1,0,0,1,0,0,0,0,2,0,0.0,0.2,0.0
383,HM Plank,Strength,Abdominals,None,Intermediate,,1,0,0,0,0,0,0,0,1,0,0,1,0,0,0,0,2,0,0.0,0.2,0.0
384,McGill Pull-Up,Strength,Abdominals,None,Intermediate,,1,0,0,0,0,0,0,0,1,0,0,1,0,0,0,0,2,1,0.0,0.2,0.0
385,AM Leg Lift,Strength,Abdominals,None,Intermediate,"The captain's chair leg raise is an exercise that targets the abs and hip flexors. It involves an apparatus that allows the forearms to rest on pads and the upright torso to hang freely. Unlike the Captain’s chair knee raise, the legs are straight here.",1,0,0,0,0,0,0,0,1,0,0,1,0,0,0,0,2,0,0.0,0.2,0.0
386,AM Decline Abs,Strength,Abdominals,None,Intermediate,"The decline sit-up is a core exercise that works the iliopsoas, quads, hip flexors, and adductors. The rectus abdominis and obliques are the stabilizers in this movement.",1,0,0,0,0,0,0,0,1,0,0,1,0,0,0,0,2,0,0.0,0.2,0.0
387,Hanging crunch,Strength,Abdominals,None,Intermediate,"The hanging crunch an abdominal exercise that targets the rectus abdominis or ""six-pack"" muscles. It can be performed hanging from a bar, on a dip station or parallel bars, or if grip strength is a limitation, by placing the elbows in ab straps. If hanging from a straight bar is uncomfortable to the wrists or shoulders, you can also perform them hanging with a neutral grip (palms facing one another). It is similar to a hanging knee raise, but with more spinal curling and a more pronounced ""crunch"" at the top.",1,0,0,0,0,0,0,0,1,0,0,1,0,0,0,0,2,0,0.7,0.2,0.0
388,Tyler Holt Hanging Toes-To-Bar,Strength,Abdominals,None,Intermediate,,1,0,0,0,0,0,0,0,1,0,0,1,0,0,0,0,2,0,0.0,0.2,0.0
389,Side plank,Strength,Abdominals,None,Intermediate,"The side plank is a popular isometric abdominal exercise focusing on the oblique muscles, as well as the transversus abdominis or deep core muscles. It is sometimes paired with the curl up and bird dog as the “McGill big three” for core strength and stability. It is performed for time and can work in a warm-up or in the core-focused portion of any workout.",1,0,0,0,0,0,0,0,1,0,0,1,0,0,0,0,2,0,0.0,0.2,0.0
390,Bird dog-,Strength,Abdominals,None,Intermediate,"The bird dog is a core exercise designed to help strengthen and stabilize the posterior chain. It involves lifting an opposite-side arm and leg while in a bent-leg tabletop position. It is most commonly performed as part of a dynamic warm-up, or for mobility and muscle activation anytime.",1,0,0,0,0,0,0,0,1,0,0,1,0,0,0,0,2,0,0.0,0.2,0.0
391,Single-leg curl up,Strength,Abdominals,None,Intermediate,"The single-leg curl up is a bodyweight abdominal movement that teaches and reinforces abdominal “bracing” for strength training. It is usually performed along with variations of the bird dog and side plank as the “McGill big three.” The curl up can be performed for time or for reps, with or without pauses at the top position, as part of a warm-up or the core-focused component of any workout.",1,0,0,0,0,0,0,0,1,0,0,1,0,0,0,0,2,0,0.0,0.2,0.0
392,Single-kettlebell windmill,Strength,Abdominals,None,Intermediate,"The single-kettlebell windmill is a dynamic kettlebell exercise emphasizing core strength and shoulder and hip mobility and stability. It is often used as a functional warm-up or for multi-directional strength work. It doesn't work as well in a metcon or conditioning setting, and shouldn't be performed under intense fatigue.",1,0,0,0,0,0,0,0,1,0,0,1,0,0,0,0,2,0,0.0,0.2,0.0
393,UNS Foam Roll Thigh,Strength,Abdominals,None,Intermediate,,1,0,0,0,0,0,0,0,1,0,0,1,0,0,0,0,2,0,0.0,0.2,0.0
394,UNS Inverted row,Strength,Abdominals,None,Intermediate,,1,0,0,0,0,0,0,0,1,0,0,1,0,0,0,0,2,1,0.7,0.2,0.0
395,UNS T-spine rotation with reach,Strength,Abdominals,None,Intermediate,,1,0,0,0,0,0,0,0,1,0,0,1,0,0,0,0,2,0,0.0,0.2,0.0
396,UNS Quadruped thoracic rotation,Strength,Abdominals,None,Intermediate,,1,0,0,0,0,0,0,0,1,0,0,1,0,0,0,0,2,0,0.0,0.2,0.0
397,UNS Pec stretch,Strength,Abdominals,None,Intermediate,,1,0,0,0,0,0,0,0,1,0,0,1,0,0,0,0,2,0,0.0,0.2,0.0
398,UNS Lat stretch,Strength,Abdominals,None,Intermediate,,1,0,0,0,0,0,0,0,1,0,0,1,0,0,0,0,2,0,0.0,0.2,0.0
399,UNS Foam Roll,Strength,Abdominals,None,Intermediate,,1,0,0,0,0,0,0,0,1,0,0,1,0,0,0,0,2,0,0.0,0.2,0.0
400,UNS Foam Roll Lats,Strength,Abdominals,None,Intermediate,,1,0,0,0,0,0,0,0,1,0,0,1,0,0,0,0,2,0,0.0,0.2,0.0
401,UNS Rocking Adductor Stretch,Strength,Abdominals,None,Intermediate,,1,0,0,0,0,0,0,0,1,0,0,1,0,0,0,0,2,0,0.0,0.2,0.0
402,UNS Bird Dog,Strength,Abdominals,None,Intermediate,,1,0,0,0,0,0,0,0,1,0,0,1,0,0,0,0,2,0,0.0,0.2,0.0
403,UNS Jumping Jack,Strength,Abdominals,None,Intermediate,,1,0,0,0,0,0,0,0,1,0,0,1,0,0,0,0,2,0,0.7,0.2,0.0
404,Ab wheel roll-out,Strength,Abdominals,None,Intermediate,The ab wheel roll-out is an exercise targeting the abdominals using an inexpensive wheel device with a handle on either side. Many trainers and strength coaches claim it's one of the best exercises for developing strength in the midsection. Beginners may have to start with a limited range of motion or just wheel planks.,1,0,0,0,0,0,0,0,1,0,0,1,0,0,0,0,2,0,0.0,0.2,0.0
405,Bench mountain climber,Strength,Abdominals,None,Intermediate,"The bench mountain climber is a bodyweight exercise that works the core, shoulders, and lower body while burning a lot of calories. Placing the hands on an elevated surface such as a bench decreases the challenge to the shoulders, allowing lifters to focus their work on the other body parts. Mountain climber variations are usually performed at a fast pace for moderate to high reps, such as 8-12 reps per leg or more.",1,0,0,0,0,0,0,0,1,0,0,1,0,0,0,0,2,0,0.0,0.2,0.0
406,Feet-elevated bench side plank,Strength,Abdominals,None,Intermediate,"The feet-elevated bench side plank is an advanced version of the side plank performed with the feet elevated on a bench. It targets the same muscles as the side plank, including the obliques, shoulders, and lateral hips, but the body angle makes it more difficult than side planks on the floor. Most lifters will need to progress to this version after mastering the basic side plank first.",1,0,0,0,0,0,0,0,1,0,0,1,0,0,0,0,2,0,0.0,0.2,0.0
407,Cross-body sit-up,Strength,Abdominals,None,Intermediate,"The cross-body sit-up is a bodyweight exercise targeting the ab muscles, the obliques and rectus abdominis or ""six-pack"" muscles in particular. It involves bringing the opposite-side knee and elbow together, usually alternating sides with each rep. It can be performed for time or reps as part of the ab-focused portion of any workout.",1,0,0,0,0,0,0,0,1,0,0,1,0,0,0,0,2,0,0.0,0.2,0.0
408,Decline kayak,Strength,Abdominals,None,Intermediate,"The decline kayak is a core exercise targeting the obliques. It involves making a paddling motion on a decline bench with the feet anchored, using a bar or pipe for weight. It is usually performed for moderate to high reps, at least 8-12 reps per side, as part of the ab-focused portion of a workout or circuit.",1,0,0,0,0,0,0,0,1,0,0,1,0,0,0,0,2,0,0.0,0.2,0.0
409,30 Decline Reverse Crunch,Strength,Abdominals,None,Intermediate,The decline reverse crunch is a core exercise targeting the lower abdominals.,1,0,0,0,0,0,0,0,1,0,0,1,0,0,0,0,2,0,0.7,0.2,0.0
410,Decline sit-up twist,Strength,Abdominals,None,Intermediate,"The decline sit-up twist is a bodyweight core exercise that targets the obliques, as well as the rectus abdominis or ""six pack"" muscles. Sit-up variations are usually performed for moderate to high reps, such as 10-15 reps per set or more, as part of the core-focused portion of a workout.",1,0,0,0,0,0,0,0,1,0,0,1,0,0,0,0,2,0,0.0,0.2,0.0
411,30 Flat Bench Leg Raise,Strength,Abdominals,None,Intermediate,"The lying leg lift is a popular bodyweight exercise targeting the muscles of the abs, the rectus abdominis or “six-pack” muscles in particular. It can be performed for time or reps in the core-focused portion of any workout.",1,0,0,0,0,0,0,0,1,0,0,1,0,0,0,0,2,0,0.0,0.2,0.0
412,30 Flutter Kick,Strength,Abdominals,None,Intermediate,"The flutter kick is a core exercise where the legs are held off the ground as you flutter your feet over and under each other in small motions. It targets multiple muscles of the core, but particularly the rectus abdominis or ""six-pack"" muscles. It can be performed for time or reps in the ab-focused portion of any workout.",1,0,0,0,0,0,0,0,1,0,0,1,0,0,0,0,2,0,0.0,0.2,0.0
413,Chin-up crunch,Strength,Abdominals,None,Intermediate,The chin-up crunch is an exercise targeting the core and overall upper-body strength. It combines a chin-up with a knee raise or crunch to give extra emphasis to the core.,1,0,0,0,0,0,0,0,1,0,0,1,0,0,0,0,2,0,0.7,0.2,0.0
414,30 Gorilla Chin Oblique Crunch,Strength,Abdominals,None,Intermediate,,1,0,0,0,0,0,0,0,1,0,0,1,0,0,0,0,2,0,0.7,0.2,0.0
415,Half Turkish get-up,Strength,Abdominals,None,Intermediate,"The half Turkish get-up is a kettlebell movement that focuses on the first portion of the Turkish get-up exercise. It is often taught as a precursor to the full Turkish get-up, but is also a valuable abdominal and shoulder exercise in its own right. It can be performed for reps or time, either in lower rep ranges for strength or higher rep ranges for technique practice or conditioning.",1,0,0,0,0,0,0,0,1,0,0,1,0,0,0,0,2,0,0.0,0.2,0.0
416,30 Hanging Oblique Crunch,Strength,Abdominals,None,Intermediate,"The hanging oblique crunch an abdominal exercise that targets both the rectus abdominus or “six-pack” muscles, and the oblique muscles. It can be performed hanging from a bar, or if grip strength is a limitation, by placing the elbows in ab straps. If hanging from a straight bar is uncomfortable to the wrists or shoulder, you can also perform them hanging with a neutral grip (palms facing one another)",1,0,0,0,0,0,0,0,1,0,0,1,0,0,0,0,2,0,0.7,0.2,0.0
417,30 Hollow-Body Hold,Strength,Abdominals,None,Intermediate,"The hollow-body hold is an isometric exercise that increases strength and stability in the core muscles. It is common in gymnastics training, CrossFit training, and as a core tension and bracing drill for lifters and athletes of all types. It is performed for time and can be performed as an activation drill prior to lifting, as part of a circuit, or as equipment-free core training anytime.",1,0,0,0,0,0,0,0,1,0,0,1,0,0,0,0,2,0,0.0,0.2,0.0
418,Parallel bars knee raise,Strength,Abdominals,None,Intermediate,"The parallel bars knee raise is a bodyweight exercise that targets the abs. It is performed on parallel bars, starting in the top position of a dip. Knee raises are often performed for moderate to high reps, such as 8-12 reps or more, as part of ab-focused training.",1,0,0,0,0,0,0,0,1,0,0,1,0,0,0,0,2,0,0.0,0.2,0.0
419,30 Landmine Twist,Strength,Abdominals,None,Intermediate,"The landmine twist is a rotational abdominal movement performed utilizing an angled barbell anchored at floor level in a landmine device. It can also be performed by sticking a barbell in the corner of a room, preferably in a towel to protect the walls. It targets the deep muscles of the core, including both the obliques and the transversus abdominus. It can be done fast or slow, for time or reps, either in traditional muscle-focused rep ranges such as 8-12 reps per side.",1,0,0,0,0,0,0,0,1,0,0,1,0,0,0,0,2,0,0.0,0.2,0.0
420,Parallel bars leg raise,Strength,Abdominals,None,Intermediate,"The parallel bars leg raise is a bodyweight exercise that targets the abs. It is performed on parallel bars, starting in the top position of a dip. Leg raises are often performed for moderate to high reps, such as 8-12 reps or more, as part of ab-focused training. However, this difficult variation may require some time to build up to those rep ranges.",1,0,0,0,0,0,0,0,1,0,0,1,0,0,0,0,2,0,0.0,0.2,0.0
421,Otis-up-,Strength,Abdominals,None,Intermediate,"The Otis-up is a weighted exercise focusing on the abdominal muscles and the shoulders to a lesser degree. It primarily targets the rectus abdominis or ""six-pack"" muscles, but also involves the obliques and deep core muscles. It is normally performed on a decline bench holding a weight plate, but can also be performed with a dumbbell, kettlebell, or other weight.",1,0,0,0,0,0,0,0,1,0,0,1,0,0,0,0,2,0,0.0,0.2,0.0
422,30 Shoulder Tap,Strength,Abdominals,None,Intermediate,"The shoulder tap is an exercise targeting the abdominals and core. The basic stance matches the top of a push-up position. From there, one hand is raised to tap its opposing shoulder. A tap with each hand to each opposing shoulder equals one rep.",1,0,0,0,0,0,0,0,1,0,0,1,0,0,0,0,2,0,0.0,0.2,0.0
423,30 Spider Crawl,Strength,Abdominals,None,Intermediate,"The spider crawl is a bodyweight exercise that involves crawling on the floor with the knees outside of the elbows. It is different from a leopard crawl in that the hips are higher, and it's different from a bear crawl because the knees are wider. It can be done as a full-body warm-up, in short bursts for power or circuit training, or for longer durations as cardiovascular conditioning.",1,0,0,0,0,0,0,0,1,0,0,1,0,0,0,0,2,0,0.0,0.2,0.0
424,Spider crunch,Strength,Abdominals,None,Intermediate,"The spider crunch is a core exercise that begins in a straight-arm plank position and involves raising one knee toward your same-side elbow to target the obliques. It is similar to a mountain climber, but with the knees out wider. It can be performed for time or reps as bodyweight ab training or conditioning.",1,0,0,0,0,0,0,0,1,0,0,1,0,0,0,0,2,0,0.7,0.2,0.0
425,Toe-touch,Strength,Abdominals,None,Intermediate,"The toe-touch is a bodyweight movement that targets the muscles of the abs, the rectus abdominis or ""six-pack"" muscles in particular. It can be performed for time or reps in the ab-focused portion of any workout.",1,0,0,0,0,0,0,0,1,0,0,1,0,0,0,0,2,0,0.0,0.2,0.0
426,30 Hanging Toes-To-Bar,Strength,Abdominals,None,Intermediate,"The hanging toes-to-bar is an advanced abdominal exercise in which the lifter touches their feet to a pull-up bar. There are many ways to perform this movement: strict or swinging, arms completely straight or slightly bent, legs straight or bent, each providing unique benefits and challenges. Initially, it may be a difficult move to do for a single rep, but once you build the requisite core, lat, and shoulder strength, it can be performed for higher reps.",1,0,0,0,0,0,0,0,1,0,0,1,0,0,0,0,2,0,0.0,0.2,0.0
427,30 V-Up,Strength,Abdominals,None,Intermediate,"The V-up is a bodyweight movement that targets the muscles of the abs, the rectus abdominis or ""six-pack"" muscles in particular. It is similar to a suitcase crunch, but the lower back lifts off the ground at the top of each rep. It can be performed for time or reps in the ab-focused portion of any workout.",1,0,0,0,0,0,0,0,1,0,0,1,0,0,0,0,2,0,0.0,0.2,0.0
428,Cocoon crunch,Strength,Abdominals,None,Intermediate,"The cocoon crunch is a bodyweight exercise targeting the ab muscles, the rectus abdominis or ""six-pack"" muscles in particular. It involves bringing your knees to your chest and your arms from overhead to center. It can be performed for time or reps as part of the ab-focused portion of any workout.",1,0,0,0,0,0,0,0,1,0,0,1,0,0,0,0,2,0,0.7,0.2,0.0
429,Bench oblique crunch,Strength,Abdominals,None,Intermediate,"The bench oblique crunch is an exercise that targets the obliques, the muscles running alongside the rectus abdominis. The range of motion is fairly small, but it still does a great job of working these hard-to-isolate muscles. Like most crunch variations, it is usually performed for moderate to high reps, such as 8-12 reps per set or more.",1,0,0,0,0,0,0,0,1,0,0,1,0,0,0,0,2,0,0.7,0.2,0.0
430,Full moon-,Strength,Abdominals,None,Intermediate,"The full moon is a bodyweight exercise targeting the muscles of the abs. It is similar to a V-up, but with the added challenge of “drawing” a circle shape in the air during each rep. It can be performed for time or reps in the core-focused portion of any workout.",1,0,0,0,0,0,0,0,1,0,0,1,0,0,0,0,2,0,0.0,0.2,0.0
431,Push-up to side plank,Strength,Abdominals,None,Intermediate,"The push-up to side plank is an upper-body and core-focused exercise combining two popular bodyweight movements. It targets the chest, triceps, and shoulders with the push-up, and the obliques and hip external rotator muscles with the side plank. It can be performed as part of a dynamic warm-up or any bodyweight strength-training workout.",1,0,0,0,0,0,0,0,1,0,0,1,0,0,0,0,2,1,0.0,0.2,0.0
432,Tyler Holt V-Up,Strength,Abdominals,None,Intermediate,,1,0,0,0,0,0,0,0,1,0,0,1,0,0,0,0,2,0,0.0,0.2,0.0
433,Tyler Holt Plank,Strength,Abdominals,None,Intermediate,,1,0,0,0,0,0,0,0,1,0,0,1,0,0,0,0,2,0,0.0,0.2,0.0
434,Tyler Holt Hip-Dip,Strength,Abdominals,None,Intermediate,,1,0,0,0,0,0,0,0,1,0,0,1,0,0,0,0,2,0,0.0,0.2,0.0
435,Suicides,Strength,Abdominals,None,Intermediate,,1,0,0,0,0,0,0,0,1,0,0,1,0,0,0,0,2,0,0.0,0.2,0.0
436,Holman Towel Straight Plank Jack,Strength,Abdominals,None,Intermediate,,1,0,0,0,0,0,0,0,1,0,0,1,0,0,0,0,2,0,0.0,0.2,0.0
437,Holman Towel Hill Climber,Strength,Abdominals,None,Intermediate,,1,0,0,0,0,0,0,0,1,0,0,1,0,0,0,0,2,0,0.0,0.2,0.0
438,Holman Towel Elbow Plank Jack,Strength,Abdominals,None,Intermediate,,1,0,0,0,0,0,0,0,1,0,0,1,0,0,0,0,2,0,0.0,0.2,0.0
439,Holman Towel Elbow Plank Pike,Strength,Abdominals,None,Intermediate,,1,0,0,0,0,0,0,0,1,0,0,1,0,0,0,0,2,0,0.0,0.2,0.0
440,Holman Towel Straight Plank Hand Reach,Strength,Abdominals,None,Intermediate,,1,0,0,0,0,0,0,0,1,0,0,1,0,0,0,0,2,0,0.0,0.2,0.0
441,Holman Towel Wax-On Wax-Off,Strength,Abdominals,None,Intermediate,,1,0,0,0,0,0,0,0,1,0,0,1,0,0,0,0,2,0,0.0,0.2,0.0
442,Holman Towel Wide Hill Climber,Strength,Abdominals,None,Intermediate,,1,0,0,0,0,0,0,0,1,0,0,1,0,0,0,0,2,0,0.0,0.2,0.0
443,Holman Towel Dirty Dog,Strength,Abdominals,None,Intermediate,,1,0,0,0,0,0,0,0,1,0,0,1,0,0,0,0,2,0,0.0,0.2,0.0
444,Holman Straight Plank Shoulder Tap,Strength,Abdominals,None,Intermediate,,1,0,0,0,0,0,0,0,1,0,0,1,0,0,0,0,2,0,0.0,0.2,0.0
445,Holman Killer Abs,Strength,Abdominals,None,Intermediate,,1,0,0,0,0,0,0,0,1,0,0,1,0,0,0,0,2,0,0.0,0.2,0.0
446,Holman Straight Plank Split Jack,Strength,Abdominals,None,Intermediate,,1,0,0,0,0,0,0,0,1,0,0,1,0,0,0,0,2,0,0.0,0.2,0.0
447,Holman Elbow Plank Swim,Strength,Abdominals,None,Intermediate,,1,0,0,0,0,0,0,0,1,0,0,1,0,0,0,0,2,0,0.0,0.2,0.0
448,Holman Elbow Plank Saw,Strength,Abdominals,None,Intermediate,,1,0,0,0,0,0,0,0,1,0,0,1,0,0,0,0,2,0,0.0,0.2,0.0
449,Holman Feet-Elevated Straight Plank Toe-Tap Series,Strength,Abdominals,None,Intermediate,,1,0,0,0,0,0,0,0,1,0,0,1,0,0,0,0,2,0,0.0,0.2,0.0
450,Holman Elbow Plank Pike Pull,Strength,Abdominals,None,Intermediate,,1,0,0,0,0,0,0,0,1,0,0,1,0,0,0,0,2,0,0.0,0.2,0.0
451,Holman Hand-Elevated Walk-Over Push-Up,Strength,Abdominals,None,Intermediate,,1,0,0,0,0,0,0,0,1,0,0,1,0,0,0,0,2,1,0.0,0.2,0.0
452,Holman Hands-Elevated Hill Climber,Strength,Abdominals,None,Intermediate,,1,0,0,0,0,0,0,0,1,0,0,1,0,0,0,0,2,0,0.0,0.2,0.0
453,Holman Seated Pike,Strength,Abdominals,None,Intermediate,,1,0,0,0,0,0,0,0,1,0,0,1,0,0,0,0,2,0,0.0,0.2,0.0
454,Holman Feet-Elevated Up-Down Plank,Strength,Abdominals,None,Intermediate,,1,0,0,0,0,0,0,0,1,0,0,1,0,0,0,0,2,0,0.0,0.2,0.0
455,Holman Feet-Elevated Hand Tap,Strength,Abdominals,None,Intermediate,,1,0,0,0,0,0,0,0,1,0,0,1,0,0,0,0,2,0,0.0,0.2,0.0
456,Holman Reverse Straight Plank with Alternating Heel Pull-In,Strength,Abdominals,None,Intermediate,,1,0,0,0,0,0,0,0,1,0,0,1,0,0,0,0,2,0,0.0,0.2,0.0
457,Holman Elbow Plank,Strength,Abdominals,None,Intermediate,,1,0,0,0,0,0,0,0,1,0,0,1,0,0,0,0,2,0,0.0,0.2,0.0
458,Holman Straight Plank Squat Thrust,Strength,Abdominals,None,Intermediate,,1,0,0,0,0,0,0,0,1,0,0,1,0,0,0,0,2,1,0.0,0.2,0.0
459,Holman Alternating Single-Leg Pike,Strength,Abdominals,None,Intermediate,,1,0,0,0,0,0,0,0,1,0,0,1,0,0,0,0,2,0,0.0,0.2,0.0
460,Holman Knee Pull-In Crunch,Strength,Abdominals,None,Intermediate,,1,0,0,0,0,0,0,0,1,0,0,1,0,0,0,0,2,0,0.7,0.2,0.0
461,Holman Straight Plank with Hand Tap,Strength,Abdominals,None,Intermediate,,1,0,0,0,0,0,0,0,1,0,0,1,0,0,0,0,2,0,0.0,0.2,0.0
462,Holman Straight Plank with Dirty Dog,Strength,Abdominals,None,Intermediate,,1,0,0,0,0,0,0,0,1,0,0,1,0,0,0,0,2,0,0.0,0.2,0.0
463,Holman Elbow Plank Roll,Strength,Abdominals,None,Intermediate,,1,0,0,0,0,0,0,0,1,0,0,1,0,0,0,0,2,0,0.0,0.2,0.0
464,Holman Froggy Push-Up,Strength,Abdominals,None,Intermediate,,1,0,0,0,0,0,0,0,1,0,0,1,0,0,0,0,2,1,0.0,0.2,0.0
465,Holman Straight Plank Hand Tap to Shoulder Tap,Strength,Abdominals,None,Intermediate,,1,0,0,0,0,0,0,0,1,0,0,1,0,0,0,0,2,0,0.0,0.2,0.0
466,Holman In-Out Straight Plank,Strength,Abdominals,None,Intermediate,,1,0,0,0,0,0,0,0,1,0,0,1,0,0,0,0,2,0,0.0,0.2,0.0
467,Holman Bicycle,Strength,Abdominals,None,Intermediate,,1,0,0,0,0,0,0,0,1,0,0,1,0,0,0,0,2,0,0.7,0.2,0.0
468,Holman Alternating Diagonal Knee Pull-in,Strength,Abdominals,None,Intermediate,,1,0,0,0,0,0,0,0,1,0,0,1,0,0,0,0,2,0,0.0,0.2,0.0
469,Holman Elbow Plank with Step-Out,Strength,Abdominals,None,Intermediate,,1,0,0,0,0,0,0,0,1,0,0,1,0,0,0,0,2,0,0.0,0.2,0.0
470,Holman Alternating Slow L-Raise,Strength,Abdominals,None,Intermediate,,1,0,0,0,0,0,0,0,1,0,0,1,0,0,0,0,2,0,0.0,0.2,0.0
471,Holman Feet-Elevated Plank with Shoulder Tap,Strength,Abdominals,None,Intermediate,,1,0,0,0,0,0,0,0,1,0,0,1,0,0,0,0,2,0,0.0,0.2,0.0
472,Holman Feet-Elevated Inchworm Pike to Straight Plank Push-Up,Strength,Abdominals,None,Intermediate,,1,0,0,0,0,0,0,0,1,0,0,1,0,0,0,0,2,1,0.0,0.2,0.0
473,Holman Feet-Elevated Up-Down Elbow Plank,Strength,Abdominals,None,Intermediate,,1,0,0,0,0,0,0,0,1,0,0,1,0,0,0,0,2,0,0.0,0.2,0.0
474,Holman Feet-Elevated Plank Pike Pull,Strength,Abdominals,None,Intermediate,,1,0,0,0,0,0,0,0,1,0,0,1,0,0,0,0,2,0,0.0,0.2,0.0
475,Holman Feet-Elevated Alternating Single-Leg Hip Raise,Strength,Abdominals,None,Intermediate,,1,0,0,0,0,0,0,0,1,0,0,1,0,0,0,0,2,0,0.0,0.2,0.0
476,Holman Feet-Elevated Plank Pike Pull to Push-Up,Strength,Abdominals,None,Intermediate,,1,0,0,0,0,0,0,0,1,0,0,1,0,0,0,0,2,1,0.0,0.2,0.0
477,Holman Standing Heel Click,Strength,Abdominals,None,Intermediate,,1,0,0,0,0,0,0,0,1,0,0,1,0,0,0,0,2,0,0.0,0.2,0.0
478,Holman Straight Plank Right-Left Jack to Split Jack,Strength,Abdominals,None,Intermediate,,1,0,0,0,0,0,0,0,1,0,0,1,0,0,0,0,2,0,0.0,0.2,0.0
479,Holman Elbow Plank Jack to Ninja Knees,Strength,Abdominals,None,Intermediate,,1,0,0,0,0,0,0,0,1,0,0,1,0,0,0,0,2,0,0.0,0.2,0.0
480,Holman Right Side Elbow Plank with Left Leg Swing,Strength,Abdominals,None,Intermediate,,1,0,0,0,0,0,0,0,1,0,0,1,0,0,0,0,2,0,0.0,0.2,0.0
481,Holman Left Side Elbow Plank with Right Leg Swing,Strength,Abdominals,None,Intermediate,,1,0,0,0,0,0,0,0,1,0,0,1,0,0,0,0,2,0,0.0,0.2,0.0
482,Holman Straight Plank with Alternating Diagonal Sit-Back,Strength,Abdominals,None,Intermediate,,1,0,0,0,0,0,0,0,1,0,0,1,0,0,0,0,2,0,0.0,0.2,0.0
483,Holman Boat Press with Leg Extension,Strength,Abdominals,None,Intermediate,,1,0,0,0,0,0,0,0,1,0,0,1,0,0,0,0,2,0,0.0,0.2,0.0
484,Holman Shoulder Tap to Dirty Dog,Strength,Abdominals,None,Intermediate,,1,0,0,0,0,0,0,0,1,0,0,1,0,0,0,0,2,0,0.0,0.2,0.0
485,Holman Standing Russian Twist,Strength,Abdominals,None,Intermediate,,1,0,0,0,0,0,0,0,1,0,0,1,0,0,0,0,2,0,0.0,0.2,0.0
486,Holman Hovering Plank with Shoulder Tap,Strength,Abdominals,None,Intermediate,,1,0,0,0,0,0,0,0,1,0,0,1,0,0,0,0,2,0,0.0,0.2,0.0
487,Holman Elbow Plank to Stacked Plank Hip Drop,Strength,Abdominals,None,Intermediate,,1,0,0,0,0,0,0,0,1,0,0,1,0,0,0,0,2,0,0.0,0.2,0.0
488,Holman Elbow Plank to Walk-Up Pike,Strength,Abdominals,None,Intermediate,,1,0,0,0,0,0,0,0,1,0,0,1,0,0,0,0,2,0,0.0,0.2,0.0
489,Holman Hill Climber,Strength,Abdominals,None,Intermediate,,1,0,0,0,0,0,0,0,1,0,0,1,0,0,0,0,2,0,0.0,0.2,0.0
490,Holman Straight Plank Pike to Renegade Row,Strength,Abdominals,None,Intermediate,,1,0,0,0,0,0,0,0,1,0,0,1,0,0,0,0,2,1,0.7,0.2,0.0
491,Holman Alternating Hip Drop to Push-Up,Strength,Abdominals,None,Intermediate,,1,0,0,0,0,0,0,0,1,0,0,1,0,0,0,0,2,1,0.0,0.2,0.0
492,Holman Crab Kick,Strength,Abdominals,None,Intermediate,,1,0,0,0,0,0,0,0,1,0,0,1,0,0,0,0,2,0,0.0,0.2,0.0
493,Holman Wounded Bear Crawl,Strength,Abdominals,None,Intermediate,,1,0,0,0,0,0,0,0,1,0,0,1,0,0,0,0,2,0,0.0,0.2,0.0
494,Holman Alternating Crab Reach,Strength,Abdominals,None,Intermediate,,1,0,0,0,0,0,0,0,1,0,0,1,0,0,0,0,2,0,0.0,0.2,0.0
495,Holman Hovering Panther Core Stabilizer,Strength,Abdominals,None,Intermediate,,1,0,0,0,0,0,0,0,1,0,0,1,0,0,0,0,2,0,0.0,0.2,0.0
496,Holman Burpee to Forward Lunge,Strength,Abdominals,None,Intermediate,,1,0,0,0,0,0,0,0,1,0,0,1,0,0,0,0,2,1,0.7,0.2,0.0
497,Holman Seated Knee Pull-In Series,Strength,Abdominals,None,Intermediate,,1,0,0,0,0,0,0,0,1,0,0,1,0,0,0,0,2,0,0.0,0.2,0.0
498,Holman Elbow Plank Pike,Strength,Abdominals,None,Intermediate,,1,0,0,0,0,0,0,0,1,0,0,1,0,0,0,0,2,0,0.0,0.2,0.0
499,Holman Elbow Plank Jack to Straight Plank Split Jack,Strength,Abdominals,None,Intermediate,,1,0,0,0,0,0,0,0,1,0,0,1,0,0,0,0,2,0,0.0,0.2,0.0
500,Holman Boat Pull-Over,Strength,Abdominals,None,Intermediate,,1,0,0,0,0,0,0,0,1,0,0,1,0,0,0,0,2,0,0.0,0.2,0.0
501,Holman Squat Pulse to Plyometric Jump,Strength,Abdominals,None,Intermediate,,1,0,0,0,0,0,0,0,1,0,0,1,0,0,0,0,2,1,0.7,0.2,0.0
502,Holman Hands Down Heel Click,Strength,Abdominals,None,Intermediate,,1,0,0,0,0,0,0,0,1,0,0,1,0,0,0,0,2,0,0.0,0.2,0.0
503,Holman Straight Plank to Kick-Up,Strength,Abdominals,None,Intermediate,,1,0,0,0,0,0,0,0,1,0,0,1,0,0,0,0,2,0,0.0,0.2,0.0
504,Holman Hands-Elevated Split Jack,Strength,Abdominals,None,Intermediate,,1,0,0,0,0,0,0,0,1,0,0,1,0,0,0,0,2,0,0.0,0.2,0.0
505,Holman Feet-Elevated Plank Reach,Strength,Abdominals,None,Intermediate,,1,0,0,0,0,0,0,0,1,0,0,1,0,0,0,0,2,0,0.0,0.2,0.0
506,Holman Hand-Elevated Side Plank Semicircle,Strength,Abdominals,None,Intermediate,,1,0,0,0,0,0,0,0,1,0,0,1,0,0,0,0,2,0,0.0,0.2,0.0
507,Holman Hands-Elevated Straight Plank Pike,Strength,Abdominals,None,Intermediate,,1,0,0,0,0,0,0,0,1,0,0,1,0,0,0,0,2,0,0.0,0.2,0.0
508,Holman Alternating Rolling Elbow Plank,Strength,Abdominals,None,Intermediate,,1,0,0,0,0,0,0,0,1,0,0,1,0,0,0,0,2,0,0.0,0.2,0.0
509,Holman Elbow Plank Jack,Strength,Abdominals,None,Intermediate,,1,0,0,0,0,0,0,0,1,0,0,1,0,0,0,0,2,0,0.0,0.2,0.0
510,Holman Squat Thrust to Alternating Knee-In,Strength,Abdominals,None,Intermediate,,1,0,0,0,0,0,0,0,1,0,0,1,0,0,0,0,2,1,0.0,0.2,0.0
511,Holman Supine Double Pike,Strength,Abdominals,None,Intermediate,,1,0,0,0,0,0,0,0,1,0,0,1,0,0,0,0,2,0,0.0,0.2,0.0
512,Holman Elbow Plank Alternating Pike,Strength,Abdominals,None,Intermediate,,1,0,0,0,0,0,0,0,1,0,0,1,0,0,0,0,2,0,0.0,0.2,0.0
513,Holman Seated Killer Abs,Strength,Abdominals,None,Intermediate,,1,0,0,0,0,0,0,0,1,0,0,1,0,0,0,0,2,0,0.0,0.2,0.0
514,Holman Side Plank Hip Drop,Strength,Abdominals,None,Intermediate,,1,0,0,0,0,0,0,0,1,0,0,1,0,0,0,0,2,0,0.0,0.2,0.0
515,Holman Wide Hill Climber,Strength,Abdominals,None,Intermediate,,1,0,0,0,0,0,0,0,1,0,0,1,0,0,0,0,2,0,0.0,0.2,0.0
516,Holman Straight-Legged Bicycle,Strength,Abdominals,None,Intermediate,,1,0,0,0,0,0,0,0,1,0,0,1,0,0,0,0,2,0,0.7,0.2,0.0
517,Holman Stair Toe Tap,Strength,Abdominals,None,Intermediate,,1,0,0,0,0,0,0,0,1,0,0,1,0,0,0,0,2,0,0.0,0.2,0.0
518,Holman Elbow Plank Ninja,Strength,Abdominals,None,Intermediate,,1,0,0,0,0,0,0,0,1,0,0,1,0,0,0,0,2,0,0.0,0.2,0.0
519,Holman Traveling Stair Climb Push-Up,Strength,Abdominals,None,Intermediate,,1,0,0,0,0,0,0,0,1,0,0,1,0,0,0,0,2,1,0.0,0.2,0.0
520,Holman Hands-Elevated Burpee,Strength,Abdominals,None,Intermediate,,1,0,0,0,0,0,0,0,1,0,0,1,0,0,0,0,2,1,0.7,0.2,0.0
521,Holman Straight Plank Donkey Kick,Strength,Abdominals,None,Intermediate,,1,0,0,0,0,0,0,0,1,0,0,1,0,0,0,0,2,0,0.0,0.2,0.0
522,Holman Feet-Elevated Straight Plank Pike Pull,Strength,Abdominals,None,Intermediate,,1,0,0,0,0,0,0,0,1,0,0,1,0,0,0,0,2,0,0.0,0.2,0.0
523,Holman Towel Burpee,Strength,Abdominals,None,Intermediate,,1,0,0,0,0,0,0,0,1,0,0,1,0,0,0,0,2,1,0.7,0.2,0.0
524,Holman Elbow Plank to Alternating Side Plank Crunch,Strength,Abdominals,None,Intermediate,,1,0,0,0,0,0,0,0,1,0,0,1,0,0,0,0,2,0,0.7,0.2,0.0
525,Holman Straight-Legged Hip Raise,Strength,Abdominals,None,Intermediate,,1,0,0,0,0,0,0,0,1,0,0,1,0,0,0,0,2,0,0.0,0.2,0.0
526,Holman Feet-Elevated Hill Climber,Strength,Abdominals,None,Intermediate,,1,0,0,0,0,0,0,0,1,0,0,1,0,0,0,0,2,0,0.0,0.2,0.0
527,Holman Ninja Knee Hill Climber,Strength,Abdominals,None,Intermediate,,1,0,0,0,0,0,0,0,1,0,0,1,0,0,0,0,2,0,0.0,0.2,0.0
528,Holman Feet-Elevated Shoulder Tap,Strength,Abdominals,None,Intermediate,,1,0,0,0,0,0,0,0,1,0,0,1,0,0,0,0,2,0,0.0,0.2,0.0
529,Holman Feet-Elevated Hip Raise,Strength,Abdominals,None,Intermediate,,1,0,0,0,0,0,0,0,1,0,0,1,0,0,0,0,2,0,0.0,0.2,0.0
530,Holman Left Hand Right Foot Crab Reach,Strength,Abdominals,None,Intermediate,,1,0,0,0,0,0,0,0,1,0,0,1,0,0,0,0,2,0,0.0,0.2,0.0
531,Holman Alternating Crab Flip to Froggy Push-Up to Kicks,Strength,Abdominals,None,Intermediate,,1,0,0,0,0,0,0,0,1,0,0,1,0,0,0,0,2,1,0.0,0.2,0.0
532,Holman Right Hand Left Foot Sleeping Crab,Strength,Abdominals,None,Intermediate,,1,0,0,0,0,0,0,0,1,0,0,1,0,0,0,0,2,0,0.0,0.2,0.0
533,Holman Left Hand Right Foot Sleeping Crab,Strength,Abdominals,None,Intermediate,,1,0,0,0,0,0,0,0,1,0,0,1,0,0,0,0,2,0,0.0,0.2,0.0
534,Holman Straight Plank with Alternating Leg Kick-Under,Strength,Abdominals,None,Intermediate,,1,0,0,0,0,0,0,0,1,0,0,1,0,0,0,0,2,0,0.0,0.2,0.0
535,Holman Right Hip Drop Push-Up,Strength,Abdominals,None,Intermediate,,1,0,0,0,0,0,0,0,1,0,0,1,0,0,0,0,2,1,0.0,0.2,0.0
536,Holman Right Side Diagonal Burpee,Strength,Abdominals,None,Intermediate,,1,0,0,0,0,0,0,0,1,0,0,1,0,0,0,0,2,1,0.7,0.2,0.0
537,Holman Left Hip Drop Push-Up,Strength,Abdominals,None,Intermediate,,1,0,0,0,0,0,0,0,1,0,0,1,0,0,0,0,2,1,0.0,0.2,0.0
538,Holman Right Leg 7-Up Crunch,Strength,Abdominals,None,Intermediate,,1,0,0,0,0,0,0,0,1,0,0,1,0,0,0,0,2,0,0.7,0.2,0.0
539,Holman Left Leg 7-Up Crunch,Strength,Abdominals,None,Intermediate,,1,0,0,0,0,0,0,0,1,0,0,1,0,0,0,0,2,0,0.7,0.2,0.0
540,Holman Straight Plank Jack,Strength,Abdominals,None,Intermediate,,1,0,0,0,0,0,0,0,1,0,0,1,0,0,0,0,2,0,0.0,0.2,0.0
541,Holman Feet-Elevated Couch Hill Climber,Strength,Abdominals,None,Intermediate,,1,0,0,0,0,0,0,0,1,0,0,1,0,0,0,0,2,0,0.0,0.2,0.0
542,Holman Feet-Elevated Right Side Plank,Strength,Abdominals,None,Intermediate,,1,0,0,0,0,0,0,0,1,0,0,1,0,0,0,0,2,0,0.0,0.2,0.0
543,Holman Alternating Up-Down Plank to Push-Up,Strength,Abdominals,None,Intermediate,,1,0,0,0,0,0,0,0,1,0,0,1,0,0,0,0,2,1,0.0,0.2,0.0
544,Holman Straight Plank Pike,Strength,Abdominals,None,Intermediate,,1,0,0,0,0,0,0,0,1,0,0,1,0,0,0,0,2,0,0.0,0.2,0.0
545,Holman Ninja Knee Straight Plank,Strength,Abdominals,None,Intermediate,,1,0,0,0,0,0,0,0,1,0,0,1,0,0,0,0,2,0,0.0,0.2,0.0
546,Holman Reverse Crunch to Hip Raise,Strength,Abdominals,None,Intermediate,,1,0,0,0,0,0,0,0,1,0,0,1,0,0,0,0,2,0,0.7,0.2,0.0
547,Holman Straight Plank Quick Reach,Strength,Abdominals,None,Intermediate,,1,0,0,0,0,0,0,0,1,0,0,1,0,0,0,0,2,0,0.0,0.2,0.0
548,Holman Alternating Diagonal Straight Plank,Strength,Abdominals,None,Intermediate,,1,0,0,0,0,0,0,0,1,0,0,1,0,0,0,0,2,0,0.0,0.2,0.0
549,Holman Feet-Elevated Left Side Plank,Strength,Abdominals,None,Intermediate,,1,0,0,0,0,0,0,0,1,0,0,1,0,0,0,0,2,0,0.0,0.2,0.0
550,Holman Right Hand Left Foot Crab Reach,Strength,Abdominals,None,Intermediate,,1,0,0,0,0,0,0,0,1,0,0,1,0,0,0,0,2,0,0.0,0.2,0.0
551,Holman Low-Impact Crab Kick,Strength,Abdominals,None,Intermediate,,1,0,0,0,0,0,0,0,1,0,0,1,0,0,0,0,2,0,0.0,0.2,0.0
552,Holman Alternating Crab Flip to Froggy Push-Up,Strength,Abdominals,None,Intermediate,,1,0,0,0,0,0,0,0,1,0,0,1,0,0,0,0,2,1,0.0,0.2,0.0
553,Holman High-Impact Crab Kick,Strength,Abdominals,None,Intermediate,,1,0,0,0,0,0,0,0,1,0,0,1,0,0,0,0,2,0,0.0,0.2,0.0
554,Holman Single-Leg Right Pike,Strength,Abdominals,None,Intermediate,,1,0,0,0,0,0,0,0,1,0,0,1,0,0,0,0,2,0,0.0,0.2,0.0
555,Holman Single-Leg Left Pike,Strength,Abdominals,None,Intermediate,,1,0,0,0,0,0,0,0,1,0,0,1,0,0,0,0,2,0,0.0,0.2,0.0
556,Holman Shoulder Tap to Hand Tap,Strength,Abdominals,None,Intermediate,,1,0,0,0,0,0,0,0,1,0,0,1,0,0,0,0,2,0,0.0,0.2,0.0
557,Holman Towel Reverse Plank Jack,Strength,Abdominals,None,Intermediate,,1,0,0,0,0,0,0,0,1,0,0,1,0,0,0,0,2,0,0.0,0.2,0.0
558,Holman Side-to-Side Twist,Strength,Abdominals,None,Intermediate,,1,0,0,0,0,0,0,0,1,0,0,1,0,0,0,0,2,0,0.0,0.2,0.0
559,Holman Crab Kick with Hop,Strength,Abdominals,None,Intermediate,,1,0,0,0,0,0,0,0,1,0,0,1,0,0,0,0,2,0,0.0,0.2,0.0
560,Holman Crab Reach to Crab Kick,Strength,Abdominals,None,Intermediate,,1,0,0,0,0,0,0,0,1,0,0,1,0,0,0,0,2,0,0.0,0.2,0.0
561,Holman Wide Squat Side-to-Side Obliques,Strength,Abdominals,None,Intermediate,,1,0,0,0,0,0,0,0,1,0,0,1,0,0,0,0,2,1,0.0,0.2,0.0
562,Holman Side Plank Crunch,Strength,Abdominals,None,Intermediate,,1,0,0,0,0,0,0,0,1,0,0,1,0,0,0,0,2,0,0.7,0.2,0.0
563,Total Fitness Ab Tuck,Strength,Abdominals,None,Intermediate,"The hollow-body knee tuck is a bodyweight abdominal exercise performed on the floor. It is similar to both the hollow-body hold and the knee tuck or reverse crunch, combining elements of both. It primarily targets the muscles of the rectus abdominis, or “six-pack” muscles. It can be performed for reps or time, either as part of an ab-focused workout or as a component of a circuit workout.",1,0,0,0,0,0,0,0,1,0,0,1,0,0,0,0,2,0,0.0,0.2,0.0
564,Active hang from bar,Strength,Abdominals,None,Intermediate,"The active hang from bar is a static exercise that involves isometrically squeezing the shoulders into the sockets and activating the muscles of the upper back and core. It can be used to improve pull-up form or to do more pull-ups, but also has postural and shoulder health benefits.",1,0,0,0,0,0,0,0,1,0,0,1,0,0,0,0,2,0,0.0,0.2,0.0
565,Cat-cow,Strength,Abdominals,None,Intermediate,Cat-cow is a traditional yoga pose that is also popular in fitness and strength training. It targets spinal mobility and control of the vertebral column. It can be performed for time or reps as part of a dynamic warm-up or as a mobility or restorative exercise anytime. It can also work as part of a yoga or bodyweight sequence with other poses.,1,0,0,0,0,0,0,0,1,0,0,1,0,0,0,0,2,0,0.0,0.2,0.0
566,Crab walk,Strength,Abdominals,None,Intermediate,"The crab walk is a full-body exercise that has been popular in schools and gym classes for decades. It's a full-body coordination challenge that also burns serious calories, making it an excellent inclusion in a full-body warm-up or bodyweight circuit workout.",1,0,0,0,0,0,0,0,1,0,0,1,0,0,0,0,2,0,0.0,0.2,0.0
567,Lunge with overhead reach,Strength,Abdominals,None,Intermediate,The lunge with overhead reach is a full-body bodyweight movement targeting the quads and shoulders. It has both strength and mobility benefits and can be performed one leg at a time or alternating for time or for reps.,1,0,0,0,0,0,0,0,1,0,0,1,0,0,0,0,2,0,0.0,0.2,0.0
568,Hang from bar,Strength,Abdominals,None,Intermediate,"The hang from bar is a static exercise that involves hanging from a bar by two hands. It can either be an ""active hang,"" where you pack the shoulders and activate the muscles of the upper back, or a ""passive hang,"" where you let the shoulders unpack and let the muscles of the upper body stretch. A passive hang may not be appropriate for all people depending on their shoulder health, but many coaches believe hanging can be healthy for the shoulders when done properly.",1,0,0,0,0,0,0,0,1,0,0,1,0,0,0,0,2,0,0.0,0.2,0.0
569,Total Fitness Hollow Hold,Strength,Abdominals,None,Intermediate,"The hollow-body hold is an isometric exercise that increases strength and stability in the core muscles. It is common in gymnastics training, CrossFit training, and as a core tension and bracing drill for lifters and athletes of all types. It is performed for time and can be performed as an activation drill prior to lifting, as part of a circuit, or as equipment-free core training anytime.",1,0,0,0,0,0,0,0,1,0,0,1,0,0,0,0,2,0,0.0,0.2,0.0
570,Total Fitness Side Plank,Strength,Abdominals,None,Intermediate,"The side plank is a popular isometric abdominal exercise focusing on the oblique muscles, as well as the transversus abdominis or deep core muscles. It is sometimes paired with the curl up and bird dog as the “McGill big three” for core strength and stability. It is performed for time and can work in a warm-up or in the core-focused portion of any workout.",1,0,0,0,0,0,0,0,1,0,0,1,0,0,0,0,2,0,0.0,0.2,0.0
571,Side plank pulse,Strength,Abdominals,None,Intermediate,"The side plank pulse is a dynamic version of the side plank exercise focusing on the oblique muscles, as well as the transversus abdominis or deep core muscles. It can be performed for time or reps and can work in a warm-up or in the core-focused portion of any workout.",1,0,0,0,0,0,0,0,1,0,0,1,0,0,0,0,2,0,0.0,0.2,0.0
572,Total Fitness Spider Crawl (Unweighted),Strength,Abdominals,None,Intermediate,"The spider crawl is a bodyweight exercise that involves crawling on the floor with the knees outside of the elbows. It is different from a leopard crawl in that the hips are higher, and it's different from a bear crawl because the knees are wider. It can be done as a full-body warm-up, in short bursts for power or circuit training, or for longer durations as cardiovascular conditioning.",1,0,0,0,0,0,0,0,1,0,0,1,0,0,0,0,2,0,0.0,0.2,0.0
573,Total Fitness V-Up,Strength,Abdominals,None,Intermediate,"The V-up is a bodyweight movement that targets the muscles of the abs, the rectus abdominis or ""six-pack"" muscles in particular. It is similar to a suitcase crunch, but the lower back lifts off the ground at the top of each rep. It can be performed for time or reps in the ab-focused portion of any workout.",1,0,0,0,0,0,0,0,1,0,0,1,0,0,0,0,2,0,0.0,0.2,0.0
574,MetaBurn Alternating Knee-to-Elbow Mountain Climber,Strength,Abdominals,None,Intermediate,,1,0,0,0,0,0,0,0,1,0,0,1,0,0,0,0,2,0,0.0,0.2,0.0
575,Alternating sit-through with crunch-,Strength,Abdominals,None,Intermediate,"The alternating sit-through with crunch is a full-body movement that starts in a bear crawl position and ends with a leg kicked out to the side. In between reps, you perform a crunch. It is commonly performed for reps or time in bodyweight circuits and animal-style flows, but can also work on its own or as part of a dynamic warm-up or mobility sequence.",1,0,0,0,0,0,0,0,1,0,0,1,0,0,0,0,2,0,0.7,0.2,0.0
576,MetaBurn Alternating Toe-Touch,Strength,Abdominals,None,Intermediate,,1,0,0,0,0,0,0,0,1,0,0,1,0,0,0,0,2,0,0.0,0.2,0.0
577,MetaBurn Janda Sit-Up,Strength,Abdominals,None,Intermediate,,1,0,0,0,0,0,0,0,1,0,0,1,0,0,0,0,2,0,0.0,0.2,0.0
578,MetaBurn Oblique Roll Crunch,Strength,Abdominals,None,Intermediate,,1,0,0,0,0,0,0,0,1,0,0,1,0,0,0,0,2,0,0.7,0.2,0.0
579,MetaBurn Plank Jack,Strength,Abdominals,None,Intermediate,,1,0,0,0,0,0,0,0,1,0,0,1,0,0,0,0,2,0,0.0,0.2,0.0
580,MetaBurn Plank To Alternating Side Plank,Strength,Abdominals,None,Intermediate,,1,0,0,0,0,0,0,0,1,0,0,1,0,0,0,0,2,0,0.0,0.2,0.0
581,MetaBurn Plank Up-Down,Strength,Abdominals,None,Intermediate,,1,0,0,0,0,0,0,0,1,0,0,1,0,0,0,0,2,0,0.0,0.2,0.0
582,MetaBurn Plank Wiper,Strength,Abdominals,None,Intermediate,,1,0,0,0,0,0,0,0,1,0,0,1,0,0,0,0,2,0,0.0,0.2,0.0
583,MetaBurn Plank With Alternating Toe-Touch,Strength,Abdominals,None,Intermediate,,1,0,0,0,0,0,0,0,1,0,0,1,0,0,0,0,2,0,0.0,0.2,0.0
584,MetaBurn Plyo Push-Up,Strength,Abdominals,None,Intermediate,,1,0,0,0,0,0,0,0,1,0,0,1,0,0,0,0,2,1,0.0,0.2,0.0
585,MetaBurn Psycho Crunch,Strength,Abdominals,None,Intermediate,,1,0,0,0,0,0,0,0,1,0,0,1,0,0,0,0,2,0,0.7,0.2,0.0
586,MetaBurn Scapular Retraction Plank,Strength,Abdominals,None,Intermediate,,1,0,0,0,0,0,0,0,1,0,0,1,0,0,0,0,2,0,0.0,0.2,0.0
587,MetaBurn Scapular Retraction Plank Hold,Strength,Abdominals,None,Intermediate,,1,0,0,0,0,0,0,0,1,0,0,1,0,0,0,0,2,0,0.0,0.2,0.0
588,MetaBurn Scorpion,Strength,Abdominals,None,Intermediate,,1,0,0,0,0,0,0,0,1,0,0,1,0,0,0,0,2,0,0.0,0.2,0.0
589,MetaBurn Side Crawler,Strength,Abdominals,None,Intermediate,,1,0,0,0,0,0,0,0,1,0,0,1,0,0,0,0,2,0,0.0,0.2,0.0
590,MetaBurn Side Plank Oblique Crunch,Strength,Abdominals,None,Intermediate,,1,0,0,0,0,0,0,0,1,0,0,1,0,0,0,0,2,0,0.7,0.2,0.0
591,MetaBurn Sit-Through,Strength,Abdominals,None,Intermediate,,1,0,0,0,0,0,0,0,1,0,0,1,0,0,0,0,2,0,0.0,0.2,0.0
592,MetaBurn Sit-Up To V-Up,Strength,Abdominals,None,Intermediate,,1,0,0,0,0,0,0,0,1,0,0,1,0,0,0,0,2,0,0.0,0.2,0.0
593,MetaBurn Sit-Up With Rotation,Strength,Abdominals,None,Intermediate,,1,0,0,0,0,0,0,0,1,0,0,1,0,0,0,0,2,0,0.0,0.2,0.0
594,MetaBurn Split-Leg Crunch,Strength,Abdominals,None,Intermediate,,1,0,0,0,0,0,0,0,1,0,0,1,0,0,0,0,2,0,0.7,0.2,0.0
595,MetaBurn Tabletop Hip Thrust,Strength,Abdominals,None,Intermediate,,1,0,0,0,0,0,0,0,1,0,0,1,0,0,0,0,2,0,0.0,0.2,0.0
596,MetaBurn Tabletop With Russian Kick,Strength,Abdominals,None,Intermediate,,1,0,0,0,0,0,0,0,1,0,0,1,0,0,0,0,2,0,0.0,0.2,0.0
597,MetaBurn Toe Driver Abs,Strength,Abdominals,None,Intermediate,,1,0,0,0,0,0,0,0,1,0,0,1,0,0,0,0,2,0,0.0,0.2,0.0
598,MetaBurn-V-Up,Strength,Abdominals,None,Intermediate,,1,0,0,0,0,0,0,0,1,0,0,1,0,0,0,0,2,0,0.0,0.2,0.0
599,X-body V-up,Strength,Abdominals,None,Intermediate,"The X-body V-up is a bodyweight abdominal exercise performed on the floor. It is similar to the popular V-up exercise, but is performed with the arms and legs out wide in an X-shape. It primarily targets the muscles of the rectus abdominis, or “six-pack” muscles. It can be performed for reps or time, either as part of an ab-focused workout or as a component of a circuit workout.",1,0,0,0,0,0,0,0,1,0,0,1,0,0,0,0,2,0,0.0,0.2,0.0
600,MetaBurn Swivel Crunch,Strength,Abdominals,None,Intermediate,,1,0,0,0,0,0,0,0,1,0,0,1,0,0,0,0,2,0,0.7,0.2,0.0
601,Robertson Core-Engaged Dead Bug,Strength,Abdominals,None,Intermediate,,1,0,0,0,0,0,0,0,1,0,0,1,0,0,0,0,2,0,0.0,0.2,0.0
602,FYR2 Double-Under,Strength,Abdominals,None,Intermediate,,1,0,0,0,0,0,0,0,1,0,0,1,0,0,0,0,2,0,0.0,0.2,0.0
603,FYR2 Fire Feet with Burpee Tuck Jump Drill,Strength,Abdominals,None,Intermediate,,1,0,0,0,0,0,0,0,1,0,0,1,0,0,0,0,2,1,0.8999999999999999,0.2,0.0
604,FYR2 Flutter Kick,Strength,Abdominals,None,Intermediate,,1,0,0,0,0,0,0,0,1,0,0,1,0,0,0,0,2,0,0.0,0.2,0.0
605,FYR2 Half-Moon,Strength,Abdominals,None,Intermediate,,1,0,0,0,0,0,0,0,1,0,0,1,0,0,0,0,2,0,0.0,0.2,0.0
606,FYR2 Leopard Crawl,Strength,Abdominals,None,Intermediate,,1,0,0,0,0,0,0,0,1,0,0,1,0,0,0,0,2,0,0.0,0.2,0.0
607,FYR2 Plank Alternating Front Step,Strength,Abdominals,None,Intermediate,,1,0,0,0,0,0,0,0,1,0,0,1,0,0,0,0,2,0,0.0,0.2,0.0
608,FYR2 Shoulder Tap,Strength,Abdominals,None,Intermediate,,1,0,0,0,0,0,0,0,1,0,0,1,0,0,0,0,2,0,0.0,0.2,0.0
609,Hand shift plank,Strength,Abdominals,None,Intermediate,The hand shift plank is a progression of the straight-arm plank exercise where you maintain a plank position as you shift your hands side to side. The additional movement forces the core muscles to work harder to stabilize.,1,0,0,0,0,0,0,0,1,0,0,1,0,0,0,0,2,0,0.0,0.2,0.0
610,Cross-body plank march,Strength,Abdominals,None,Intermediate,"The cross-body plank march is an exercise targeting the entire core but especially the obliques. It’s more difficult than a standard plank, with the extra stabilization challenge of bringing one knee at a time off the ground toward the opposing elbow. This will increase the challenge to the core and shoulder muscles, but also present a coordination and balance challenge.",1,0,0,0,0,0,0,0,1,0,0,1,0,0,0,0,2,0,0.0,0.2,0.0
611,Bent-knee Copenhagen hip adduction,Strength,Abdominals,None,Intermediate,"The bent-knee Copenhagen hip adduction is an advanced exercise that combines the isometric stabilization of the Copenhagen plank with dynamic adductions to challenge the core stabilizers and adductors. This exercise targets the same muscles as the side plank, including the obliques, shoulders, and lateral hips, but places extra emphasis on the adductors and is more difficult than side planks on the floor. Most lifters will need to progress to this version after mastering the basic side plank or Copenhagen plank first.",1,0,0,0,0,0,0,0,1,0,0,1,0,0,0,0,2,0,0.0,0.2,0.0
612,Copenhagen plank,Strength,Abdominals,None,Intermediate,"The Copenhagen plank is an advanced version of the side plank performed with one foot on a bench and the other foot hovering under it. This exercise targets the same muscles as the side plank, including the obliques, shoulders, and lateral hips, but places extra emphasis on the adductors and is more difficult than side planks on the floor. Most lifters will need to progress to this version after mastering the basic side plank or feet-elevated side plank first.",1,0,0,0,0,0,0,0,1,0,0,1,0,0,0,0,2,0,0.0,0.2,0.0
613,ACFT Hanging leg tuck,Strength,Abdominals,None,Intermediate,"The hanging leg tuck is an exercise targeting the entire body, including the arms, upper back, abs, and hip flexors. This specific exercise is part of the new Army Combat Fitness Test or ACFT. It is performe while hanging from a bar and combines elements of a pull-up with a leg raise. Experienced lifters make these look easy, but beginners may need time to build up to sets of 8-12 reps.",1,0,0,0,0,0,0,0,1,0,0,1,0,0,0,0,2,0,0.0,0.2,0.0
614,Alternating hanging knee raise,Strength,Abdominals,None,Intermediate,"The alternating hanging knee raise is an exercise targeting the abs, but which also works the lats and hip flexors. Rather than performing both legs at a time, you lift one knee at a time and alternate with each rep as if marching in place. Knee raises are often performed for moderate to high reps, such as 8-12 reps or more, as part of ab-focused training.",1,0,0,0,0,0,0,0,1,0,0,1,0,0,0,0,2,0,0.0,0.2,0.0
615,Plank To Sphinx,Strength,Abdominals,None,Intermediate,,1,0,0,0,0,0,0,0,1,0,0,1,0,0,0,0,2,0,0.0,0.2,0.0
616,Twisting Mountain Climbers,Strength,Abdominals,None,Intermediate,,1,0,0,0,0,0,0,0,1,0,0,1,0,0,0,0,2,0,0.0,0.2,0.0
617,Jack Knives,Strength,Abdominals,None,Intermediate,,1,0,0,0,0,0,0,0,1,0,0,1,0,0,0,0,2,0,0.0,0.2,0.0
618,Hanging Leg Raises,Strength,Abdominals,None,Intermediate,,1,0,0,0,0,0,0,0,1,0,0,1,0,0,0,0,2,0,0.0,0.2,0.0
619,Dumbbell suitcase crunch,Strength,Abdominals,None,Intermediate,"The dumbbell suitcase crunch is a weighted version of a popular abdominal training exercise. The simple addition of a weight makes the suitcase crunch far more difficult, helping build the ""six pack"" muscles and providing a different stimulus to the core during training.",1,0,0,0,0,0,0,0,1,0,0,1,0,0,0,0,2,0,0.7,0.2,0.9375
620,Medicine ball rotational throw,Strength,Abdominals,None,Intermediate,"The medicine ball rotational throw is an explosive exercise targeting the abdominals, including the obliques, as well as the hips and upper back. It involves standing sideways to the wall and twisting the torso to hurl a medicine ball into the wall, then catching the ball on the ricochet. It can be performed for lower reps with a focus on power, or for higher reps with a focus on fat loss and conditioning.",1,0,0,0,0,0,0,0,1,0,0,1,0,0,0,0,2,1,0.7,0.2,0.0
621,Hollow-hold ball toss,Strength,Abdominals,None,Intermediate,"The hollow-hold ball toss is a more difficult version of the hollow-body hold exercise. It involves tossing a ball to a partner while maintaining an isometric hold in the hollow-body position. It can be done for reps or time in any ab-focused workout, or in an ""I go, you go"" format.",1,0,0,0,0,0,0,0,1,0,0,1,0,0,0,0,2,0,0.0,0.2,0.0
622,Partner front Russian twist and pass,Strength,Abdominals,None,Beginner,"The partner front Russian twist and pass is a weighted version of a popular abdominal training exercise that also utilizes a training partner to add another dynamic component. It targets the oblique muscles, as well as the deep muscles of the core and the rectus abdominis or ""six pack"" muscles. It can be done for reps or time in an ab-focused portion of any workout.",1,0,0,0,0,0,0,0,1,0,0,1,0,0,0,0,1,0,0.0,0.2,0.0
623,Sit-up with single-arm overhand throw,Strength,Abdominals,None,Intermediate,"The sit-up with single-arm overhand throw is an exercise targeting the core muscles, but the inclusion of the throw also brings in other upper-body muscles. When you come to the top of the sit-up position, you throw a medicine ball using one arm to a partner who then throws it right back to you to be caught with both hands. It can be performed for time or reps as part of the ab-focused portion of any workout.",1,0,0,0,0,0,0,0,1,0,0,1,0,0,0,0,2,1,0.7,0.2,0.0
624,Medicine ball partner twist,Strength,Abdominals,None,Intermediate,"The medicine ball partner twist is a plyometrics exercise targeting the core muscles, particularly the obliques. You and a partner stand back to back and rotate in unison to pass a medicine ball back and forth on alternating sides.",1,0,0,0,0,0,0,0,1,0,0,1,0,0,0,0,2,0,0.0,0.2,0.0
625,Partner side Russian twist and pass,Strength,Abdominals,None,Beginner,"The partner side Russian twist and pass is a weighted version of a popular abdominal training exercise that also utilizes a training partner to add another dynamic component. It primarily targets the oblique muscles, as well as the deep muscles of the core and the rectus abdominis or ""six pack"" muscles. It can be done for reps or time in an ab-focused portion of any workout.",1,0,0,0,0,0,0,0,1,0,0,1,0,0,0,0,1,0,0.0,0.2,0.0
626,Medicine ball half moon,Strength,Abdominals,None,Intermediate,"The medicine ball half moon is a dynamic core exercise performed around and over a medicine ball or other short, stationary object. It is similar in some ways to a V-up or reverse crunch, and targets both the obliques and the rectus abdominis or ""six-pack"" muscles. It can be performed for reps or for time, usually in dedicated ab training or as part of a medicine ball and bodyweight circuit workout.",1,0,0,0,0,0,0,0,1,0,0,1,0,0,0,0,2,0,0.0,0.2,0.0
627,Exercise ball roll-out,Strength,Abdominals,None,Intermediate,"The exercise ball roll-out is an exercise that strengthens the core, shoulders and upper- back muscles. It starts in a plank-style position, with the arms resting on a ball. Then, roll the ball out in front of you as far as you can while maintaining a strong, neutral spinal position. The lack of stability from the ball increases the degree of difficulty. This is a difficult movement, and beginners may need to use a limited range of motion.",1,0,0,0,0,0,0,0,1,0,0,1,0,0,0,0,2,0,0.0,0.2,0.0
628,Medicine ball pass,Strength,Abdominals,None,Intermediate,"The medicine ball pass is a simple partner-based exercise that involves throwing a weighted ball back and forth. It can be part of a dynamic warm-up for lifting or athletics, but can also work as active rest or as a component of circuit training.",1,0,0,0,0,0,0,0,1,0,0,1,0,0,0,0,2,0,0.0,0.2,0.0
629,Partner medicine ball sit-up,Strength,Abdominals,None,Intermediate,"The partner medicine ball sit-up is a more difficult version of the traditional abdominal exercise. Two partners pass a medicine ball back and forth at the top of each rep, so each one must alternate a weighted rep with an unweighted rep. This technique can be done for reps or time in any ab-focused workout, in an ""I go, you go"" format.",1,0,0,0,0,0,0,0,1,0,0,1,0,0,0,0,2,0,0.0,0.2,0.0
630,Medicine ball Russian twist,Strength,Abdominals,None,Intermediate,"The medicine ball Russian twist is a weighted version of a popular abdominal training exercise. It targets the oblique muscles, as well as the deep muscles of the core and the rectus abdominis or ""six pack"" muscles. It can be done for reps or time in the ab-focused portion of any workout.",1,0,0,0,0,0,0,0,1,0,0,1,0,0,0,0,2,0,0.0,0.2,0.0
631,30 Medicine Ball Slam,Strength,Abdominals,None,Intermediate,"The medicine ball slam is an explosive exercise for developing power, strength, and speed. Muscles worked include the abdominals, legs, triceps, shoulders, and lats. The slams are usually done in rapid succession to complete one set. It can also be a component of a power or athleticism-focused circuit workout.",1,0,0,0,0,0,0,0,1,0,0,1,0,0,0,0,2,0,0.0,0.2,0.0
632,Medicine ball twist,Strength,Abdominals,None,Intermediate,"The medicine ball twist is an exercise targeting the abdominal muscles, particularly the obliques. It is similar in many ways to a Russian twist exercise. The ball is held tight to the chest throughout the movement, and then the torso is rotated from side to side for the desired number of reps or a set amount of time.",1,0,0,0,0,0,0,0,1,0,0,1,0,0,0,0,2,0,0.0,0.2,0.0
633,FYR2 Medicine Ball Complex,Strength,Abdominals,None,Intermediate,,1,0,0,0,0,0,0,0,1,0,0,1,0,0,0,0,2,0,0.0,0.2,0.0
634,FYR2 Medicine Ball Fire-Feet Drill,Strength,Abdominals,None,Intermediate,,1,0,0,0,0,0,0,0,1,0,0,1,0,0,0,0,2,0,0.0,0.2,0.0
635,FYR2 Medicine Ball Knees-to-Chest,Strength,Abdominals,None,Intermediate,,1,0,0,0,0,0,0,0,1,0,0,1,0,0,0,0,2,0,0.0,0.2,0.0
636,FYR2 Medicine Ball Mountain Climber,Strength,Abdominals,None,Intermediate,,1,0,0,0,0,0,0,0,1,0,0,1,0,0,0,0,2,0,0.0,0.2,0.0
637,Decline oblique crunch,Strength,Abdominals,None,Intermediate,"The decline oblique crunch is a popular bodyweight exercise targeting the obliques and the rectus abdominis or ""six-pack"" muscles. It is usually performed for high reps, such as 10-15 reps per set or more, as part of the ab-focused portion of a workout.",1,0,0,0,0,0,0,0,1,0,0,1,0,0,0,0,2,0,0.7,0.2,0.8854166666666667
638,Decline sit-up,Strength,Abdominals,None,Intermediate,"The decline sit-up is a bodyweight core exercise that works the rectus abdominis or ""six pack"" muscles. Sit-up variations are usually performed for moderate to high reps, such as 10-15 reps per set or more, as part of the core-focused portion of a workout.",1,0,0,0,0,0,0,0,1,0,0,1,0,0,0,0,2,0,0.0,0.2,0.0
639,Hanging Windshield Wiper,Strength,Abdominals,None,Intermediate,"The hanging windshield wiper is an advanced abdominal training exercise that is also extremely challenging to other muscles of the upper body, including the lats (latissimus dorsi), biceps, and grip. It requires—and builds—great strength in the rectus abdominis or ""six-pack"" muscles, as well as the obliques and deep core muscles. If you can't perform it hanging from a bar, the lying windshield wiper on the floor provides some of the same benefits.",1,0,0,0,0,0,0,0,1,0,0,1,0,0,0,0,2,0,0.0,0.2,0.0
640,Exercise Ball Pull-In,Strength,Abdominals,None,Intermediate,The exercise ball knee roll-in is an abdominal exercise that involves supporting yourself with your hands in a plank or push-up position and drawing the knees in toward the chest. This is a fairly advanced abdominal move requiring core strength.,1,0,0,0,0,0,0,0,1,0,0,1,0,0,0,0,2,0,0.0,0.2,0.9270833333333334
641,Exercise ball crunch,Strength,Abdominals,None,Intermediate,"The exercise ball crunch is a popular gym exercise targeting the abdominals. Unlike crunches on the floor or a bench, by using a ball you can increase the range of motion and both stretch and contract the abs on every rep. The ball crunch can be performed for low reps with a slower tempo focusing on a hard contraction, or for higher reps.",1,0,0,0,0,0,0,0,1,0,0,1,0,0,0,0,2,0,0.7,0.2,0.8750000000000001
642,Feet-elevated crunch,Strength,Abdominals,None,Intermediate,"The feet-elevated crunch is a variation on the basic crunch, a very popular ab move. Resting the feet on a bench takes some of the hip flexor activation out of the movement, focusing the stress more on the abs. It may have a small range of motion, but this movement produces a major burn.",1,0,0,0,0,0,0,0,1,0,0,1,0,0,0,0,2,0,0.7,0.2,0.7604166666666666
643,Weighted Ball Side Bend,Strength,Abdominals,None,Beginner,,1,0,0,0,0,0,0,0,1,0,0,1,0,0,0,0,1,0,0.0,0.2,0.6666666666666667
644,Swiss Ball Ab Roll-Out,Strength,Abdominals,None,Intermediate,"The exercise ball roll-out is an exercise that strengthens the core, shoulders and upper- back muscles. It starts in a plank-style position, with the arms resting on a ball. Then, you roll the ball out in front of you as far as you can while maintaining a strong, neutral spinal position. The lack of stability from the ball increases the degree of difficulty. This is a difficult movement, and beginners may need to use a limited range of motion.",1,0,0,0,0,0,0,0,1,0,0,1,0,0,0,0,2,0,0.0,0.2,0.0
645,Exercise Ball Cable Crunch - Gethin Variation,Strength,Abdominals,Machine,Intermediate,"The exercise ball crunch is a popular gym exercise targeting the abdominals. Unlike crunches on the floor or a bench, by using a ball, you can increase the range of motion and both stretch and contract the abs on every rep. The ball crunch can be performed for low reps with a slower tempo, focusing on a hard contraction, or for higher reps.",1,0,0,0,0,0,0,0,1,0,0,0,0,0,0,1,2,0,0.7,0.2,0.0
646,Exercise ball squat and twist,Strength,Abdominals,None,Intermediate,"The exercise ball squat and twist is a combination exercise targeting the quads, but also the obliques because of the twisting motion with each repetition. The exercise ball is held close to the chest throughout. Because it is a lightweight movement, it is usually performed for high reps or for time, and can be a great part of a bodyweight and exercise ball circuit.",1,0,0,0,0,0,0,0,1,0,0,1,0,0,0,0,2,1,0.0,0.2,0.0
647,Swiss Ball V-Up With Foot Pass,Strength,Abdominals,None,Intermediate,"The exercise ball V-up is a popular movement to target the abdominal muscles, particularly the rectus abdominis or ""six-pack"" muscles. It involves passing an exercise ball or yoga ball back and forth between the hands and feet while performing V-ups. It can be performed for reps or time as part of any ab-focused workout or bodyweight circuit.",1,0,0,0,0,0,0,0,1,0,0,1,0,0,0,0,2,0,0.0,0.2,0.0
648,Exercise ball pike,Strength,Abdominals,None,Intermediate,"The exercise ball pike is a challenging move that targets the core. It involves thrusting the hips into full flexion over a ball, then extending out to a foot-elevated plank with the feet on the ball. It's a challenging move from a strength perspective, but also for balance. It can be the centerpiece of an ab workout or go along with other body weight or ball movements in an ab circuit.",1,0,0,0,0,0,0,0,1,0,0,1,0,0,0,0,2,0,0.0,0.2,0.0
649,Exercise ball bird dog,Strength,Abdominals,None,Intermediate,"The exercise ball bird dog is a dynamic movement focusing on the glutes and the postural muscles of the upper back. When performing it, use an exercise ball that is tall enough to support your chest and core, but short enough to allow your hands and knees to reach the ground. It is slightly easier than a bodyweight bird dog and can work as a regression for that movement. It can be done for time or reps as part of a warm-up, paired with movements in a workout, or as a mobility or recovery exercise.",1,0,0,0,0,0,0,0,1,0,0,1,0,0,0,0,2,0,0.0,0.2,0.0
650,Exercise ball superman,Strength,Abdominals,None,Intermediate,"The exercise ball superman is a slightly more advanced variation of the bodyweight superman exercise. It targets many muscles along the posterior or backside of the body, including the rear deltoids, trapezius, spinal erectors, glutes, and hamstrings. It can be done for time or reps as part of a warm-up, paired with movements in a workout, or as a mobility or recovery exercise.",1,0,0,0,0,0,0,0,1,0,0,1,0,0,0,0,2,0,0.0,0.2,0.0
651,BOSU cross-body crunch,Strength,Abdominals,None,Intermediate,"The BOSU cross-body crunch is a dynamic abdominal exercise performed on a BOSU ball or other stability training device. It targets several of the muscles in the core, including the obliques and the rectus abdominis or ""six-pack"" muscles. It is usually performed in alternating reps, either for time or a number of reps, as part of an ab-focused workout or a circuit involving body weight or the BOSU ball.",1,0,0,0,0,0,0,0,1,0,0,1,0,0,0,0,2,0,0.7,0.2,0.0
652,Exercise Ball Knee Tuck - Gethin Varation,Strength,Abdominals,None,Intermediate,The exercise ball knee roll-in is an abdominal exercise that involves supporting yourself with your hands in a plank or push-up position and drawing the knees in toward the chest. This is a fairly advanced abdominal move requiring core strength.,1,0,0,0,0,0,0,0,1,0,0,1,0,0,0,0,2,0,0.0,0.2,0.0
653,Alternating Exercise Ball Knee Tucks - Gethin Variation,Strength,Abdominals,None,Intermediate,The exercise ball knee roll-in is an abdominal exercise that involves supporting yourself with your hands in a plank or push-up position and drawing the knees in toward the chest. This is a fairly advanced abdominal move requiring core strength.,1,0,0,0,0,0,0,0,1,0,0,1,0,0,0,0,2,0,0.0,0.2,0.0
654,AM Ball Crunch,Strength,Abdominals,None,Intermediate,"The exercise ball crunch is a popular gym exercise targeting the abdominals. Unlike crunches on the floor or a bench, by using a ball, you can increase the range of motion and both stretch and contract the abs on every rep. The ball crunch can be performed for low reps with a slower tempo, focusing on a hard contraction, or for higher reps.",1,0,0,0,0,0,0,0,1,0,0,1,0,0,0,0,2,0,0.7,0.2,0.0
655,30 Bosu Cable Reverse Crunch,Strength,Abdominals,None,Intermediate,,1,0,0,0,0,0,0,0,1,0,0,1,0,0,0,0,2,0,0.7,0.2,0.0
656,BOSU knee tuck,Strength,Abdominals,None,Intermediate,"The BOSU knee tuck is a dynamic abdominal movement performed on a BOSU ball or other stability training device. It primarily targets the rectus abdominis or ""six-pack"" muscles of the core. It can be performed for time or reps as part of an ab-focused workout or a circuit involving body weight or the BOSU ball.",1,0,0,0,0,0,0,0,1,0,0,1,0,0,0,0,2,0,0.0,0.2,0.0
657,30 Side Plank On Ball,Strength,Abdominals,None,Intermediate,"The feet-elevated side plank on ball is a more advanced version of a traditional bodyweight side plank. The feet are balanced on an exercise ball, providing a balance challenge but also increasing the load placed upon the obliques and shoulder muscles. It is usually performed for timed holds, either one side at a time or alternating sides. If a ball is unavailable, some of the benefits of the movement can be obtained by performing side planks with the feet elevated on a couch, chair, bench, or other stable object.",1,0,0,0,0,0,0,0,1,0,0,1,0,0,0,0,2,0,0.0,0.2,0.0
658,Hanging exercise ball leg raise,Strength,Abdominals,None,Intermediate,"The hanging exercise ball leg raise is an exercise targeting the abs and hip flexors. Instead of resting the forearms on the pads of an apparatus, it's performed hanging from a bar with an exercise ball held between the legs.",1,0,0,0,0,0,0,0,1,0,0,1,0,0,0,0,2,0,0.0,0.2,0.0
659,Taylor Exercise Ball Stir-The-Pot,Strength,Abdominals,None,Intermediate,,1,0,0,0,0,0,0,0,1,0,0,1,0,0,0,0,2,0,0.0,0.2,0.0
660,FYR2 Air Ball,Strength,Abdominals,None,Intermediate,,1,0,0,0,0,0,0,0,1,0,0,1,0,0,0,0,2,0,0.0,0.2,0.0
661,Feet-elevated plank on ball,Strength,Abdominals,None,Intermediate,"The feet-elevated plank is a variation on the straight-arm plank, a bodyweight standard. The feet are elevated on a ball to align the body parallel to the floor and provide a greater stabilization challenge. This makes it more difficult than straight-arm planks on the floor, but also puts more emphasis on the shoulder muscles. It is often used as a shoulder and core warm-up, or as a burnout movement for a chest or shoulder workout.",1,0,0,0,0,0,0,0,1,0,0,1,0,0,0,0,2,0,0.0,0.2,0.0
662,Band Hip Adductions,Strength,Legs,Bands,Beginner,,1,0,0,0,0,1,0,0,0,0,0,0,1,0,0,0,1,0,0.0,0.2,0.8958333333333334
663,Lateral Band Walk,Strength,Other,Bands,Intermediate,,1,0,0,0,0,0,0,0,0,0,1,0,1,0,0,0,2,0,0.0,0.2,0.0
664,FYR2 Standing Banded Leg Abduction,Strength,Other,Bands,Intermediate,,1,0,0,0,0,0,0,0,0,0,1,0,1,0,0,0,2,0,0.0,0.2,0.0
665,Iliotibial band SMR,Flexibility,Other,None,Intermediate,"Iliotibial band self-myofascial release (SMR) is a self-administered soft-tissue treatment for the lower body, usually using a foam roller or other ""trigger point"" massage tool. By applying pressure strategically to the IT band along the side of the upper leg, some people find they can cause this often painful and tight area to relax or ""release."" IT band SMR is often accompanied by SMR on the glute or quad muscles, or by stretches that target the glutes or quads.",0,0,1,0,0,0,0,0,0,0,1,1,0,0,0,0,2,0,0.0,0.2,0.8541666666666666
666,Adductor SMR,Flexibility,Legs,None,Beginner,"Adductor self-myofascial release (SMR) is a self-administered soft-tissue treatment for the lower body, usually using a foam roller, lacrosse ball, or other ""trigger point"" massage tool. By applying pressure strategically to the adductor muscles in the inner thigh region, some people find they can cause this often painful and tight muscle to relax or ""release."" Adductor SMR is often accompanied by SMR on the iliotibial (IT) band or glutes (TFL muscles), or by stretches that target the adductors.",0,0,1,0,0,1,0,0,0,0,0,1,0,0,0,0,1,0,0.0,0.2,0.4166666666666667
667,Lying Bent Leg Groin,Flexibility,Legs,None,Beginner,,0,0,1,0,0,1,0,0,0,0,0,1,0,0,0,0,1,0,0.0,0.2,0.2916666666666667
668,Lateral box jump,Strength,Legs,None,Intermediate,"The lateral box jump is a plyometric exercise targeting lateral agility and lower-body strength. It's a great move for athletes in many sports, including basketball, skiing, and tennis.",1,0,0,0,0,1,0,0,0,0,0,1,0,0,0,0,2,0,0.7,0.2,0.0
669,Thigh adductor,Strength,Legs,Machine,Intermediate,"The thigh adductor machine is a lower-body exercise that targets the muscles of the inner thighs. It is usually performed for moderate to high reps, such as 8-12 reps per set or more, as part of lower-body training.",1,0,0,0,0,1,0,0,0,0,0,0,0,0,0,1,2,0,0.0,0.2,0.9375
670,Thigh abductor,Strength,Other,Machine,Intermediate,"The thigh abductor is a lower-body exercise that targets the muscles of the outer hips and glutes. It is usually performed for moderate to high reps, such as 8-12 reps per set or more, as part of lower-body training.",1,0,0,0,0,0,0,0,0,0,1,0,0,0,0,1,2,0,0.0,0.2,0.8541666666666666
671,Standing Hip Circles,Flexibility,Other,None,Beginner,,0,0,1,0,0,0,0,0,0,0,1,1,0,0,0,0,1,0,0.0,0.2,0.9166666666666667
672,Groiners,Flexibility,Legs,None,Beginner,,0,0,1,0,0,1,0,0,0,0,0,1,0,0,0,0,1,0,0.0,0.2,0.9166666666666667
673,Fire Hydrant,Strength,Other,None,Beginner,,1,0,0,0,0,0,0,0,0,0,1,1,0,0,0,0,1,0,0.0,0.2,0.8333333333333334
674,Windmills,Flexibility,Other,None,Intermediate,,0,0,1,0,0,0,0,0,0,0,1,1,0,0,0,0,2,0,0.0,0.2,0.8333333333333334
675,Side Leg Raises,Flexibility,Legs,None,Beginner,,0,0,1,0,0,1,0,0,0,0,0,1,0,0,0,0,1,0,0.0,0.2,0.8020833333333334
676,Lateral hop,Strength,Legs,None,Intermediate,"The lateral hop is an explosive bodyweight exercise that consists of a two-legged hop to the side. It targets the lower body, including the quads, glutes, and hamstrings. Performed for reps, it also provides a serious cardiovascular challenge. It can be performed for time or reps and is especially effective in a fat-loss or athleticism-focused circuit or workout.",1,0,0,0,0,1,0,0,0,0,0,1,0,0,0,0,2,0,0.0,0.2,0.7604166666666666
677,Monster Walk,Strength,Other,None,Intermediate,,1,0,0,0,0,0,0,0,0,0,1,1,0,0,0,0,2,0,0.0,0.2,0.6979166666666667
678,Side Lying Groin Stretch,Flexibility,Legs,None,Intermediate,,0,0,1,0,0,1,0,0,0,0,0,1,0,0,0,0,2,0,0.0,0.2,0.3958333333333333
679,IT Band and Glute Stretch,Flexibility,Other,None,Intermediate,,0,0,1,0,0,0,0,0,0,0,1,1,0,0,0,0,2,0,0.0,0.2,0.25
680,Single-leg lying cross-over stretch,Flexibility,Other,None,Beginner,"The single-leg lying cross-over stretch is a simple bodyweight stretch targeting the lower back, hips, and glutes. It involves rotating a single leg over the body while lying flat on the back. It is commonly included in dynamic warm-ups, but can also be performed as full-body mobility work anytime.",0,0,1,0,0,0,0,0,0,0,1,1,0,0,0,0,1,0,0.0,0.2,0.16666666666666669
681,Carioca quick step,Strength,Legs,None,Intermediate,"The carioca quick step is a lateral bodyweight exercise targeting the adductors but also promoting agility and overall conditioning. It’s a favorite of football players, particularly defensive backs, because it mimics the way they have to track wide receivers downfield. It can also help mobilize the hips for athletes and lifters of all ability levels.",1,0,0,0,0,1,0,0,0,0,0,1,0,0,0,0,2,0,0.0,0.2,0.0
682,Standing hip circle,Flexibility,Other,None,Intermediate,"The standing hip circle is a bodyweight exercise targeting the hips and abductor muscles. It is a classic way to ""limber up"" after sitting for a long period or before a lower-body workout or sports. It requires no equipment and can be helpful for everyone from beginners to advanced fitness enthusiasts.",0,0,1,0,0,0,0,0,0,0,1,1,0,0,0,0,2,0,0.0,0.2,0.0
683,Lateral cone hop,Strength,Legs,None,Intermediate,"The lateral cone hop is an agility drill that involves jumping over cones or other short hurdles side to side rather than front to back. It can be performed for reps or for time and can be beneficial for track athletes, basketball players, or any other athletes who need explosive lateral power.",1,0,0,0,0,1,0,0,0,0,0,1,0,0,0,0,2,0,0.0,0.2,0.0
684,Side-To-Side Adductor Stretch,Strength,Legs,None,Intermediate,,1,0,0,0,0,1,0,0,0,0,0,1,0,0,0,0,2,0,0.0,0.2,0.0
685,Dynamic pigeon stretch,Strength,Other,None,Intermediate,"The dynamic pigeon stretch is a lower-body stretch targeting the glutes, hips, and piriformis. It is influenced by the pigeon pose from yoga, but involves moving in and out of the pose. It can be part of a dynamic warm-up or mobility work performed anytime.",1,0,0,0,0,0,0,0,0,0,1,1,0,0,0,0,2,0,0.0,0.2,0.0
686,Cross-over jack,Strength,Other,None,Intermediate,"The cross-over jack is a variation on the jumping jack, a popular calisthenics exercise used to improve overall conditioning. The difference between the jumping jack and the cross-over jack is that with the latter, the feet don't just come together each rep, they cross over each other. It's a great way to add variety to your warm-up or conditioning work.",1,0,0,0,0,0,0,0,0,0,1,1,0,0,0,0,2,0,0.0,0.2,0.0
687,Traveling thigh killa,Strength,Other,None,Intermediate,"The traveling thigh killa is a challenging lower-body bodyweight exercise that builds muscular endurance with a series of hops forward and backward, as well as bodyweight squats. It can be performed for time or reps, usually in a circuit workout or as a lower-body finisher.",1,0,0,0,0,0,0,0,0,0,1,1,0,0,0,0,2,0,0.0,0.2,0.0
688,FYR Thigh Killa,Strength,Other,None,Intermediate,"The thigh killa is a challenging lower-body bodyweight exercise that builds muscular endurance with a series of hops and bodyweight squats. It can be performed for time or reps, usually in a circuit workout or as a lower-body finisher.",1,0,0,0,0,0,0,0,0,0,1,1,0,0,0,0,2,0,0.0,0.2,0.0
689,HM Straddle Stretch,Flexibility,Other,None,Intermediate,,0,0,1,0,0,0,0,0,0,0,1,1,0,0,0,0,2,0,0.0,0.2,0.0
690,HM Right Leg Swing,Flexibility,Other,None,Intermediate,,0,0,1,0,0,0,0,0,0,0,1,1,0,0,0,0,2,0,0.0,0.2,0.0
691,HM Right Side-Kick,Flexibility,Other,None,Intermediate,,0,0,1,0,0,0,0,0,0,0,1,1,0,0,0,0,2,0,0.0,0.2,0.0
692,HM Frog Stretch,Strength,Other,None,Intermediate,,1,0,0,0,0,0,0,0,0,0,1,1,0,0,0,0,2,0,0.0,0.2,0.0
693,HM Kick-Out,Strength,Other,None,Intermediate,,1,0,0,0,0,0,0,0,0,0,1,1,0,0,0,0,2,0,0.0,0.2,0.0
694,HM Left Leg Swing,Strength,Legs,None,Intermediate,,1,0,0,0,0,1,0,0,0,0,0,1,0,0,0,0,2,0,0.0,0.2,0.0
695,UNS Foam Roll Adductor,Strength,Legs,None,Intermediate,,1,0,0,0,0,1,0,0,0,0,0,1,0,0,0,0,2,0,0.0,0.2,0.0
696,MetaBurn Groiner,Strength,Other,None,Intermediate,,1,0,0,0,0,0,0,0,0,0,1,1,0,0,0,0,2,0,0.0,0.2,0.0
697,Side-lying leg adduction scissor,Strength,Legs,None,Intermediate,"The side-lying leg adduction scissor is a dynamic core exercise that combines the isometric hold of a side-lying leg lift with leg adductions to further challenge the core and adductors. It targets multiple muscles of the core, primarily the rectus abdominis or ""six-pack"" muscles. It can be performed for time or reps in the ab-focused portion of any workout.",1,0,0,0,0,1,0,0,0,0,0,1,0,0,0,0,2,0,0.0,0.2,0.0
698,Groin and Back Stretch,Flexibility,Legs,None,Beginner,,0,0,1,0,0,1,0,0,0,0,0,1,0,0,0,0,1,0,0.0,0.2,0.7395833333333334
699,Adductor/Groin,Flexibility,Legs,None,Beginner,,0,0,1,0,0,1,0,0,0,0,0,1,0,0,0,0,1,0,0.0,0.2,0.375
700,Incline dumbbell biceps curl,Strength,Arms,Bands,Intermediate,"The incline dumbbell biceps curl is an exercise targeting the biceps and performed face up on an incline bench. This creates a vertical arm angle, which helps to isolate the biceps and limit involvement of the shoulder muscles. This curl variation is usually performed for moderate to high reps, such as 8-12 reps per set or more, as part of upper-body or arm-focused training.",1,0,0,0,0,0,1,0,0,0,0,0,1,0,0,0,2,0,0.0,0.2,0.0
701,Banded biceps curl in squat position,Strength,Arms,Bands,Intermediate,"The banded biceps curl in squat position is an exercise targeting the biceps, although it also works the core and lower body.",1,0,0,0,0,0,1,0,0,0,0,0,1,0,0,0,2,1,0.0,0.2,0.0
702,Banded Hammer Press - Gethin Variation,Strength,Arms,Bands,Intermediate,The machine chest press is an upper body exercise targeting the pectoral muscles.,1,0,0,0,0,0,1,0,0,0,0,0,1,0,0,0,2,0,0.0,0.2,0.0
703,Band standing concentration curl,Strength,Arms,Bands,Intermediate,"The band standing concentration curl is a variation of a popular biceps-focused exercise utilizing a band instead of a dumbbell. It allows you to focus on one biceps at a time and really squeeze out intense peak contractions. Band concentration curls are usually performed for moderate to high reps, such as 8-12 reps per set or more, as part of an upper-body or arm-focused workout.",1,0,0,0,0,0,1,0,0,0,0,0,1,0,0,0,2,0,0.0,0.2,0.0
704,Brachialis SMR,Flexibility,Arms,None,Beginner,"Brachialis self-myofascial release (SMR) is a self-administered soft-tissue treatment for the upper body, usually using a foam roller, lacrosse ball, or other ""trigger point"" massage tool. By applying pressure strategically to the biceps or brachialis muscles of the upper arm, some people find they can cause this often painful and tight muscle to relax or ""release."" Brachialis SMR is often accompanied by SMR on the triceps muscles or pectorals, or by stretches that target the biceps or pecs.",0,0,1,0,0,0,1,0,0,0,0,1,0,0,0,0,1,0,0.0,0.2,0.33333333333333337
705,Wide-grip barbell curl,Strength,Arms,Barbell,Beginner,"The wide-grip barbell curl is a variation of the classic barbell curl with the grip wider than shoulder width. It is thought that this helps build the inner or ""short"" head of the biceps muscles. This movement is usually performed for moderate to high reps, such as 8-12 reps per set.",1,0,0,0,0,0,1,0,0,0,0,0,0,1,0,0,1,0,0.0,0.2,0.9687500000000001
706,EZ-bar spider curl,Strength,Arms,Barbell,Intermediate,"The EZ-bar spider curl is an exercise targeting the biceps and performed face down on either an incline bench or on the flat side of a preacher bench. The EZ-bar makes for a more comfortable wrist position, while the angle helps to isolate the biceps and limit involvement of the shoulder muscles. This curl variation is usually performed for moderate to high reps, such as 8-12 reps per set or more, as part of upper-body or arm-focused training.",1,0,0,0,0,0,1,0,0,0,0,0,0,1,0,0,2,0,0.0,0.2,0.9583333333333333
707,Barbell Curl,Strength,Arms,Barbell,Intermediate,"The barbell curl is an arm exercise that is also one of the most recognizable movements in all of bodybuilding and fitness. It helps build sleeve-popping biceps and allows heavier loading than many other curl variations. It is usually performed in moderate to high reps, such as 8-12 reps per set, as part of the arm-focused portion of any workout.",1,0,0,0,0,0,1,0,0,0,0,0,0,1,0,0,2,0,0.0,0.2,0.9375
708,Close-grip EZ-bar curl,Strength,Arms,Barbell,Beginner,"The close-grip EZ-bar curl is an exercise targeting the biceps, particularly the long head. The main difference between this exercise and standard EZ-bar curls is that the hands are positioned closer together on the bar. It is thought that this helps build the outer biceps head and the peak. This curl variation is usually performed for moderate to high reps, such as 8-12 reps per set.",1,0,0,0,0,0,1,0,0,0,0,0,0,1,0,0,1,0,0.0,0.2,0.9270833333333334
709,Preacher Curl,Strength,Arms,Barbell,Intermediate,"The EZ-bar preacher curl is a classic exercise for building bigger biceps. This move is all about isolation. With the back of the upper arms against the pad, it’s next to impossible to cheat. Go light, get a great pump, and build that peak!",1,0,0,0,0,0,1,0,0,0,0,0,0,1,0,0,2,0,0.0,0.2,0.9166666666666667
710,Barbell Curls Lying Against An Incline,Strength,Arms,Barbell,Beginner,,1,0,0,0,0,0,1,0,0,0,0,0,0,1,0,0,1,0,0.0,0.2,0.9166666666666667
711,Seated Close-Grip Concentration Barbell Curl,Strength,Arms,Barbell,Beginner,,1,0,0,0,0,0,1,0,0,0,0,0,0,1,0,0,1,0,0.0,0.2,0.9166666666666667
712,Close-grip barbell curl,Strength,Arms,Barbell,Beginner,"The close-grip barbell curl is a curl variation where the hands are closer than shoulder width. It is thought that this helps build the outer biceps head and the peak. This curl variation is usually performed for moderate to high reps, such as 8-12 reps per set.",1,0,0,0,0,0,1,0,0,0,0,0,0,1,0,0,1,0,0.0,0.2,0.8958333333333334
713,Drag curl,Strength,Arms,Barbell,Beginner,"The drag curl is a biceps exercise that attempts to remove the influence of the front deltoids on the classic curl. With the elbows kept back, the barbell ""drags"" up the torso. It is usually performed for moderate to high reps, such as 8-15 reps per set, as part of an upper-body or arms-focused workout.",1,0,0,0,0,0,1,0,0,0,0,0,0,1,0,0,1,0,0.0,0.2,0.8854166666666667
714,Reverse-grip barbell curl,Strength,Arms,Barbell,Intermediate,"The reverse-grip barbell curl is a variation on the biceps curl where the palms face downward. The switch from an underhand to an overhand grip brings the forearm and brachialis muscles more into the exercise. If it is uncomfortable to the wrists, try performing it on the angles of an EZ-curl bar.",1,0,0,0,0,0,1,0,0,0,0,0,0,1,0,0,2,0,0.0,0.2,0.8541666666666666
715,Lying High Bench Barbell Curl,Strength,Arms,Barbell,Beginner,,1,0,0,0,0,0,1,0,0,0,0,0,0,1,0,0,1,0,0.0,0.2,0.6041666666666666
716,Seated wide-grip curl to close-grip curl,Strength,Arms,Barbell,Beginner,"The seated wide-grip curl to close-grip curl is a variation on the classic seated dumbbell curl. It is thought that wide-grip curls target the inner head of the biceps more, while close-grip curls target the outer head or peak. This variation allows you to get the benefits of both.",1,0,0,0,0,0,1,0,0,0,0,0,0,1,0,0,1,0,0.0,0.2,0.0
717,Seated Straigh-Bar Curl Superset,Strength,Arms,Barbell,Beginner,"The seated wide-grip curl to close-grip curl is a variation on the classic seated dumbbell curl. The variation is that the range of motion changes in alternating fashion—one more traditional, one where you’re bringing the weight in more from the side.",1,0,0,0,0,0,1,0,0,0,0,0,0,1,0,0,1,0,0.0,0.2,0.0
718,Dave Draper Forehead Curl,Strength,Arms,Barbell,Intermediate,,1,0,0,0,0,0,1,0,0,0,0,0,0,1,0,0,2,0,0.0,0.2,0.0
719,Reverse-grip EZ-bar curl,Strength,Arms,Barbell,Intermediate,"The reverse-grip EZ-bar curl is an exercise targeting the biceps and forearms. Because grip strength is a limitation with this move, it is often performed for moderate to high reps as part of an upper-body or arm-focused workout.",1,0,0,0,0,0,1,0,0,0,0,0,0,1,0,0,2,0,0.0,0.2,0.0
720,EZ-Bar Spider Curl - Gethin Variation,Strength,Arms,Barbell,Intermediate,The EZ-bar spider curl is an isolation exercise targeting the biceps and performed face-down on an incline bench. The EZ-bar makes for a more comfortable wrist position.,1,0,0,0,0,0,1,0,0,0,0,0,0,1,0,0,2,0,0.0,0.2,0.0
721,Barbell curl-,Strength,Arms,Barbell,Intermediate,"The barbell curl is an arm exercise that is also one of the most recognizable movements in all of bodybuilding and fitness. It helps build sleeve-popping biceps and allows heavier loading than many other curl variations. It is usually performed in moderate to high reps, such as 8-12 reps per set, as part of the arm-focused portion of any workout.",1,0,0,0,0,0,1,0,0,0,0,0,0,1,0,0,2,0,0.0,0.2,0.0
722,Paul Carter Barbell Curl,Strength,Arms,Barbell,Intermediate,"The barbell curl is an arm exercise that is also one of the most recognizable movements in all of bodybuilding and fitness. It helps build sleeve-popping biceps and allows heavier loading than many other curl variations. It is usually performed in moderate to high reps, such as 8-12 reps per set, as part of the arm-focused portion of any workout.",1,0,0,0,0,0,1,0,0,0,0,0,0,1,0,0,2,0,0.0,0.2,0.0
723,Standing band biceps curl,Strength,Arms,Barbell,Intermediate,The standing band biceps curl is an arm-focused exercise using a band for resistance. This variation is usually performed for moderate to high reps as part of an arms-focused or upper-body workout.,1,0,0,0,0,0,1,0,0,0,0,0,0,1,0,0,2,0,0.0,0.2,0.0
724,Close-Grip EZ-Bar Curl - Gethin Variation,Strength,Arms,Barbell,Intermediate,"The close-grip EZ-bar curl is an exercise targeting the biceps, particularly the long head. The main difference between this exercise and standard barbell curls is that the hands are positioned closer together on the bar. It is thought that this helps build the outer biceps head and the peak. This curl variation is usually performed for moderate to high reps, like at least 8-12 reps per set.",1,0,0,0,0,0,1,0,0,0,0,0,0,1,0,0,2,0,0.0,0.2,0.0
725,Seated Barbell Curl,Strength,Arms,Barbell,Intermediate,,1,0,0,0,0,0,1,0,0,0,0,0,0,1,0,0,2,0,0.0,0.2,0.0
726,AM Standing Barbell Curl,Strength,Arms,Barbell,Intermediate,"The standing EZ-bar curl is an immenselyp popular exercise targeting the biceps. It is commonly performed for moderate to high reps as part of an upper body or arms-focused workout. Many gyms even have EZ-bars at fixed weights, allowing for easy weight changes.",1,0,0,0,0,0,1,0,0,0,0,0,0,1,0,0,2,0,0.0,0.2,0.0
727,EZ-bar preacher curl,Strength,Arms,Barbell,Intermediate,"The EZ-bar preacher curl is a classic exercise for building bigger biceps. This move is all about isolation. With the back of the upper arms against the pad, it's next to impossible to use momentum which forces the muscles to work harder.",1,0,0,0,0,0,1,0,0,0,0,0,0,1,0,0,2,0,0.0,0.2,0.0
728,30 Arms Standing Barbell Curl,Strength,Arms,Barbell,Intermediate,,1,0,0,0,0,0,1,0,0,0,0,0,0,1,0,0,2,0,0.0,0.2,0.0
729,30 Arms Incline Biceps Curl,Strength,Arms,Barbell,Intermediate,,1,0,0,0,0,0,1,0,0,0,0,0,0,1,0,0,2,0,0.0,0.2,0.0
730,"Bicep Curls ""21s""",Strength,Arms,Barbell,Intermediate,,1,0,0,0,0,0,1,0,0,0,0,0,0,1,0,0,2,0,0.0,0.2,0.0
731,Incline Hammer Curls,Strength,Arms,Dumbbell,Beginner,,1,0,0,0,0,0,1,0,0,0,0,0,0,0,1,0,1,0,0.0,0.2,0.9895833333333334
732,Hammer Curls,Strength,Arms,Dumbbell,Intermediate,"This curl is performed simultaneously with dumbbells but without wrist supination. Throughout each rep, the wrists remain neutral, like a carpenter hammering a nail.",1,0,0,0,0,0,1,0,0,0,0,0,0,0,1,0,2,0,0.0,0.2,0.9479166666666666
733,Biceps curl to shoulder press,Strength,Arms,Dumbbell,Beginner,"The biceps curl to shoulder press is a dumbbell complex that combines two exercises that build and strengthen the biceps and shoulders or deltoids. It is usually performed one rep of each movement at a time, although you could perform more reps of each, or increase the reps in successive rounds (e.g., 1 rep in round 1, 2 reps in round 2, etc.). No matter how you structure the sets and reps, it is a time-efficient way to hit two crucial upper-body muscles in any workout.",1,0,0,0,0,0,1,0,0,0,0,0,0,0,1,0,1,0,0.0,0.2,0.9479166666666666
734,Concentration curl,Strength,Arms,Dumbbell,Intermediate,"The concentration curl is a classic exercise for building the biceps one arm at a time. It can be performed bent over or kneeling, but is more often performed seated on a bench. It's great for emphasizing the biceps peak and is often used to finish a biceps workout. Like most curl variations, these are usually performed for moderate to high reps, such as 8-12 reps per set or more.",1,0,0,0,0,0,1,0,0,0,0,0,0,0,1,0,2,0,0.0,0.2,0.9375
735,Flexor Incline Dumbbell Curls,Strength,Arms,Dumbbell,Beginner,,1,0,0,0,0,0,1,0,0,0,0,0,0,0,1,0,1,0,0.0,0.2,0.9375
736,Dumbbell Bicep Curl,Strength,Arms,Dumbbell,Intermediate,"The dumbbell biceps curl is a single-joint exercise for building bigger and stronger biceps. Popular among gym goers of all experience levels, this move can be done seated or standing. It is generally performed for moderate to high reps, such as 8-12 reps or higher, as part of the arm-focused portion of a workout.",1,0,0,0,0,0,1,0,0,0,0,0,0,0,1,0,2,0,0.0,0.2,0.9270833333333334
737,Cross-body hammer curl,Strength,Arms,Dumbbell,Beginner,"The cross-body hammer curl is a dumbbell exercise that targets the biceps, brachialis, and forearm muscles. Rather than lifting the weights directly in front of the body, you lift them across the torso. Throughout each rep, the wrists remain neutral, like a carpenter hammering a nail. This helps isolate the brachialis muscles on each arm. It is generally performed for moderate to high reps, such as 8-12 reps or more, as part of the arm-focused portion of a workout.",1,0,0,0,0,0,1,0,0,0,0,0,0,0,1,0,1,0,0.0,0.2,0.9270833333333334
738,Dumbbell Alternate Bicep Curl,Strength,Arms,Dumbbell,Intermediate,"The alternating biceps curl is a single-joint exercise for building bigger and stronger biceps one arm at a time. Popular among gym goers of all experience levels, this move can be done seated or standing. It is generally performed for moderate to high reps, such as 8-12 reps or higher, as part of the arm-focused portion of a workout.",1,0,0,0,0,0,1,0,0,0,0,0,0,0,1,0,2,0,0.0,0.2,0.90625
739,Single-arm dumbbell preacher curl,Strength,Arms,Dumbbell,Intermediate,"The single-arm dumbbell preacher curl is an exercise that focuses on building the biceps, particularly the biceps peak. Most people will go light on this movement, performing it for moderate to high reps as part of an upper-body or arms-focused workout.",1,0,0,0,0,0,1,0,0,0,0,0,0,0,1,0,2,0,0.0,0.2,0.90625
740,Alternate Incline Dumbbell Curl,Strength,Arms,Dumbbell,Intermediate,"The alternating incline dumbbell biceps curl is an exercise targeting the biceps and performed face up on an incline bench. This creates a vertical arm angle which helps to isolate the biceps and limit involvement of the shoulder muscles. This curl variation is usually performed for moderate to high reps, such as 8-12 rep per arm or more, as part of upper-body or arm-focused training.",1,0,0,0,0,0,1,0,0,0,0,0,0,0,1,0,2,0,0.0,0.2,0.90625
741,Standing concentration curl,Strength,Arms,Dumbbell,Beginner,"The standing concentration curl is a variation on the more common seated concentration curl, which is a staple of bodybuilding arm routines. It can serve as a substitute for preacher curl variations if a preacher bench is unavailable and is also a classic way to focus in on the biceps peak. It is usually performed for moderate to high reps, such as 8-10 reps per set, with a focus on strict form and controlled tempo.",1,0,0,0,0,0,1,0,0,0,0,0,0,0,1,0,1,0,0.0,0.2,0.90625
742,Alternating incline dumbbell biceps curl,Strength,Arms,Dumbbell,Intermediate,"The alternating incline dumbbell biceps curl is an exercise targeting the biceps and performed face up on an incline bench. This creates a vertical arm angle which helps to isolate the biceps and limit involvement of the shoulder muscles. This curl variation is usually performed for moderate to high reps, such as 8-12 rep per arm or more, as part of upper-body or arm-focused training.",1,0,0,0,0,0,1,0,0,0,0,0,0,0,1,0,2,0,0.0,0.2,0.8958333333333334
743,Alternate Hammer Curl,Strength,Arms,Dumbbell,Intermediate,"The alternating hammer curl is performed with dumbbells but without wrist supination. Throughout each rep, the wrists remain neutral, like a carpenter hammering a nail.",1,0,0,0,0,0,1,0,0,0,0,0,0,0,1,0,2,0,0.0,0.2,0.8958333333333334
744,Seated dumbbell biceps curl,Strength,Arms,Dumbbell,Intermediate,"The seated dumbbell biceps curl is a popular exercise for building bigger biceps. While curls can effectively be performed standing as well, performing them seated can enforce strict form and perhaps boost the mind-muscle connection. Like most curl variations, these are usually performed for moderate to high reps, such as 8-12 reps per set or more.",1,0,0,0,0,0,1,0,0,0,0,0,0,0,1,0,2,0,0.0,0.2,0.8958333333333334
745,Preacher Hammer Dumbbell Curl,Strength,Arms,Dumbbell,Beginner,,1,0,0,0,0,0,1,0,0,0,0,0,0,0,1,0,1,0,0.0,0.2,0.8958333333333334
746,Dumbbell preacher curl,Strength,Arms,Dumbbell,Intermediate,"The dumbbell preacher curl is an exercise that focuses on building the biceps, particularly the biceps peak. All you need is a pair of dumbbells and a preacher bench. It's usually performed for moderate to high reps as part of an upper-body or arms-focused workout.",1,0,0,0,0,0,1,0,0,0,0,0,0,0,1,0,2,0,0.0,0.2,0.8645833333333335
747,Lying Supine Dumbbell Curl,Strength,Arms,Dumbbell,Beginner,,1,0,0,0,0,0,1,0,0,0,0,0,0,0,1,0,1,0,0.0,0.2,0.8645833333333335
748,Standing Dumbbell Reverse Curl,Strength,Arms,Dumbbell,Beginner,"With the reverse-grip dumbbell curl, the palms face down, not up. This unorthodox wrist position simultaneously targets the biceps while also building forearm and grip strength. The move can performed standing or seated.",1,0,0,0,0,0,1,0,0,0,0,0,0,0,1,0,1,0,0.0,0.2,0.84375
749,Palms-out incline biceps curl,Strength,Arms,Dumbbell,Beginner,"The palms-out incline biceps curl is an exercise targeting the biceps. It is largely similar to the incline dumbbell curl, but the palms-out position targets the long head of the biceps, which is responsible for the biceps ""peak."" This curl variation is usually performed for moderate to high reps, such as 8-12 reps per set or more, as part of upper-body or arm-focused training.",1,0,0,0,0,0,1,0,0,0,0,0,0,0,1,0,1,0,0.0,0.2,0.8333333333333334
750,Straight-arm plank with biceps curl,Strength,Arms,Dumbbell,Beginner,"The straight-arm plank with biceps curl is a hybrid movement that trains the abdominal and biceps muscles simultaneously. It can address multiple muscle groups in a time-efficient muscle-building or circuit-style workout, while also providing an additional cardiovascular challenge.",1,0,0,0,0,0,1,0,0,0,0,0,0,0,1,0,1,0,0.0,0.2,0.8020833333333334
751,Face-down incline dumbbell biceps curl,Strength,Arms,Dumbbell,Beginner,"The face-down incline dumbbell biceps curl is an exercise targeting the biceps and performed face down on an incline bench. This creates a vertical arm angle, which helps to isolate the biceps and limit involvement of the shoulder muscles. This curl variation is usually performed for moderate to high reps, such as 8-12 reps per set or more, as part of upper-body or arm-focused training.",1,0,0,0,0,0,1,0,0,0,0,0,0,0,1,0,1,0,0.0,0.2,0.7916666666666666
752,Seated Dumbbell Inner Biceps Curl,Strength,Arms,Dumbbell,Beginner,,1,0,0,0,0,0,1,0,0,0,0,0,0,0,1,0,1,0,0.0,0.2,0.7708333333333334
753,Standing Inner-Biceps Curl,Strength,Arms,Dumbbell,Beginner,,1,0,0,0,0,0,1,0,0,0,0,0,0,0,1,0,1,0,0.0,0.2,0.7708333333333334
754,Seated hammer curl,Strength,Arms,Dumbbell,Intermediate,"The seated hammer curl is a popular exercise for building bigger biceps and forearms. The movement resembles hammering a nail—hence the name. While curls can effectively be performed standing as well, performing them seated can enforce strict form and perhaps boost the mind-muscle connection. Like most curl variations, these are usually performed for moderate to high reps, such as 8-12 reps per set or more.",1,0,0,0,0,0,1,0,0,0,0,0,0,0,1,0,2,0,0.0,0.2,0.0
755,Paul Carter Incline Dumbbell Biceps Curl,Strength,Arms,Dumbbell,Intermediate,The incline dumbbell biceps curl is an isolation exercise targeting the biceps. This variation targets the long head of the biceps more than a traditional curl and there is more overall tension to this muscle.,1,0,0,0,0,0,1,0,0,0,0,0,0,0,1,0,2,0,0.0,0.2,0.0
756,Paul Carter Concentration Curl,Strength,Arms,Dumbbell,Intermediate,"The concentration curl is a classic exercise for building the biceps one arm at a time. It can be performed bent over or kneeling, but is more often performed seated on a bench. It's great for emphasizing the biceps peak and is often used to finish a biceps workout. Like most curl variations, these are usually performed for moderate to high reps, such as 8-12 reps per set or more.",1,0,0,0,0,0,1,0,0,0,0,0,0,0,1,0,2,0,0.0,0.2,0.0
757,FYR Dumbbell Curl,Strength,Arms,Dumbbell,Intermediate,"The dumbbell biceps curl is a single-joint exercise for building bigger and stronger biceps. Popular among gym goers of all experience levels, this move can be done seated or standing. It is generally performed for moderate to high reps, such as 8-12 reps or higher, as part of the arm-focused portion of a workout.",1,0,0,0,0,0,1,0,0,0,0,0,0,0,1,0,2,0,0.0,0.2,0.0
758,Dumbbell biceps curl to upright row,Strength,Arms,Dumbbell,Intermediate,"The dumbbell biceps curl to upright row is a dumbbell complex that combines two exercises that build and strengthen the biceps, traps, and the middle head of the deltoids. It is usually performed one rep of each movement at a time, although you could perform more reps of each, or increase the reps in successive rounds (e.g., 1 rep in round 1, 2 reps in round 2, etc.). No matter how you structure the sets and reps, it is a time-efficient way to hit multiple upper-body muscles in any workout.",1,0,0,0,0,0,1,0,0,0,0,0,0,0,1,0,2,1,0.7,0.2,0.0
759,FYR Dumbbell Hammer Curl,Strength,Arms,Dumbbell,Intermediate,"This curl is performed simultaneously with dumbbells but without wrist supination. Throughout each rep, the wrists remain neutral, like a carpenter hammering a nail.",1,0,0,0,0,0,1,0,0,0,0,0,0,0,1,0,2,0,0.0,0.2,0.0
760,Dumbbell overhead hold with single-arm curl,Strength,Arms,Dumbbell,Intermediate,"The dumbbell overhead hold with single-arm curl combines an isometric overhead hold with a curl for the other arm. The two movements collectively target the muscles of the shoulders and arms, while providing a surprising core challenge. Expect to be challenged, even with light weight.",1,0,0,0,0,0,1,0,0,0,0,0,0,0,1,0,2,0,0.0,0.2,0.0
761,FYR Kneeling Biceps,Strength,Arms,Dumbbell,Intermediate,The kneeling concentration curl allows you to target the biceps without having the ability to use momentum from the rest of your body to move the weight.,1,0,0,0,0,0,1,0,0,0,0,0,0,0,1,0,2,0,0.0,0.2,0.0
762,Lunge hold dumbbell curl,Strength,Arms,Dumbbell,Intermediate,"The lunge hold dumbbell curl is a challenging complex that combines an isometric hold at the bottom of a lunge with a dumbbell biceps curl. The two exercises combine to target the legs, core, and biceps. The curl will determine the amount of weight you can use, but even a light weight will make the lunge hold seriously challenging.",1,0,0,0,0,0,1,0,0,0,0,0,0,0,1,0,2,0,0.0,0.2,0.0
763,FYR Dumbbell Biceps Curl,Strength,Arms,Dumbbell,Intermediate,"The dumbbell biceps curl is a single-joint exercise for building bigger and stronger biceps. Popular among gym goers of all experience levels, this move can be done seated or standing. It is generally performed for moderate to high reps, such as 8-12 reps or higher, as part of the arm-focused portion of a workout.",1,0,0,0,0,0,1,0,0,0,0,0,0,0,1,0,2,0,0.0,0.2,0.0
764,Alternating dumbbell snatch,Strength,Arms,Dumbbell,Intermediate,"The alternating dumbbell snatch is an explosive exercise that builds full-body power and targets the muscles of the hips, back, and shoulders. Performing it by alternating arms gives each arm the chance to recover, allowing you to do a greater amount of quality work. It can be performed for low reps with a focus on power and speed, or for higher reps to build muscle or as part of a metabolic conditioning circuit.",1,0,0,0,0,0,1,0,0,0,0,0,0,0,1,0,2,1,0.0,0.6,0.0
765,TBS Incline Dumbbell Curl,Strength,Arms,Dumbbell,Intermediate,The incline dumbbell biceps curl is an isolation exercise targeting the biceps. This variation targets the long head of the biceps more than a traditional curl and there is more overall tension to this muscle.,1,0,0,0,0,0,1,0,0,0,0,0,0,0,1,0,2,0,0.0,0.2,0.0
766,TBS Hammer Curl,Strength,Arms,Dumbbell,Intermediate,"The alternating hammer curl is performed with dumbbells but without wrist supination. Throughout each rep, the wrists remain neutral, like a carpenter hammering a nail.",1,0,0,0,0,0,1,0,0,0,0,0,0,0,1,0,2,0,0.0,0.2,0.0
767,Reverse-grip dumbbell curl,Strength,Arms,Dumbbell,Intermediate,"With the reverse-grip dumbbell curl, the palms face down, not up. This unorthodox wrist position simultaneously targets the biceps while also building forearm and grip strength. The move can be performed standing or seated. Because grip is a limiting factor, it is usually performed for moderate to high reps, such as 8-10 reps per set.",1,0,0,0,0,0,1,0,0,0,0,0,0,0,1,0,2,0,0.0,0.2,0.0
768,Incline Dumbbell Curl - Gethin Variation,Strength,Arms,Dumbbell,Intermediate,The incline dumbbell biceps curl is an isolation exercise targeting the biceps. This variation targets the long head of the biceps more than a traditional curl and there is more overall tension to this muscle.,1,0,0,0,0,0,1,0,0,0,0,0,0,0,1,0,2,0,0.0,0.2,0.0
769,Hammer curl,Strength,Arms,Dumbbell,Intermediate,"The hammer curl is a dumbbell movement that focuses on the biceps, brachialis, and forearm muscles. Throughout each rep, the wrists remain neutral, like a carpenter hammering a nail. It is generally performed for moderate to high reps, such as 8-12 reps or more, as part of the arm-focused portion of a workout.",1,0,0,0,0,0,1,0,0,0,0,0,0,0,1,0,2,0,0.0,0.2,0.0
770,Seated Dumbbell Curl - Gethin Variation,Strength,Arms,Dumbbell,Intermediate,"The seated dumbbell biceps curl is a standard exercise for building bigger biceps. While dumbbell biceps curls can be performed standing, this version involves sitting on a bench.",1,0,0,0,0,0,1,0,0,0,0,0,0,0,1,0,2,0,0.0,0.2,0.0
771,Dumbbell Hammer Curl - Gethin Variation,Strength,Arms,Dumbbell,Intermediate,"This curl is performed simultaneously with dumbbells but without wrist supination. Throughout each rep, the wrists remain neutral, like a carpenter hammering a nail.",1,0,0,0,0,0,1,0,0,0,0,0,0,0,1,0,2,0,0.0,0.2,0.0
772,Single-arm seated dumbbell curl,Strength,Arms,Dumbbell,Intermediate,"The single-arm seated dumbbell curl is a popular exercise for building bigger biceps. Performing it one arm at a time may allow you to use slightly heavier weight, while focusing on really feeling the mind-muscle connection in the working arm. Like most curl variations, these are usually performed for moderate to high reps, such as 8-12 reps per set or more.",1,0,0,0,0,0,1,0,0,0,0,0,0,0,1,0,2,0,0.0,0.2,0.0
773,Lying Cable Curl - Gethin Variation,Strength,Arms,Dumbbell,Intermediate,The lying cable biceps curl is an isolation exercise that eliminates the possibility of using momentum from the lower body to raise the weight.,1,0,0,0,0,0,1,0,0,0,0,0,0,0,1,0,2,0,0.0,0.2,0.0
774,Dumbbell biceps curl,Strength,Arms,Dumbbell,Intermediate,"The dumbbell biceps curl is a single-joint exercise for building bigger and stronger biceps. Popular among gym goers of all experience levels, this move can be done seated or standing. It is generally performed for moderate to high reps, such as 8-12 reps or higher, as part of the arm-focused portion of a workout.",1,0,0,0,0,0,1,0,0,0,0,0,0,0,1,0,2,0,0.0,0.2,0.0
775,Seated Biceps Hammer Curl,Strength,Arms,Dumbbell,Intermediate,,1,0,0,0,0,0,1,0,0,0,0,0,0,0,1,0,2,0,0.0,0.2,0.0
776,HM Alternating Reverse Lunge With Biceps Curl,Strength,Arms,Dumbbell,Intermediate,,1,0,0,0,0,0,1,0,0,0,0,0,0,0,1,0,2,0,0.0,0.2,0.0
777,AM Hammer Curls,Strength,Arms,Dumbbell,Intermediate,"This curl is performed simultaneously with dumbbells but without wrist supination. Throughout each rep, the wrists remain neutral, like a carpenter hammering a nail.",1,0,0,0,0,0,1,0,0,0,0,0,0,0,1,0,2,0,0.0,0.2,0.0
778,AM Seated Hammer Curls,Strength,Arms,Dumbbell,Intermediate,"The seated hammer curl is a popular exercise for building bigger biceps. The movement resembles hammering a nail—hence the name. While hammer can be performed standing, this version involves sitting on a bench.",1,0,0,0,0,0,1,0,0,0,0,0,0,0,1,0,2,0,0.0,0.2,0.0
779,Seated alternating biceps curl,Strength,Arms,Dumbbell,Intermediate,"The seated alternating biceps curl is an exercise that builds bigger and stronger biceps. The alternating technique allows one arm to rest briefly while the other arm lifts. It is usually performed for moderate to high reps, such as 8-12 reps or more, as part of the upper-body or arm-focused portion of a workout.",1,0,0,0,0,0,1,0,0,0,0,0,0,0,1,0,2,0,0.0,0.2,0.0
780,Alternating hammer curl,Strength,Arms,Dumbbell,Intermediate,"The alternating hammer curl is performed with dumbbells but without wrist supination. Throughout each rep, the wrists remain neutral, like a carpenter hammering a nail. It is generally performed for moderate to high reps, such as 8-12 reps or more, as part of the arm-focused portion of a workout.",1,0,0,0,0,0,1,0,0,0,0,0,0,0,1,0,2,0,0.0,0.2,0.0
781,Alternating biceps curl,Strength,Arms,Dumbbell,Intermediate,"The alternating biceps curl is a single-joint exercise for building bigger and stronger biceps one arm at a time. Popular among gym goers of all experience levels, this move can be done seated or standing. It is generally performed for moderate to high reps, such as 8-12 reps or higher, as part of the arm-focused portion of a workout.",1,0,0,0,0,0,1,0,0,0,0,0,0,0,1,0,2,0,0.0,0.2,0.0
782,Holman Slow Biceps Curl,Strength,Arms,Dumbbell,Intermediate,,1,0,0,0,0,0,1,0,0,0,0,0,0,0,1,0,2,0,0.0,0.2,0.0
783,Holman Biceps Curl to Chest Punch,Strength,Arms,Dumbbell,Intermediate,,1,0,0,0,0,0,1,0,0,0,0,0,0,0,1,0,2,0,0.0,0.2,0.0
784,Holman Right Arm Heavy Biceps Curl,Strength,Arms,Dumbbell,Intermediate,,1,0,0,0,0,0,1,0,0,0,0,0,0,0,1,0,2,0,0.0,0.2,0.0
785,Holman Left Arm Heavy Biceps Curl,Strength,Arms,Dumbbell,Intermediate,,1,0,0,0,0,0,1,0,0,0,0,0,0,0,1,0,2,0,0.0,0.2,0.0
786,Holman Alternating Front Lunge Biceps Curl,Strength,Arms,Dumbbell,Intermediate,,1,0,0,0,0,0,1,0,0,0,0,0,0,0,1,0,2,0,0.0,0.2,0.0
787,Holman Weighted Double-Time Biceps Curl,Strength,Arms,Dumbbell,Intermediate,,1,0,0,0,0,0,1,0,0,0,0,0,0,0,1,0,2,0,0.0,0.2,0.0
788,Holman Heavy Right Arm Biceps Curl,Strength,Arms,Dumbbell,Intermediate,,1,0,0,0,0,0,1,0,0,0,0,0,0,0,1,0,2,0,0.0,0.2,0.0
789,Holman Heavy Left Arm Biceps Curl,Strength,Arms,Dumbbell,Intermediate,,1,0,0,0,0,0,1,0,0,0,0,0,0,0,1,0,2,0,0.0,0.2,0.0
790,MetaBurn Dumbbell Drag Curl,Strength,Arms,Dumbbell,Intermediate,,1,0,0,0,0,0,1,0,0,0,0,0,0,0,1,0,2,0,0.0,0.2,0.0
791,MetaBurn Hammer Curl to Overhead Press,Strength,Arms,Dumbbell,Intermediate,,1,0,0,0,0,0,1,0,0,0,0,0,0,0,1,0,2,0,0.0,0.2,0.0
792,MetaBurn Biceps Curl To Lateral Raise,Strength,Arms,Dumbbell,Intermediate,,1,0,0,0,0,0,1,0,0,0,0,0,0,0,1,0,2,0,0.0,0.2,0.0
793,FYR2 Alternating Dumbbell Curl,Strength,Arms,Dumbbell,Intermediate,,1,0,0,0,0,0,1,0,0,0,0,0,0,0,1,0,2,0,0.0,0.2,0.0
794,FYR2 Pulse Biceps Curl,Strength,Arms,Dumbbell,Intermediate,,1,0,0,0,0,0,1,0,0,0,0,0,0,0,1,0,2,0,0.0,0.2,0.0
795,FYR2 Seesaw Dumbbell Biceps Curl,Strength,Arms,Dumbbell,Intermediate,,1,0,0,0,0,0,1,0,0,0,0,0,0,0,1,0,2,0,0.0,0.2,0.0
796,FYR2 Single-Dumbbell Biceps Curl,Strength,Arms,Dumbbell,Intermediate,,1,0,0,0,0,0,1,0,0,0,0,0,0,0,1,0,2,0,0.0,0.2,0.0
797,FYR2 Dumbbell Curl-Row Complex,Strength,Arms,Dumbbell,Intermediate,,1,0,0,0,0,0,1,0,0,0,0,0,0,0,1,0,2,1,0.7,0.2,0.0
798,30 Arms Standing Dumbbell Hammer Curl 21s,Strength,Arms,Dumbbell,Intermediate,,1,0,0,0,0,0,1,0,0,0,0,0,0,0,1,0,2,0,0.0,0.2,0.0
799,30 Arms Standing Biceps Curl,Strength,Arms,Dumbbell,Intermediate,,1,0,0,0,0,0,1,0,0,0,0,0,0,0,1,0,2,0,0.0,0.2,0.0
800,30 Arms Standing Alternating Hammer Curl,Strength,Arms,Dumbbell,Intermediate,,1,0,0,0,0,0,1,0,0,0,0,0,0,0,1,0,2,0,0.0,0.2,0.0
801,30 Arms Standing Alternating Biceps Curl,Strength,Arms,Dumbbell,Intermediate,,1,0,0,0,0,0,1,0,0,0,0,0,0,0,1,0,2,0,0.0,0.2,0.0
802,30 Arms Single-Arm Hammer Preacher Curl,Strength,Arms,Dumbbell,Intermediate,,1,0,0,0,0,0,1,0,0,0,0,0,0,0,1,0,2,0,0.0,0.2,0.0
803,30 Arms Single-Arm Dumbbell Preacher Curl,Strength,Arms,Dumbbell,Intermediate,,1,0,0,0,0,0,1,0,0,0,0,0,0,0,1,0,2,0,0.0,0.2,0.0
804,30 Arms Seated Dumbbell Concentration Curl,Strength,Arms,Dumbbell,Intermediate,,1,0,0,0,0,0,1,0,0,0,0,0,0,0,1,0,2,0,0.0,0.2,0.0
805,30 Arms Seated Biceps Curl,Strength,Arms,Dumbbell,Intermediate,,1,0,0,0,0,0,1,0,0,0,0,0,0,0,1,0,2,0,0.0,0.2,0.0
806,30 Arms Seated Alternating Biceps Curl,Strength,Arms,Dumbbell,Intermediate,,1,0,0,0,0,0,1,0,0,0,0,0,0,0,1,0,2,0,0.0,0.2,0.0
807,30 Arms Incline Hammer Curl,Strength,Arms,Dumbbell,Intermediate,,1,0,0,0,0,0,1,0,0,0,0,0,0,0,1,0,2,0,0.0,0.2,0.0
808,30 Arms Incline Dumbbell Triceps Extension,Strength,Arms,Dumbbell,Intermediate,,1,0,0,0,0,0,1,0,0,0,0,0,0,0,1,0,2,0,0.0,0.2,0.0
809,30 Arms Hammer Curl,Strength,Arms,Dumbbell,Intermediate,,1,0,0,0,0,0,1,0,0,0,0,0,0,0,1,0,2,0,0.0,0.2,0.0
810,Reverse Plate Curls,Strength,Arms,None,Beginner,,1,0,0,0,0,0,1,0,0,0,0,1,0,0,0,0,1,0,0.0,0.2,0.75
811,Standing Biceps Stretch,Flexibility,Arms,None,Beginner,,0,0,1,0,0,0,1,0,0,0,0,1,0,0,0,0,1,0,0.0,0.2,0.7395833333333334
812,Suspended Curl,Strength,Arms,None,Beginner,,1,0,0,0,0,0,1,0,0,0,0,1,0,0,0,0,1,0,0.0,0.2,0.0
813,Plate hammer curl,Strength,Arms,None,Beginner,"The plate hammer curl is an exercise that targets the long head of the biceps as well as the brachialis and brachioradialis muscles. Typically hammer curls are done with dumbbells, but in this case, holding a weight plate places the hands in the same neutral position.",1,0,0,0,0,0,1,0,0,0,0,1,0,0,0,0,1,0,0.0,0.2,0.0
814,Barbell spider curl,Strength,Arms,None,Intermediate,"The barbell spider curl is an exercise targeting the biceps and performed face down on either an incline bench or on the flat side of a preacher bench. The vertical bench angle helps to isolate the biceps and limit involvement of the shoulder muscles. This curl variation is usually performed for moderate to high reps, such as 8-12 reps per set or more, as part of upper-body or arm-focused training.",1,0,0,0,0,0,1,0,0,0,0,1,0,0,0,0,2,0,0.0,0.2,0.0
815,Barbell forehead curl,Strength,Arms,None,Intermediate,"The barbell forehead curl is a classic movement from the Golden Age of bodybuilding and is often associated with Dave ""The Blond Bomber"" Draper. The barbell is brought up to your forehead instead of to your chest, emphasizing the squeeze and peak contraction. It is usually performed for moderate to high reps, such as 8-12 reps per set.",1,0,0,0,0,0,1,0,0,0,0,1,0,0,0,0,2,0,0.0,0.2,0.0
816,Overhead cable curl,Strength,Arms,Machine,Intermediate,"Also known as a crucifix curl, the overhead cable curl is a biceps-focused exercise performed between two cable stacks, using a pair of D-handles. The arms and elbows are held at shoulder height throughout the movement, and both hands curl in toward the ears. This position is designed to eliminate shoulder involvement and momentum, while targeting the biceps peak. This movement is generally done for moderate to high reps, such as 8-12 reps per set or more, as part of arm-focused training.",1,0,0,0,0,0,1,0,0,0,0,0,0,0,0,1,2,0,0.0,0.2,0.9375
817,Standing One-Arm Cable Curl,Strength,Arms,Machine,Beginner,The single-arm cable biceps curl is a single-joint isolation exercise for building the biceps. This move is intended to be strict and deliberate; this is not an exercise for using momentum or otherwise cheating.,1,0,0,0,0,0,1,0,0,0,0,0,0,0,0,1,1,0,0.0,0.2,0.9166666666666667
818,Reverse Cable Curl,Strength,Arms,Machine,Beginner,,1,0,0,0,0,0,1,0,0,0,0,0,0,0,0,1,1,0,0.0,0.2,0.90625
819,Standing Biceps Cable Curl,Strength,Arms,Machine,Intermediate,"The cable straight-bar biceps curl takes a classic bodybuilding exercise, the standing barbell curl, and replaces the barbell with a handle attached to a cable. This is a common burnout move performed for moderate to high reps, such as 8-12 reps per set, as part of an upper-body or arm-focused workout.",1,0,0,0,0,0,1,0,0,0,0,0,0,0,0,1,2,0,0.0,0.2,0.8854166666666667
820,Cable rope hammer curl,Strength,Arms,Machine,Intermediate,"The cable rope hammer curl is a popular arm-focused exercise performed with a rope handle attached by a cable to a weight stack. It uses a neutral (palms facing one another) grip, which targets the forearms and brachialis muscles in addition to the biceps. Because grip is a limitation, it is usually performed for moderate to high reps, such as 8-12 reps per set or more.",1,0,0,0,0,0,1,0,0,0,0,0,0,0,0,1,2,0,0.0,0.2,0.8541666666666666
821,Lying cable biceps curl,Strength,Arms,Machine,Beginner,"The lying cable biceps curl is a cable exercise that targets the biceps. It is performed lying on the back, either on a bench or the ground, with the feet facing toward a cable stack. This movement is usually performed for moderate to high reps for a burn and pump as part of an arm-focused workout.",1,0,0,0,0,0,1,0,0,0,0,0,0,0,0,1,1,0,0.0,0.2,0.8541666666666666
822,Cable rope preacher hammer curl,Strength,Arms,Machine,Beginner,"The cable rope preacher hammer curl is a single-joint arm exercise that builds strength and size in the biceps using a cable stack, a preacher bench, and a rope grip. The neutral or ""hammer"" grip amplifies activation of both the grip and the brachialis muscles, building arm thickness. The angle of the bench also effectively removes the shoulders from the movement, largely isolating the biceps. It is generally performed for higher reps, at least 8-15 per set.",1,0,0,0,0,0,1,0,0,0,0,0,0,0,0,1,1,0,0.0,0.2,0.78125
823,Lying Close-Grip Bar Curl On High Pulley,Strength,Arms,Machine,Beginner,The lying high-cable biceps curl is an unusual move for building the biceps—but it’s a highly effective one. Lying prone and curling down toward you provides a different stimulus than more standard approaches allow.,1,0,0,0,0,0,1,0,0,0,0,0,0,0,0,1,1,0,0.0,0.2,0.7395833333333334
824,Cable EZ-Bar Preacher Curl - Gethin Variation,Strength,Arms,Machine,Intermediate,"The cable preacher curl is a single-joint arm exercise that builds strength and size in the biceps using a cable stack and a preacher bench. It is popular in muscle-building arm workouts because the angle of the bench effectively removes the shoulders from the movement, largely isolating the biceps. It is generally performed for higher reps, at least 8-15 per set.",1,0,0,0,0,0,1,0,0,0,0,0,0,0,0,1,2,0,0.0,0.2,0.0
825,Squatting cable EZ-bar biceps curl,Strength,Arms,Machine,Intermediate,"The squatting cable EZ-bar biceps curl is an exercise that builds and strengthens the biceps while the lower body is in a static squat position. It is usually performed for higher rep sets, such as 8-12 reps per set or more, in combination with other curls or arm training. It is most similar in arm positioning to a preacher curl, but has some unique benefits to the lower body, as well.",1,0,0,0,0,0,1,0,0,0,0,0,0,0,0,1,2,1,0.0,0.2,0.0
826,Cable straight-bar biceps curl,Strength,Arms,Machine,Intermediate,"The cable straight-bar biceps curl takes a classic bodybuilding exercise, the standing barbell curl, and replaces the barbell with a handle attached to a cable. This is a common burnout move performed for moderate to high reps, such as 8-12 reps per set, as part of an upper-body or arm-focused workout.",1,0,0,0,0,0,1,0,0,0,0,0,0,0,0,1,2,0,0.0,0.2,0.0
827,Standing reverse-grip cable curl,Strength,Arms,Machine,Intermediate,"The standing reverse-grip cable curl takes a classic bodybuilding exercise, the reverse barbell curl, and tweaks it by using a handle attached to a cable stack instead. It targets the forearm muscles and brachialis to a greater degree than underhand biceps curl variations. Because grip is a limitation, this move is commonly performed for moderate to high reps, such as 8-12 reps per set or more, as part of an upper-body or arm-focused workout.",1,0,0,0,0,0,1,0,0,0,0,0,0,0,0,1,2,0,0.0,0.2,0.0
828,Lying high-cable biceps curl,Strength,Arms,Machine,Intermediate,The lying high-cable biceps curl is a single-joint exercise targeting the biceps in a prone (face-up) position. It is usually performed for moderate to high reps as part of the arm-focused portion of a workout.,1,0,0,0,0,0,1,0,0,0,0,0,0,0,0,1,2,0,0.0,0.2,0.0
829,High-Pulley Cable Curl - Gethin Variation,Strength,Arms,Machine,Intermediate,"Also known as a crucifix curl, the overhead cable curl is a biceps-focused exercise performed between two cable stacks, using a pair of D-handles. The arms and elbows are held at shoulder height throughout the movement, and both hands curl in toward the ears. This position is designed to eliminate shoulder involvement and momentum, while targeting the biceps peak. This movement is generally done for moderate to high reps, such as 8-12 reps per set or more, as part of arm-focused training.",1,0,0,0,0,0,1,0,0,0,0,0,0,0,0,1,2,0,0.0,0.2,0.0
830,Standing High Cable Curl - Gethin Variation,Strength,Arms,Machine,Intermediate,"The cable straight-bar biceps curl takes a classic bodybuilding exercise, the standing barbell curl, and replaces the barbell with a handle attached to a cable. This is a common burnout move performed for moderate to high reps, such as 8-12 reps per set, as part of an upper-body or arm-focused workout.",1,0,0,0,0,0,1,0,0,0,0,0,0,0,0,1,2,0,0.0,0.2,0.0
831,High Cable Curls,Strength,Arms,Machine,Intermediate,The lying high-cable biceps curl is a single-joint exercise targeting the biceps in a prone (face-up) position. It is usually performed for moderate to high reps as part of the arm-focused portion of a workout.,1,0,0,0,0,0,1,0,0,0,0,0,0,0,0,1,2,0,0.0,0.2,0.0
832,Seated cable biceps curl,Strength,Arms,Machine,Intermediate,The seated cable biceps curl is a single-joint arm exercise intended to isolate the biceps. The seated position helps eliminate the use of momentum. This movement is usually performed for moderate to high reps for a burn and pump as part of an arm-focused workout.,1,0,0,0,0,0,1,0,0,0,0,0,0,0,0,1,2,0,0.0,0.2,0.0
833,Lying Close-Grip Bar Curl On High Pulley - Gethin Variation,Strength,Arms,Machine,Intermediate,The lying high-cable biceps curl is an unusual move for building the biceps—but it’s a highly effective one. Lying prone and curling down toward you provides a different stimulus than more standard approaches allow.,1,0,0,0,0,0,1,0,0,0,0,0,0,0,0,1,2,0,0.0,0.2,0.0
834,Standing Cable Curl - Gethin Variation,Strength,Arms,Machine,Intermediate,"The cable straight-bar biceps curl takes a classic bodybuilding exercise, the standing barbell curl, and replaces the barbell with a handle attached to a cable. This is a common burnout move performed for moderate to high reps, such as 8-12 reps per set, as part of an upper-body or arm-focused workout.",1,0,0,0,0,0,1,0,0,0,0,0,0,0,0,1,2,0,0.0,0.2,0.0
835,Double Arm Cable Biceps Curl,Strength,Arms,Machine,Intermediate,,1,0,0,0,0,0,1,0,0,0,0,0,0,0,0,1,2,0,0.0,0.2,0.0
836,AM Cable Biceps Curl,Strength,Arms,Machine,Intermediate,"The cable straight-bar biceps curl takes a classic bodybuilding exercise, the standing barbell curl, and replaces the barbell with a handle attached to a cable. This is a common burnout move performed for moderate to high reps, such as 8-12 reps per set, as part of an upper-body or arm-focused workout.",1,0,0,0,0,0,1,0,0,0,0,0,0,0,0,1,2,0,0.0,0.2,0.0
837,Single-arm cable biceps curl,Strength,Arms,Machine,Intermediate,"The single-arm cable biceps curl is a single-joint isolation exercise for building the biceps. This move is intended to be strict and deliberate; this is not an exercise for using momentum or otherwise cheating. It is usually performed for moderate to high reps, such as 8-12 reps or more per set, as part of an arm-focused workout.",1,0,0,0,0,0,1,0,0,0,0,0,0,0,0,1,2,0,0.0,0.2,0.0
838,UP Cable Curl With Straight Bar,Strength,Arms,Machine,Intermediate,,1,0,0,0,0,0,1,0,0,0,0,0,0,0,0,1,2,0,0.0,0.2,0.0
839,30 Arms Cable Rope Hammer Curl,Strength,Arms,Machine,Intermediate,,1,0,0,0,0,0,1,0,0,0,0,0,0,0,0,1,2,0,0.0,0.2,0.0
840,30 Arms Squatting Cable Straight-Bar Curl,Strength,Arms,Machine,Intermediate,,1,0,0,0,0,0,1,0,0,0,0,0,0,0,0,1,2,1,0.0,0.2,0.0
841,30 Arms High Cable Curl,Strength,Arms,Machine,Intermediate,,1,0,0,0,0,0,1,0,0,0,0,0,0,0,0,1,2,0,0.0,0.2,0.0
842,30 Arms Cable Straight-Bar Curl,Strength,Arms,Machine,Intermediate,,1,0,0,0,0,0,1,0,0,0,0,0,0,0,0,1,2,0,0.0,0.2,0.0
843,30 Arms Cable Concentration Curl,Strength,Arms,Machine,Intermediate,,1,0,0,0,0,0,1,0,0,0,0,0,0,0,0,1,2,0,0.0,0.2,0.0
844,30 Arms BFR High Cable Curl,Strength,Arms,Machine,Intermediate,,1,0,0,0,0,0,1,0,0,0,0,0,0,0,0,1,2,0,0.0,0.2,0.0
845,BFR cable rope hammer curl,Strength,Arms,Machine,Intermediate,"The blood flow restriction (BFR) cable rope hammer curl is an arm movement that builds biceps size and strength using a cable stack, rope grip, and blood flow restriction bands. It is popular in high-rep ""pump""-style arm workouts. The bands should be placed as high as possible on your arms, at a tightness of no greater than 8 on a scale of 10. Most BFR workouts recommend using a far lighter weight than usual, perhaps as low as 25-50 percent of a normal working weight.",1,0,0,0,0,0,1,0,0,0,0,0,0,0,0,1,2,0,0.0,0.2,0.0
846,Machine Bicep Curl,Strength,Arms,Machine,Beginner,,1,0,0,0,0,0,1,0,0,0,0,0,0,0,0,1,1,0,0.0,0.2,0.9375
847,Machine Preacher Curls,Strength,Arms,Machine,Beginner,The machine preacher curl is an isolation exercise targeting the biceps.,1,0,0,0,0,0,1,0,0,0,0,0,0,0,0,1,1,0,0.0,0.2,0.8645833333333335
848,Single-arm machine preacher curl,Strength,Arms,Machine,Intermediate,"The single-arm machine preacher curl is a popular exercise to build size and strength in the biceps. It approximates the motion of a free-weight preacher curl, but uses a selectorized weight stack or plate-loaded machine. Many such machines offer different grips and grip widths. Machine biceps curls are often done for moderate to high reps, such as 8-12 reps per set or more, as part of the upper-body or arm-focused portion of a workout.",1,0,0,0,0,0,1,0,0,0,0,0,0,0,0,1,2,0,0.0,0.2,0.0
849,Machine preacher curl,Strength,Arms,Machine,Intermediate,"The machine preacher curl is a popular exercise to build size and strength in the biceps. It approximates the motion of a free-weight preacher curl, but uses a selectorized weight stack or plate-loaded machine. Many such machines offer different grips and grip widths. Machine biceps curls are often done for moderate to high reps, such as 8-12 reps per set or more, as part of the upper-body or arm-focused portion of a workout.",1,0,0,0,0,0,1,0,0,0,0,0,0,0,0,1,2,0,0.0,0.2,0.0
850,Smith machine drag curl,Strength,Arms,Machine,Intermediate,"The Smith machine drag curl is a biceps-focused exercise using the bar in a Smith machine. It is usually trained in moderate to high reps, at least 8-15 reps per set, and can work in the biceps-focused portion of any workout.",1,0,0,0,0,0,1,0,0,0,0,0,0,0,0,1,2,0,0.0,0.2,0.0
851,30 Arms BFR Machine Preacher Curl,Strength,Arms,Machine,Intermediate,,1,0,0,0,0,0,1,0,0,0,0,0,0,0,0,1,2,0,0.0,0.2,0.0
852,Seated Biceps,Flexibility,Arms,None,Beginner,,0,0,1,0,0,0,1,0,0,0,0,1,0,0,0,0,1,0,0.0,0.2,0.5208333333333334
853,TBS Chin-Up,Strength,Arms,None,Intermediate,"The a chin-up is a variation of the pull-up exercise in which the reps are performed with the palms facing toward the body, in an underhand position, with a grip that is narrower than shoulder-width. Like other pull-up variations, it builds strength and muscle in the upper back, biceps, and core, but it utilizes the biceps slightly more than overhand pull-ups. It can be used as a more shoulder-friendly alternative to straight-bar pull-ups, or to help perform more reps than you can perform overhand.",1,0,0,0,0,0,1,0,0,0,0,1,0,0,0,0,2,0,0.0,0.2,0.0
854,Pull-up - Gethin Variation,Strength,Arms,None,Intermediate,"The pull-up is a multi-joint bodyweight exercise that builds strength and muscle in the upper back, biceps, and core. It is often used as a measurement tool in military or tactical fitness tests, and is an excellent gauge of “relative strength” which is strength in relation to bodyweight.",1,0,0,0,0,0,1,0,0,0,0,1,0,0,0,0,2,1,0.0,0.2,0.0
855,UN Pull-Up Supinated,Strength,Arms,None,Intermediate,,1,0,0,0,0,0,1,0,0,0,0,1,0,0,0,0,2,1,0.0,0.2,0.0
856,UN Pull-Up Pronated,Strength,Arms,None,Intermediate,,1,0,0,0,0,0,1,0,0,0,0,1,0,0,0,0,2,1,0.0,0.2,0.0
857,UN Pull-Up Neutral,Strength,Arms,None,Intermediate,,1,0,0,0,0,0,1,0,0,0,0,1,0,0,0,0,2,1,0.0,0.2,0.0
858,EZ-Bar Curl,Strength,Arms,Barbell,Intermediate,"The standing EZ-bar curl is an immensely popular exercise targeting the biceps. It is commonly performed for moderate to high reps as part of an upper body or arms-focused workout. Many gyms even have EZ-bars at fixed weights, allowing for easy weight changes.",1,0,0,0,0,0,1,0,0,0,0,0,0,1,0,0,2,0,0.0,0.2,0.9479166666666666
859,Reverse Barbell Preacher Curls,Strength,Arms,Barbell,Beginner,"The reverse-grip barbell curl is a variation on the biceps curl where the palms face downward. The switch from an underhand to an overhand grip brings the forearm and brachialis muscles more into the exercise. If it is uncomfortable to the wrists, try performing it on the angles of an EZ-curl bar.",1,0,0,0,0,0,1,0,0,0,0,0,0,1,0,0,1,0,0.0,0.2,0.9166666666666667
860,Close-Grip EZ-Bar Curl with Band,Strength,Arms,Barbell,Beginner,,1,0,0,0,0,0,1,0,0,0,0,0,0,1,0,0,1,0,0.0,0.2,0.8229166666666667
861,Standing EZ-Bar Curl - Gethin Variation,Strength,Arms,Barbell,Intermediate,"The standing EZ-bar curl is an immenselyp popular exercise targeting the biceps. It is commonly performed for moderate to high reps as part of an upper body or arms-focused workout. Many gyms even have EZ-bars at fixed weights, allowing for easy weight changes.",1,0,0,0,0,0,1,0,0,0,0,0,0,1,0,0,2,0,0.0,0.2,0.0
862,TBS EZ-Bar Curl,Strength,Arms,Barbell,Intermediate,"The standing EZ-bar curl is an immenselyp popular exercise targeting the biceps. It is commonly performed for moderate to high reps as part of an upper body or arms-focused workout. Many gyms even have EZ-bars at fixed weights, allowing for easy weight changes.",1,0,0,0,0,0,1,0,0,0,0,0,0,1,0,0,2,0,0.0,0.2,0.0
863,Standing EZ-bar curl,Strength,Arms,Barbell,Intermediate,"The standing EZ-bar curl is a popular exercise targeting the biceps. It is commonly performed for moderate to high reps as part of an upper-body or arm-focused workout. Many gyms even have EZ-bars at fixed weights, allowing for easy weight changes.",1,0,0,0,0,0,1,0,0,0,0,0,0,1,0,0,2,0,0.0,0.2,0.0
864,30 Arms Standing Overhand EZ-Bar Curl,Strength,Arms,Barbell,Intermediate,,1,0,0,0,0,0,1,0,0,0,0,0,0,1,0,0,2,0,0.0,0.2,0.0
865,30 Arms EZ-Bar Spider Curl,Strength,Arms,Barbell,Intermediate,,1,0,0,0,0,0,1,0,0,0,0,0,0,1,0,0,2,0,0.0,0.2,0.0
866,30 Arms EZ-Bar Preacher Curl,Strength,Arms,Barbell,Intermediate,,1,0,0,0,0,0,1,0,0,0,0,0,0,1,0,0,2,0,0.0,0.2,0.0
867,30 Arms Standing EZ-Bar Curl,Strength,Arms,Barbell,Intermediate,,1,0,0,0,0,0,1,0,0,0,0,0,0,1,0,0,2,0,0.0,0.2,0.0
868,Calf Raises - With Bands,Strength,Legs,Bands,Beginner,,1,0,0,0,0,1,0,0,0,0,0,0,1,0,0,0,1,0,0.0,0.2,0.5
869,Peroneals Stretch,Flexibility,Legs,Bands,Intermediate,,0,0,1,0,0,1,0,0,0,0,0,0,1,0,0,0,2,0,0.0,0.2,0.34375
870,Posterior Tibialis Stretch,Flexibility,Legs,Bands,Intermediate,,0,0,1,0,0,1,0,0,0,0,0,0,1,0,0,0,2,0,0.0,0.2,0.10416666666666667
871,Calf SMR,Flexibility,Legs,None,Beginner,"Calf self-myofascial release (SMR) is a self-administered soft-tissue treatment for the lower body, usually using a foam roller, lacrosse ball, or other ""trigger point"" massage tool. By applying pressure strategically to the calf muscles of the lower leg, some people find they can cause this often painful and tight muscle to relax or ""release."" Calf SMR is often accompanied by SMR on the quadriceps muscles, or by stretches that target the calves.",0,0,1,0,0,1,0,0,0,0,0,1,0,0,0,0,1,0,0.0,0.2,0.625
872,Rocking Standing Calf Raise,Strength,Legs,Barbell,Beginner,,1,0,0,0,0,1,0,0,0,0,0,0,0,1,0,0,1,0,0.0,0.2,0.90625
873,Standing barbell calf raise,Strength,Legs,Barbell,Beginner,"The standing barbell calf raise is a popular exercise to target the calf muscles of the lower leg, particularly the gastrocnemius muscle. It can be performed for time or for reps, either using a barbell or Smith machine bar if balance is a problem.",1,0,0,0,0,1,0,0,0,0,0,0,0,1,0,0,1,0,0.0,0.2,0.8541666666666666
874,Barbell Seated Calf Raise,Strength,Legs,Barbell,Beginner,,1,0,0,0,0,1,0,0,0,0,0,0,0,1,0,0,1,0,0.0,0.2,0.7916666666666666
875,Smith machine standing calf raise,Strength,Legs,Barbell,Intermediate,"The Smith machine standing calf raise is a machine-based exercise targeting the muscles of the calves, particularly the gastrocnemius or upper calf muscle. It is usually performed for moderate to high reps, such as 8-12 reps per set or more, as part of the lower-body portion of a workout.",1,0,0,0,0,1,0,0,0,0,0,0,0,1,0,0,2,0,0.0,0.2,0.0
876,Calf Raise On A Dumbbell,Strength,Legs,Dumbbell,Beginner,,1,0,0,0,0,1,0,0,0,0,0,0,0,0,1,0,1,0,0.0,0.2,0.5
877,Standing Dumbbell Calf Raise,Strength,Legs,Dumbbell,Intermediate,"The standing dumbbell calf raise is a popular exercise to target the calf muscles of the lower leg, and in particular the gastrocnemius muscles. It can be performed for time or for reps, either two dumbbells, or one if balance is a problem and you would like to use your free hand to hold a fixed object.",1,0,0,0,0,1,0,0,0,0,0,0,0,0,1,0,2,0,0.0,0.2,0.0
878,Single-leg standing dumbbell calf raise,Strength,Legs,Dumbbell,Intermediate,"The single-leg standing dumbbell calf raise is a popular exercise to target the calf muscles of the lower leg, particularly the gastrocnemius muscle. It can be performed for time or for reps, either with two dumbbells or with one if balance is a problem and you would like to use your free hand to hold a fixed object.",1,0,0,0,0,1,0,0,0,0,0,0,0,0,1,0,2,0,0.0,0.2,0.0
879,Dumbbell walking calf raise,Strength,Legs,Dumbbell,Intermediate,"The dumbbell walking calf raise is a dynamic exercise targeting the calf muscles of the lower leg, particularly the gastrocnemius muscle. It can be performed for distance or for reps.",1,0,0,0,0,1,0,0,0,0,0,0,0,0,1,0,2,0,0.0,0.2,0.0
880,Balance Board,Strength,Legs,None,Beginner,,1,0,0,0,0,1,0,0,0,0,0,1,0,0,0,0,1,0,0.0,0.2,0.78125
881,Weighted donkey calf raise,Strength,Legs,None,Intermediate,"The weighted donkey calk raise is a strength and muscle-building exercise focused on the muscles of the lower leg, most prominently the gastrocnemius muscle. While traditional donkey calf raises involved either a specific machine or carrying another person on one's back, this method uses a weight belt. It can be done in traditional muscle-building rep ranges, or for higher reps as part of lower-body training.",1,0,0,0,0,1,0,0,0,0,0,1,0,0,0,0,2,0,0.0,0.2,0.7708333333333334
882,Anterior Tibialis-SMR,Flexibility,Legs,None,Beginner,,0,0,1,0,0,1,0,0,0,0,0,1,0,0,0,0,1,0,0.0,0.2,0.5520833333333334
883,Foot-SMR,Flexibility,Legs,None,Beginner,,0,0,1,0,0,1,0,0,0,0,0,1,0,0,0,0,1,0,0.0,0.2,0.28125000000000006
884,Agility Ladder,Cardio,Legs,None,Intermediate,,0,1,0,0,0,1,0,0,0,0,0,1,0,0,0,0,2,0,0.7,0.2,0.0
885,Single-leg machine seated calf raise,Strength,Legs,None,Intermediate,"The single-leg machine seated calf raise is an exercise targeting the calf muscles of the lower leg, particularly the soleus muscle. It is usually performed for moderate to high reps, such as 8-12 reps per set, but occasionally for higher reps of 20 per set or more.",1,0,0,0,0,1,0,0,0,0,0,1,0,0,0,0,2,0,0.0,0.2,0.0
886,Smith Machine Calf Raise,Strength,Legs,Machine,Intermediate,"The Smith machine standing calf raise is a machine-based exercise targeting the muscles of the calves, particularly the gastrocnemius or upper calf muscle. It is usually performed for moderate to high reps, such as 8-12 reps per set or more, as part of the lower-body portion of a workout.",1,0,0,0,0,1,0,0,0,0,0,0,0,0,0,1,2,0,0.0,0.2,0.9583333333333333
887,Standing Calf Raises,Strength,Legs,Machine,Beginner,"The standing calf raise is a popular movement to target the calf muscles of the lower leg, and in particular the gastrocnemius muscles. When unweighted, it is usually performed for high reps or for time.",1,0,0,0,0,1,0,0,0,0,0,0,0,0,0,1,1,0,0.0,0.2,0.9375
888,Seated Calf Raise,Strength,Legs,Machine,Intermediate,"The machine seated calf raise is an exercise targeting the calf muscles of the lower leg, particularly the soleus muscle. It is usually performed for moderate to high reps, such as 8-12 reps per set, and occasionally for very high burnout-focused sets of 50-100 total reps.",1,0,0,0,0,1,0,0,0,0,0,0,0,0,0,1,2,0,0.0,0.2,0.90625
889,Calf Press On The Leg Press Machine,Strength,Legs,Machine,Intermediate,"The leg press calf raise is an exercise that uses the leg press machine to work the calves. With the toes and balls of your feet on the platform but heels off, you push forward to work the calves.",1,0,0,0,0,1,0,0,0,0,0,0,0,0,0,1,2,0,0.0,0.2,0.90625
890,Calf Press,Strength,Legs,Machine,Beginner,"The standing calf raise is a popular movement to target the calf muscles of the lower leg, and in particular the gastrocnemius muscles. When unweighted, it is usually performed for high reps or for time.",1,0,0,0,0,1,0,0,0,0,0,0,0,0,0,1,1,0,0.0,0.2,0.8854166666666667
891,Smith Machine Reverse Calf Raises,Strength,Legs,Machine,Beginner,,1,0,0,0,0,1,0,0,0,0,0,0,0,0,0,1,1,0,0.0,0.2,0.7604166666666666
892,Seated Single-Leg Calf Press - Gethin Variation,Strength,Legs,Machine,Intermediate,"The single-leg machine seated calf raise is an exercise targeting the calf muscles of the lower leg, particularly the soleus muscle. It is usually performed for moderate to high reps, such as 8-12 reps per set, but occasionally for higher reps of 20 per set or more.",1,0,0,0,0,1,0,0,0,0,0,0,0,0,0,1,2,0,0.0,0.2,0.0
893,Seated Calf Raise - Gethin Variation,Strength,Legs,Machine,Intermediate,"The machine seated calf raise is an exercise targeting the calf muscles of the lower leg, particularly the soleus muscle. It is usually performed for moderate to high reps, such as 8-12 reps per set, and occasionally for very high burnout-focused sets of 50-100 total reps.",1,0,0,0,0,1,0,0,0,0,0,0,0,0,0,1,2,0,0.0,0.2,0.0
894,Donkey Calf Raise - Gethin Variation,Strength,Legs,Machine,Intermediate,"The donkey calk raise is a strength and muscle-building exercise focused on the muscles of the lower leg, most prominently the gastrocnemius muscle. While traditional donkey calf raises involved either a specific machine or carrying another person on one's back, this method uses a weight belt. It can be done in traditional muscle-building rep ranges, or for higher reps as part of lower-body training.",1,0,0,0,0,1,0,0,0,0,0,0,0,0,0,1,2,0,0.0,0.2,0.0
895,Standing Calf Raise Facing Hack Squat Machine - Gethin Variation,Strength,Legs,Machine,Intermediate,The reverse hack squat calf raise is a varation of the standing calf raise to target them in a different manner.,1,0,0,0,0,1,0,0,0,0,0,0,0,0,0,1,2,1,0.0,0.2,0.0
896,Calf Press On A Hack Squat Machine - Gethin Variation,Strength,Legs,Machine,Intermediate,The hack squat calf raise is a variation of the standing calf raise to target them in a different manner than seated or fully standing.,1,0,0,0,0,1,0,0,0,0,0,0,0,0,0,1,2,1,0.0,0.2,0.0
897,Smith Machine Standing Calf Raises - Gethin Variation,Strength,Legs,Machine,Intermediate,"The Smith machine standing calf raise is a machine-based exercise targeting the muscles of the calves, particularly the gastrocnemius or upper calf muscle. It is usually performed for moderate to high reps, such as 8-12 reps per set or more, as part of the lower-body portion of a workout.",1,0,0,0,0,1,0,0,0,0,0,0,0,0,0,1,2,0,0.0,0.2,0.0
898,Hack squat calf raise,Strength,Legs,Machine,Intermediate,"The hack squat calf raise is a variation of the standing calf raise performed in a hack squat machine. This allows for heavy loading, but also shoulder comfort from the pads of the hack squat. Calf raise variations are often performed for relatively high reps, such as 10-20 reps per set or more.",1,0,0,0,0,1,0,0,0,0,0,0,0,0,0,1,2,1,0.0,0.2,0.0
899,Seated Calf Press - Gethin Variation,Strength,Legs,Machine,Intermediate,"The machine seated calf raise is an exercise targeting the calf muscles of the lower leg, particularly the soleus muscle. It is usually performed for moderate to high reps, such as 8-12 reps per set, and occasionally for very high burnout-focused sets of 50-100 total reps.",1,0,0,0,0,1,0,0,0,0,0,0,0,0,0,1,2,0,0.0,0.2,0.0
900,Leg press calf raise,Strength,Legs,Machine,Intermediate,"The leg press calf raise is a variation of the standing calf raise performed in a leg press machine. This allows for heavy loading, but also shoulder comfort from the pads of the leg press. Calf raise variations are often performed for relatively high reps, such as 10-20 reps per set or more.",1,0,0,0,0,1,0,0,0,0,0,0,0,0,0,1,2,0,0.0,0.2,0.0
901,Machine seated calf raise,Strength,Legs,Machine,Intermediate,"The machine seated calf raise is an exercise targeting the calf muscles of the lower leg, particularly the soleus muscle. It is usually performed for moderate to high reps, such as 8-12 reps per set, and occasionally for very high burnout-focused sets of 50-100 total reps.",1,0,0,0,0,1,0,0,0,0,0,0,0,0,0,1,2,0,0.0,0.2,0.0
902,30 Legs Seated Calf Raise,Strength,Legs,Machine,Intermediate,,1,0,0,0,0,1,0,0,0,0,0,0,0,0,0,1,2,0,0.0,0.2,0.0
903,30 Legs Standing Calf Raise,Strength,Legs,Machine,Intermediate,,1,0,0,0,0,1,0,0,0,0,0,0,0,0,0,1,2,0,0.0,0.2,0.0
904,Peroneals-SMR,Flexibility,Legs,None,Intermediate,,0,0,1,0,0,1,0,0,0,0,0,1,0,0,0,0,2,0,0.0,0.2,0.6666666666666667
905,Knee Circles,Flexibility,Legs,None,Beginner,,0,0,1,0,0,1,0,0,0,0,0,1,0,0,0,0,1,0,0.0,0.2,0.65625
906,Standing Gastrocnemius Calf Stretch,Flexibility,Legs,None,Intermediate,,0,0,1,0,0,1,0,0,0,0,0,1,0,0,0,0,2,0,0.0,0.2,0.5833333333333334
907,Wall calf stretch,Flexibility,Legs,None,Intermediate,The wall calf stretch is a stretch targeting the calf muscles. This is a simple way to stretch these often-tight muscles without any equipment needed.,0,0,1,0,0,1,0,0,0,0,0,1,0,0,0,0,2,0,0.0,0.2,0.5520833333333334
908,Seated Calf Stretch,Flexibility,Legs,None,Intermediate,,0,0,1,0,0,1,0,0,0,0,0,1,0,0,0,0,2,0,0.0,0.2,0.4270833333333333
909,Standing Calf Raise,Strength,Legs,None,Intermediate,"The standing calf raise is a popular movement to target the calf muscles of the lower leg, and in particular the gastrocnemius muscles. When unweighted, it is usually performed for high reps or for time.",1,0,0,0,0,1,0,0,0,0,0,1,0,0,0,0,2,0,0.0,0.2,0.0
910,Standing calf raise-,Strength,Legs,None,Intermediate,"The standing calf raise is a popular movement to target the calf muscles of the lower leg, particularly the gastrocnemius muscle. When unweighted, it is usually performed for high reps or for time.",1,0,0,0,0,1,0,0,0,0,0,1,0,0,0,0,2,0,0.0,0.2,0.0
911,HM Left Calf-Spike Sumo Pulse,Strength,Legs,None,Intermediate,,1,0,0,0,0,1,0,0,0,0,0,1,0,0,0,0,2,0,0.0,0.2,0.0
912,Ankle Circles,Flexibility,Legs,None,Beginner,,0,0,1,0,0,1,0,0,0,0,0,1,0,0,0,0,1,0,0.0,0.2,0.75
913,Calf Stretch Elbows Against Wall,Flexibility,Legs,None,Beginner,,0,0,1,0,0,1,0,0,0,0,0,1,0,0,0,0,1,0,0.0,0.2,0.5104166666666667
914,Standing Soleus And Achilles Stretch,Flexibility,Legs,None,Beginner,,0,0,1,0,0,1,0,0,0,0,0,1,0,0,0,0,1,0,0.0,0.2,0.43750000000000006
915,Cross Over - With Bands,Strength,Chest,Bands,Beginner,,1,0,0,1,0,0,0,0,0,0,0,0,1,0,0,0,1,0,0.0,0.2,0.8645833333333335
916,Bench Press - With Bands,Strength,Chest,Bands,Beginner,,1,0,0,1,0,0,0,0,0,0,0,0,1,0,0,0,1,1,0.0,0.2,0.5729166666666667
917,Bench Press With Short Bands,Strength,Chest,Bands,Beginner,,1,0,0,1,0,0,0,0,0,0,0,0,1,0,0,0,1,1,0.0,0.2,0.0
918,Feet-Elevated TRX Push-Up,Strength,Chest,Bands,Beginner,,1,0,0,1,0,0,0,0,0,0,0,0,1,0,0,0,1,1,0.0,0.2,0.0
919,Band-suspended kettlebell bench press,Strength,Chest,Bands,Intermediate,"The band-suspended kettlebell bench press is a bench press variation where kettlebells or weight plates are hung from the ends of a barbell by looped bands. The suspended weights can be in addition to normally loaded weight plates, or in the place of them. Because the instability of the weights makes the lift difficult, this bench press variety is a popular accessory movement for building the traditional bench press in powerlifting training.",1,0,0,1,0,0,0,0,0,0,0,0,1,0,0,0,2,1,0.0,0.2,0.0
920,HM Banded Cross-Over Pull,Strength,Chest,Bands,Intermediate,,1,0,0,1,0,0,0,0,0,0,0,0,1,0,0,0,2,0,0.0,0.2,0.0
921,Rusin Band Pull-Apart,Strength,Chest,Bands,Intermediate,,1,0,0,1,0,0,0,0,0,0,0,0,1,0,0,0,2,0,0.0,0.2,0.0
922,UNS Banded Push-Up,Strength,Chest,Bands,Intermediate,,1,0,0,1,0,0,0,0,0,0,0,0,1,0,0,0,2,1,0.0,0.2,0.0
923,Taylor Band-Assisted One-Arm Push-Up,Strength,Chest,Bands,Intermediate,,1,0,0,1,0,0,0,0,0,0,0,0,1,0,0,0,2,1,0.0,0.2,0.0
924,Incline band bench press,Strength,Chest,Bands,Intermediate,"The incline band bench press is variation of the incline press, a popular upper-body exercise targeting the upper pectoral muscles. While it can be a strength-focused movement, it is usually performed for moderate to high reps, such as 8-12 reps per set or more, as part of upper-body or chest-focused training.",1,0,0,1,0,0,0,0,0,0,0,0,1,0,0,0,2,1,0.0,0.2,0.0
925,Band push-up,Strength,Chest,Bands,Intermediate,"The band push-up is a progression of the popular bodyweight version of the exercise commonly used in military and tactical physical fitness tests. Adding the dynamic resistance of the band matches the strength curve of the push-up and helps build upper-body muscle and strength, emphasizing the chest, triceps, and shoulders, but also working the upper back and core.",1,0,0,1,0,0,0,0,0,0,0,0,1,0,0,0,2,1,0.0,0.2,0.0
926,Band chest fly,Strength,Chest,Bands,Intermediate,"Similar to the cable chest fly, the band chest fly is a single-joint movement that works the pectoral muscles. The fly is common in upper-body and chest-focused muscle-building workouts, and the band variation works well as a pre-exhaust at the beginning of a workout or a finishing movement at the end. It is often used in combination with other presses or flyes to target the chest from different angles.",1,0,0,1,0,0,0,0,0,0,0,0,1,0,0,0,2,0,0.0,0.2,0.0
927,Close-grip bench press,Strength,Chest,Barbell,Intermediate,"The close-grip bench press is a popular exercise targeting the triceps and chest. The main difference between this exercise and the standard bench press is that the hands and elbows are placed closer together, which places more of an emphasis on the triceps. The close-grip bench press is often used as an accessory movement for the traditional bench press, or as a triceps builder for arm training. Similar to the bench press, it can be trained in low reps for strength or higher reps for muscle or strength endurance.",1,0,0,1,0,0,0,0,0,0,0,0,0,1,0,0,2,1,0.0,0.2,0.9479166666666666
928,Barbell Bench Press - Medium Grip,Strength,Chest,Barbell,Intermediate,"The bench press is a compound exercise that builds strength and muscle in the chest and triceps. When many people think of listing, the bench press is often the first exercise that comes to mind",1,0,0,1,0,0,0,0,0,0,0,0,0,1,0,0,2,1,0.0,0.2,0.9375
929,Decline barbell bench press,Strength,Chest,Barbell,Intermediate,"The decline barbell bench press is a popular upper-body exercise targeting the lower pectoral muscles. While it can be a strength-focused movement, it is usually performed for moderate to high reps, such as 8-12 reps per set or more, as part of upper-body or chest-focused training.",1,0,0,1,0,0,0,0,0,0,0,0,0,1,0,0,2,1,0.0,0.2,0.9270833333333334
930,Wide-grip bench press,Strength,Chest,Barbell,Beginner,"The wide-grip bench press is a compound exercise targeting the chest and, to a lesser extent, the triceps. The main difference between this exercise and the standard bench press is that the hands are placed farther apart on the bar. Many lifters find they can handle more weight going wide than with narrower grips, although it's also worth noting that plenty of banged-up lifters have said benching with a wide grip may also have contributed to their shoulder injuries and pain. The wide-grip bench is often used as a chest-building movement in chest or upper-body workouts, or as an accessory movement for the traditional bench press.",1,0,0,1,0,0,0,0,0,0,0,0,0,1,0,0,1,1,0.0,0.2,0.9270833333333334
931,Wide-Grip Decline Barbell Bench Press,Strength,Chest,Barbell,Beginner,,1,0,0,1,0,0,0,0,0,0,0,0,0,1,0,0,1,1,0.0,0.2,0.9270833333333334
932,Barbell Incline Bench Press Medium-Grip,Strength,Chest,Barbell,Intermediate,The incline bench press is an upper body compound movement that targets the upper chest.,1,0,0,1,0,0,0,0,0,0,0,0,0,1,0,0,2,1,0.0,0.2,0.9166666666666667
933,Neck Press,Strength,Chest,Barbell,Beginner,,1,0,0,1,0,0,0,0,0,0,0,0,0,1,0,0,1,0,0.0,0.2,0.9166666666666667
934,Front Raise And Pullover,Strength,Chest,Barbell,Beginner,,1,0,0,1,0,0,0,0,0,0,0,0,0,1,0,0,1,0,0.0,0.2,0.8645833333333335
935,Board bench press,Strength,Chest,Barbell,Intermediate,"The board bench press is an upper-body exercise that is commonly performed as an assistance movement for the bench press. It targets the same muscles as the bench press, including the chest and shoulders, but really focuses on the triceps. Because you can load it more heavily than a full bench press, it allows you to overload the triceps and lock out of the bench press.",1,0,0,1,0,0,0,0,0,0,0,0,0,1,0,0,2,1,0.0,0.2,0.8020833333333334
936,Barbell Bench Press-Wide Grip,Strength,Chest,Barbell,Beginner,"The wide-grip bench pressis a compound exercise targeting the chest, primarily. The main difference between this exercise and the standard bench press is that the hands are placed wider apart on the bar.",1,0,0,1,0,0,0,0,0,0,0,0,0,1,0,0,1,1,0.0,0.2,0.7916666666666666
937,Wide-Grip Decline Barbell Pullover,Strength,Chest,Barbell,Beginner,,1,0,0,1,0,0,0,0,0,0,0,0,0,1,0,0,1,0,0.0,0.2,0.7604166666666666
938,Barbell Guillotine Bench Press,Strength,Chest,Barbell,Beginner,,1,0,0,1,0,0,0,0,0,0,0,0,0,1,0,0,1,1,0.0,0.2,0.6979166666666667
939,Band-suspended kettlebell bench press,Strength,Chest,Bands,Intermediate,"The band-suspended kettlebell bench press is a bench press variation where kettlebells or weight plates are hung from the ends of a barbell by looped bands. The suspended weights can be in addition to normally loaded weight plates, or in the place of them. Because the instability of the weights makes the lift difficult, this bench press variety is a popular accessory movement for building the traditional bench press in powerlifting training.",1,0,0,1,0,0,0,0,0,0,0,0,1,0,0,0,2,1,0.0,0.2,0.0
940,Paul Carter Incline Bench Press,Strength,Chest,Barbell,Intermediate,The incline bench press is an upper body compound movement that targets the upper chest.,1,0,0,1,0,0,0,0,0,0,0,0,0,1,0,0,2,1,0.0,0.2,0.0
941,Incline bench press,Strength,Chest,Barbell,Intermediate,"The incline bench press is a popular barbell exercise targeting the chest muscles, particularly the upper pectoral muscles. While it can be a strength-focused movement, it is usually performed for moderate to high reps, such as 8-12 reps per set or more, as part of upper-body or chest-focused training.",1,0,0,1,0,0,0,0,0,0,0,0,0,1,0,0,2,1,0.0,0.2,0.0
942,Bench press,Strength,Chest,Barbell,Intermediate,"The bench press is a popular barbell exercise that builds strength and muscle in the chest, triceps, and shoulders. It is a popular way to measure overall upper-body strength, and is contested in the sport of powerlifting. When many people think of lifting, the bench press is often the first exercise that comes to mind. It can be performed for low reps for strength, higher reps for muscle, or for higher reps to build or measure strength endurance, like in the 225-pound bench press rep test in the NFL combine.",1,0,0,1,0,0,0,0,0,0,0,0,0,1,0,0,2,1,0.0,0.2,0.0
943,TBS Close-Grip Bench Press,Strength,Chest,Barbell,Intermediate,The close-grip bench pressis a compound exercise targeting the triceps and chest. The main difference between this exercise and the standard bench press is that the hands and elbows are placed closer together.,1,0,0,1,0,0,0,0,0,0,0,0,0,1,0,0,2,1,0.0,0.2,0.0
944,AM Flat Bench Barbell Press,Strength,Chest,Barbell,Intermediate,"The bench press is a compound exercise that builds strength and muscle in the chest and triceps. When many people think of listing, the bench press is often the first exercise that comes to mind",1,0,0,1,0,0,0,0,0,0,0,0,0,1,0,0,2,0,0.0,0.2,0.0
945,UP Bench Press,Strength,Chest,Barbell,Intermediate,"The bench press is a compound exercise that builds strength and muscle in the chest and triceps. When many people think of listing, the bench press is often the first exercise that comes to mind",1,0,0,1,0,0,0,0,0,0,0,0,0,1,0,0,2,1,0.0,0.2,0.0
946,UP Close-Grip Bench Press,Strength,Chest,Barbell,Intermediate,The close-grip bench pressis a compound exercise targeting the triceps and chest. The main difference between this exercise and the standard bench press is that the hands and elbows are placed closer together.,1,0,0,1,0,0,0,0,0,0,0,0,0,1,0,0,2,1,0.0,0.2,0.0
947,King Maker Barbell Bench Press,Strength,Chest,Barbell,Intermediate,"The bench press is a compound exercise that builds strength and muscle in the chest and triceps. When many people think of listing, the bench press is often the first exercise that comes to mind",1,0,0,1,0,0,0,0,0,0,0,0,0,1,0,0,2,1,0.0,0.2,0.0
948,King Maker Incline Barbell Bench Press,Strength,Chest,Barbell,Intermediate,The incline bench press is an upper body compound movement that targets the upper chest.,1,0,0,1,0,0,0,0,0,0,0,0,0,1,0,0,2,1,0.0,0.2,0.0
949,30 Chest Incline Barbell Bench Press,Strength,Chest,Barbell,Intermediate,,1,0,0,1,0,0,0,0,0,0,0,0,0,1,0,0,2,1,0.0,0.2,0.0
950,30 Chest Barbell Bench Press,Strength,Chest,Barbell,Intermediate,,1,0,0,1,0,0,0,0,0,0,0,0,0,1,0,0,2,1,0.0,0.2,0.0
951,30 Chest 30-Degree Incline Dumbbell Press,Strength,Chest,Barbell,Intermediate,,1,0,0,1,0,0,0,0,0,0,0,0,0,1,0,0,2,0,0.0,0.2,0.0
952,Spoto press,Strength,Chest,Barbell,Intermediate,"The Spoto press is a variation of the popular barbell exercise the bench press that builds strength and muscle in the chest, triceps, and shoulders. It differs from the bench press in that the lifter pauses for a few seconds at the bottom of the movement before pressing the bar back up. This pause removes all momentum and increases the time under tension for the chest and shoulder muscles to help develop upper-body musculature and strength.",1,0,0,1,0,0,0,0,0,0,0,0,0,1,0,0,2,0,0.0,0.2,0.0
953,Kettlebell plyo push-up,Strength,Chest,Dumbbell,Intermediate,"The kettlebell plyo push-up is an explosive upper-body movement that uses a kettlebell primarily as a platform for the hands. A short step, dumbbell, or other stationary object could also be used in place of the kettlebell. It can be performed for reps or time, either for low reps to build explosive power or for higher reps for conditioning.",1,0,0,1,0,0,0,0,0,0,0,0,0,0,1,0,2,1,0.0,0.2,0.8333333333333334
954,Extended Range One-Arm Kettlebell Floor Press,Strength,Chest,Dumbbell,Beginner,,1,0,0,1,0,0,0,0,0,0,0,0,0,0,1,0,1,0,0.0,0.2,0.65625
955,Kettlebell alternating floor press,Strength,Chest,Dumbbell,Beginner,"The kettlebell alternating floor press limits the range of motion you would achieve with a dumbbell or kettlebell bench press, but still targets the chest, triceps, and anterior delts. This allows you to build strength in the top portion of the lift, overload the triceps, and work on strengthening the shoulder stabilizers.",1,0,0,1,0,0,0,0,0,0,0,0,0,0,1,0,1,0,0.0,0.2,0.625
956,One-Arm Kettlebell Floor Press,Strength,Chest,Dumbbell,Beginner,,1,0,0,1,0,0,0,0,0,0,0,0,0,0,1,0,1,0,0.0,0.2,0.0
957,Leg-Over Floor Press,Strength,Chest,Dumbbell,Beginner,,1,0,0,1,0,0,0,0,0,0,0,0,0,0,1,0,1,0,0.0,0.2,0.0
958,Band-suspended kettlebell bench press,Strength,Chest,Bands,Intermediate,"The band-suspended kettlebell bench press is a bench press variation where kettlebells or weight plates are hung from the ends of a barbell by looped bands. The suspended weights can be in addition to normally loaded weight plates, or in the place of them. Because the instability of the weights makes the lift difficult, this bench press variety is a popular accessory movement for building the traditional bench press in powerlifting training.",1,0,0,1,0,0,0,0,0,0,0,0,1,0,0,0,2,1,0.0,0.2,0.0
959,FYR2 Push-Up to Kettlebell Hike Combo,Strength,Chest,Dumbbell,Intermediate,,1,0,0,1,0,0,0,0,0,0,0,0,0,0,1,0,2,1,0.0,0.2,0.0
960,Pushups,Strength,Chest,None,Intermediate,"The push-up is a popular bodyweight exercise that is commonly used in military and tactical physical fitness tests. It’s a classic movement to build upper-body muscle and strength, emphasizing the chest, triceps, and shoulders, but also working the upper back and core.",1,0,0,1,0,0,0,0,0,0,0,1,0,0,0,0,2,0,0.0,0.2,0.9583333333333333
961,Incline Push-Up,Strength,Chest,None,Intermediate,"The hands-elevated push-up is a variation on the push-up, a body-weight standard. The hands are elevated, so that your body is aligned at an angle to the floor rather than parallel.",1,0,0,1,0,0,0,0,0,0,0,1,0,0,0,0,2,1,0.0,0.2,0.9166666666666667
962,Hands-elevated push-up,Strength,Chest,None,Beginner,"The hands-elevated push-up is a variation on the classic push-up where the hands are placed on a bench or other elevated surface. Having the hands higher than the feet makes it easier than push-ups on the floor, but also puts the emphasis more on the triceps. It can be used as a substitute for floor push-ups or as a mechanical dropset after maxing out on floor push-ups.",1,0,0,1,0,0,0,0,0,0,0,1,0,0,0,0,1,1,0.0,0.2,0.90625
963,Decline Push-Up,Strength,Chest,None,Intermediate,"The feet-elevated push-up is a variation on the push-up, a body-weight standard. The feet are elevated, so that your body is aligned at an angle to the floor rather than parallel.",1,0,0,1,0,0,0,0,0,0,0,1,0,0,0,0,2,1,0.0,0.2,0.8958333333333334
964,Single-Arm Push-Up,Strength,Chest,None,Beginner,,1,0,0,1,0,0,0,0,0,0,0,1,0,0,0,0,1,1,0.0,0.2,0.8958333333333334
965,Close push-up to wide push-up,Strength,Chest,None,Intermediate,"The close push-up to wide push-up combines two variations of a push-up to emphasize the strengthening of different muscles. The close push-up emphasizes the triceps, while the wide push-up emphasizes the chest and shoulders.",1,0,0,1,0,0,0,0,0,0,0,1,0,0,0,0,2,1,0.0,0.2,0.8854166666666667
966,Wide-grip hands-elevated push-up,Strength,Chest,None,Beginner,"The wide-grip hands-elevated push-up is a variation on the elevated push-up performed with the hands farther apart than with a standard push-up. Having the hands higher than the feet makes it easier than wide-grip push-ups on the floor, but the extra width also puts more emphasis on the chest muscles. It can be used as a substitute for wide-grip floor push-ups, or as a mechanical dropset after maxing out on floor push-ups.",1,0,0,1,0,0,0,0,0,0,0,1,0,0,0,0,1,1,0.0,0.2,0.8854166666666667
967,Push-Ups With Feet On An Exercise Ball,Strength,Chest,None,Intermediate,,1,0,0,1,0,0,0,0,0,0,0,1,0,0,0,0,2,1,0.0,0.2,0.8854166666666667
968,Feet-elevated push-up,Strength,Chest,None,Intermediate,"The feet-elevated push-up is a variation on the push-up, a bodyweight standard. The feet are elevated so that your body is aligned at an angle to the floor rather than parallel. This makes it more difficult than push-ups on the floor, but also puts more emphasis on the shoulder muscles. It is often used as a bodyweight substitute for incline presses, or as a burnout movement for a chest or shoulder workout.",1,0,0,1,0,0,0,0,0,0,0,1,0,0,0,0,2,1,0.0,0.2,0.8854166666666667
969,Isometric Wipers,Strength,Chest,None,Beginner,The typewriter push-up is an advanced push-up variation where the hands are extra wide and you lower toward each hand in alternating reps. It is more challenging to each working arm than traditional push-ups and also stretches and challenges the chest.,1,0,0,1,0,0,0,0,0,0,0,1,0,0,0,0,1,0,0.0,0.2,0.8750000000000001
970,Clock push-up,Strength,Chest,None,Beginner,"The clock push-up is a series of regular push-ups performed one at a time, moving your hands one step to the side between each one until you've completed a full circle. It targets the same muscles as traditional push-ups, such as the chest, triceps, and shoulders, but adds an endurance and core challenge to traditional push-ups.",1,0,0,1,0,0,0,0,0,0,0,1,0,0,0,0,1,1,0.0,0.2,0.8750000000000001
971,Incline Push-Up Depth Jump,Strength,Chest,None,Intermediate,,1,0,0,1,0,0,0,0,0,0,0,1,0,0,0,0,2,1,0.7,0.2,0.8645833333333335
972,Push-Up Wide,Strength,Chest,None,Beginner,"The wide push-up is a variation of the push-up with the hands wider than shoulder-width apart. It targets upper-body muscle groups including the chest, shoulders, and triceps, but has more of a chest emphasis than narrower-grip push-up variations. If wide push-ups lead to pain in the front of your shoulder, opt for a narrower version.",1,0,0,1,0,0,0,0,0,0,0,1,0,0,0,0,1,1,0.0,0.2,0.8645833333333335
973,Sphinx push-up,Strength,Chest,None,Intermediate,"The sphinx push-up is a difficult variation of the push-up that ends with the forearms on the ground in front of the body, rather than with the chest on the ground. It puts more stress on the triceps than traditional push-ups. It can be performed for time or reps in any bodyweight workout or during any arms-focused portion of a workout.",1,0,0,1,0,0,0,0,0,0,0,1,0,0,0,0,2,1,0.0,0.2,0.8333333333333334
974,Close-Hands Push-Up,Strength,Chest,None,Beginner,"The close push-up is an upper-body exercise that targets the chest, triceps, and shoulders. The close hand position places more emphasis on the triceps.",1,0,0,1,0,0,0,0,0,0,0,1,0,0,0,0,1,1,0.0,0.2,0.8125
975,Tiger-bend push-up,Strength,Chest,None,Beginner,The tiger-bend push-up is an advanced push-up variation where you shift onto your forearms at the bottom position and then back onto your hands and up again. It targets the triceps far more than regular push-ups.,1,0,0,1,0,0,0,0,0,0,0,1,0,0,0,0,1,1,0.0,0.2,0.7916666666666666
976,Plyo push-up,Strength,Chest,None,Beginner,"The plyo push-up is a bodyweight exercise aimed at increasing upper-body power and strength. It targets the muscles of the chest, triceps, and shoulders, and can be trained in low reps for power and strength, or higher reps for conditioning.",1,0,0,1,0,0,0,0,0,0,0,1,0,0,0,0,1,1,0.0,0.2,0.78125
977,Close-grip hands-elevated push-up,Strength,Chest,None,Intermediate,"The close-grip hands-elevated push-up is a variation on the classic push-up where the hands are placed on a bench or other elevated surface. Having the hands higher than the feet makes it easier than close-grip push-ups on the floor, but also puts the emphasis more on the triceps. It can be used as a substitute for floor push-ups or close-grip push-ups, or as a mechanical dropset after maxing out on floor push-ups.",1,0,0,1,0,0,0,0,0,0,0,1,0,0,0,0,2,1,0.0,0.2,0.7708333333333334
978,Suspended push-up,Strength,Chest,None,Intermediate,"The suspended push-up is a bodyweight pushing exercise performed on a suspension strap system or gymnastic rings. It targets the chest, shoulders, and triceps, but is also challenging to the core and upper back. It can work in traditional strength and muscle-building rep ranges or for higher reps.",1,0,0,1,0,0,0,0,0,0,0,1,0,0,0,0,2,1,0.0,0.2,0.7604166666666666
979,Push Up to Side Plank,Strength,Chest,None,Intermediate,"The push-up to side plank is an upper-body and core-focused exercise combining two popular bodyweight movements. It targets the chest, triceps, and shoulders with the push-up, and the obliques and hip external rotator muscles with the side plank. It can be performed as part of a dynamic warm-up or any bodyweight strength-training workout.",1,0,0,1,0,0,0,0,0,0,0,1,0,0,0,0,2,0,0.0,0.2,0.7395833333333334
980,Isometric Chest Squeezes,Strength,Chest,None,Beginner,,1,0,0,1,0,0,0,0,0,0,0,1,0,0,0,0,1,0,0.0,0.2,0.7395833333333334
981,Side-to-side push-up,Strength,Chest,None,Beginner,The side-to-side push-up is a variation of the push-up exercise where you side-step the opposite hand and foot and perform a push-up.,1,0,0,1,0,0,0,0,0,0,0,1,0,0,0,0,1,1,0.0,0.2,0.6979166666666667
982,Typewriter push-up,Strength,Chest,None,Beginner,The typewriter push-up is an advanced push-up variation where the hands are extra wide and you lower toward each hand in alternating reps. It is more challenging to each working arm than traditional push-ups and also stretches and challenges the chest.,1,0,0,1,0,0,0,0,0,0,0,1,0,0,0,0,1,1,0.0,0.2,0.0
983,Diamond push-up,Strength,Chest,None,Intermediate,"The diamond push-up is an advanced variation of the push-up exercise performed with the hands in a diamond shape. It increases the challenge to the triceps, but also targets the chest and shoulders.",1,0,0,1,0,0,0,0,0,0,0,1,0,0,0,0,2,1,0.0,0.2,0.0
984,Judo push-up,Strength,Chest,None,Beginner,"The judo push-up is an advanced push-up variation that blends elements of the yoga poses downward- and upward-facing dog. This movement increases the demands on the shoulders, but also has mobility benefits. It can work in a dynamic warm-up or mobility-focused workout, but also in bodyweight strength training.",1,0,0,1,0,0,0,0,0,0,0,1,0,0,0,0,1,1,0.0,0.2,0.0
985,Superman Push-Up,Strength,Chest,None,Beginner,,1,0,0,1,0,0,0,0,0,0,0,1,0,0,0,0,1,1,0.0,0.2,0.0
986,Wide push-up,Strength,Chest,None,Beginner,"The wide push-up is a variation of the push-up with the hands wider than shoulder-width apart. It targets upper-body muscle groups including the chest, shoulders, and triceps, but has more of a chest emphasis than narrower-grip push-up variations. If wide push-ups lead to pain in the front of your shoulder, opt for a narrower version.",1,0,0,1,0,0,0,0,0,0,0,1,0,0,0,0,1,1,0.0,0.2,0.0
987,One-Arm Push-Up,Strength,Chest,None,Beginner,,1,0,0,1,0,0,0,0,0,0,0,1,0,0,0,0,1,1,0.0,0.2,0.0
988,Clapping Push-Up,Strength,Chest,None,Beginner,"Also known as a plyo push-up, the clapping push-up is a bodyweight exercise aimed at increasing upper-body power and strength. It targets the muscles of the chest, triceps, and shoulders, and can be trained in low reps for power and strength, or higher reps for conditioning.",1,0,0,1,0,0,0,0,0,0,0,1,0,0,0,0,1,1,0.0,0.2,0.0
989,Staggered push-up,Strength,Chest,None,Beginner,"The staggered push-up is a variation of the push-up exercise where your hand position is staggered, with one hand forward and one back. It targets the same muscles as a traditional push-up, including the chest, triceps, and shoulders, but is more difficult to the rear arm and core.",1,0,0,1,0,0,0,0,0,0,0,1,0,0,0,0,1,1,0.0,0.2,0.0
990,Reverse-grip hands-elevated push-up,Strength,Chest,None,Beginner,"The reverse-grip hands-elevated push-up is a bodyweight exercise performed on a Smith machine or other elevated surface. It targets the chest, triceps, and shoulders. It can work as a regression of floor reverse-grip push-ups, or in a progressive mechanical dropset moving the bar up once you reach failure at a lower height.",1,0,0,1,0,0,0,0,0,0,0,1,0,0,0,0,1,1,0.0,0.2,0.0
991,Triple Clap Push-Up,Strength,Chest,None,Beginner,,1,0,0,1,0,0,0,0,0,0,0,1,0,0,0,0,1,1,0.0,0.2,0.0
992,Side kick-through push-up,Strength,Chest,None,Intermediate,"The side kick-through push-up is a full-body movement that begins in a bear crawl position and ends with a leg kicked out to the side, with a push-up performed between kick-throughs. It is commonly performed for reps or timed bodyweight circuits and animal-style flows, but can also work on its own or as part of a dynamic warm-up or mobility sequence.",1,0,0,1,0,0,0,0,0,0,0,1,0,0,0,0,2,1,0.0,0.2,0.0
993,Swimming,Cardio,Chest,None,Intermediate,,0,1,0,1,0,0,0,0,0,0,0,1,0,0,0,0,2,0,0.7,0.2,0.0
994,FYR Push-Up,Strength,Chest,None,Intermediate,"The push-up is a popular bodyweight exercise that is commonly used in military and tactical physical fitness tests. It’s a classic movement to build upper-body muscle and strength, emphasizing the chest, triceps, and shoulders, but also working the upper back and core.",1,0,0,1,0,0,0,0,0,0,0,1,0,0,0,0,2,1,0.0,0.2,0.0
995,Frog push-up,Strength,Chest,None,Intermediate,"The frog push-up is an advanced push-up variation that is performed with the legs bent and butt in the air. It heavily targets the triceps and shoulders, but is also quite challenging to the core.",1,0,0,1,0,0,0,0,0,0,0,1,0,0,0,0,2,1,0.0,0.2,0.0
996,Wide push-up plank hold,Strength,Chest,None,Intermediate,"The wide push-up plank hold is a full-body exercise targeting the core. Because the arms aren't directly under the body, it can be more difficult than traditional push-up planks, especially for the upper back and chest, but also for the core.",1,0,0,1,0,0,0,0,0,0,0,1,0,0,0,0,2,1,0.0,0.2,0.0
997,Close push-up,Strength,Chest,None,Intermediate,"The close push-up is an upper-body exercise that targets the chest, triceps, and shoulders. The close hand position places more emphasis on the triceps.",1,0,0,1,0,0,0,0,0,0,0,1,0,0,0,0,2,1,0.0,0.2,0.0
998,Push-Up - Gethin Variation,Strength,Chest,None,Intermediate,"The push-up is a popular bodyweight exercise that is commonly used in military and tactical physical fitness tests. It’s a classic movement to build upper-body muscle and strength, emphasizing the chest, triceps, and shoulders, but also working the upper back and core.",1,0,0,1,0,0,0,0,0,0,0,1,0,0,0,0,2,1,0.0,0.2,0.0
999,HM Incline Push-Up On Chair,Strength,Chest,None,Intermediate,,1,0,0,1,0,0,0,0,0,0,0,1,0,0,0,0,2,1,0.0,0.2,0.0
1000,HM Push-Up,Strength,Chest,None,Intermediate,,1,0,0,1,0,0,0,0,0,0,0,1,0,0,0,0,2,1,0.0,0.2,0.0
1001,HM Push-Plank,Strength,Chest,None,Intermediate,,1,0,0,1,0,0,0,0,0,0,0,1,0,0,0,0,2,0,0.0,0.2,0.0
1002,AM Chest Dips,Strength,Chest,None,Intermediate,The chest dip is a chest-building exercise in which the lifter hangs between two parallel handles. Leaning the torso slightly forward shifts the emphasis from the triceps to the chest.,1,0,0,1,0,0,0,0,0,0,0,1,0,0,0,0,2,0,0.0,0.2,0.0
1003,Push-up,Strength,Chest,None,Intermediate,"The push-up is a popular bodyweight exercise that is commonly used in military and tactical physical fitness tests. It’s a classic movement to build upper-body muscle and strength, emphasizing the chest, triceps, and shoulders, but also working the upper back and core.",1,0,0,1,0,0,0,0,0,0,0,1,0,0,0,0,2,1,0.0,0.2,0.0
1004,UP Push-up,Strength,Chest,None,Intermediate,"The push-up is a popular bodyweight exercise that is commonly used in military and tactical physical fitness tests. It’s a classic movement to build upper-body muscle and strength, emphasizing the chest, triceps, and shoulders, but also working the upper back and core.",1,0,0,1,0,0,0,0,0,0,0,1,0,0,0,0,2,1,0.0,0.2,0.0
1005,UN Push-Up,Strength,Chest,None,Intermediate,,1,0,0,1,0,0,0,0,0,0,0,1,0,0,0,0,2,1,0.0,0.2,0.0
1006,UNS Foam Roll Pecs,Strength,Chest,None,Intermediate,,1,0,0,1,0,0,0,0,0,0,0,1,0,0,0,0,2,0,0.0,0.2,0.0
1007,UN Hands Elevated Push-Up,Strength,Chest,None,Intermediate,,1,0,0,1,0,0,0,0,0,0,0,1,0,0,0,0,2,1,0.0,0.2,0.0
1008,Holman Seal Drag to Push-Up,Strength,Chest,None,Intermediate,,1,0,0,1,0,0,0,0,0,0,0,1,0,0,0,0,2,1,0.0,0.2,0.0
1009,Holman Hand-Elevated Push-Up with Hand Row,Strength,Chest,None,Intermediate,,1,0,0,1,0,0,0,0,0,0,0,1,0,0,0,0,2,1,0.7,0.2,0.0
1010,Holman Push-Up,Strength,Chest,None,Intermediate,,1,0,0,1,0,0,0,0,0,0,0,1,0,0,0,0,2,1,0.0,0.2,0.0
1011,Holman Slow Hips-Up Chest Press,Strength,Chest,None,Intermediate,,1,0,0,1,0,0,0,0,0,0,0,1,0,0,0,0,2,0,0.0,0.2,0.0
1012,Holman Jump-Out Push-Up with Hand Hop Back,Strength,Chest,None,Intermediate,,1,0,0,1,0,0,0,0,0,0,0,1,0,0,0,0,2,1,0.7,0.2,0.0
1013,Holman Froggy Push-Up to Donkey Kick,Strength,Chest,None,Intermediate,,1,0,0,1,0,0,0,0,0,0,0,1,0,0,0,0,2,1,0.0,0.2,0.0
1014,Holman Push-Up to Sit Back,Strength,Chest,None,Intermediate,,1,0,0,1,0,0,0,0,0,0,0,1,0,0,0,0,2,1,0.0,0.2,0.0
1015,Holman Sit Back Push-Up,Strength,Chest,None,Intermediate,,1,0,0,1,0,0,0,0,0,0,0,1,0,0,0,0,2,1,0.0,0.2,0.0
1016,Holman Alternating Staggered Push-Up,Strength,Chest,None,Intermediate,,1,0,0,1,0,0,0,0,0,0,0,1,0,0,0,0,2,1,0.0,0.2,0.0
1017,Holman Foot-Up Diving Push-Up,Strength,Chest,None,Intermediate,,1,0,0,1,0,0,0,0,0,0,0,1,0,0,0,0,2,1,0.0,0.2,0.0
1018,Holman Narrow Push-Up,Strength,Chest,None,Intermediate,,1,0,0,1,0,0,0,0,0,0,0,1,0,0,0,0,2,1,0.7,0.2,0.0
1019,Holman Dynamo Push-Up,Strength,Chest,None,Intermediate,,1,0,0,1,0,0,0,0,0,0,0,1,0,0,0,0,2,1,0.0,0.2,0.0
1020,Holman Jump to Push-Up,Strength,Chest,None,Intermediate,,1,0,0,1,0,0,0,0,0,0,0,1,0,0,0,0,2,1,0.7,0.2,0.0
1021,Holman Foot-Elevated Push-Up,Strength,Chest,None,Intermediate,,1,0,0,1,0,0,0,0,0,0,0,1,0,0,0,0,2,1,0.0,0.2,0.0
1022,Holman Feet-Elevated Push-Up,Strength,Chest,None,Intermediate,,1,0,0,1,0,0,0,0,0,0,0,1,0,0,0,0,2,1,0.0,0.2,0.0
1023,Total Fitness Plyo Push-Up,Strength,Chest,None,Intermediate,"The plyo push-up is a bodyweight exercise aimed at increasing upper-body power and strength. It targets the muscles of the chest, triceps, and shoulders, and can be trained in low reps for power and strength, or higher reps for conditioning.",1,0,0,1,0,0,0,0,0,0,0,1,0,0,0,0,2,1,0.0,0.2,0.0
1024,Scapular push-up,Strength,Chest,None,Intermediate,"The scapular push-up is an upper-body exercise aimed at increasing the stability of the scapulae and mobility in the shoulders. It is often performed as part of a dynamic warm-up before an upper-body workout, or as part of a mobility session.",1,0,0,1,0,0,0,0,0,0,0,1,0,0,0,0,2,1,0.0,0.2,0.0
1025,King Maker Push-up,Strength,Chest,None,Intermediate,"The push-up is a popular bodyweight exercise that is commonly used in military and tactical physical fitness tests. It’s a classic movement to build upper-body muscle and strength, emphasizing the chest, triceps, and shoulders, but also working the upper back and core.",1,0,0,1,0,0,0,0,0,0,0,1,0,0,0,0,2,1,0.0,0.2,0.0
1026,Warrior push-up,Strength,Chest,None,Intermediate,"The warrior push-up is a series of push-up and plank variations combined into a single sequence. They include a Judo push-up, plank, side plank, mountain climber, diamond push-up, and regular push-up. Done together, they tax the upper-body muscles from different angles and increase time under tension for the entire body.",1,0,0,1,0,0,0,0,0,0,0,1,0,0,0,0,2,1,0.0,0.2,0.0
1027,Taylor Roll-Over Push-Up,Strength,Chest,None,Intermediate,,1,0,0,1,0,0,0,0,0,0,0,1,0,0,0,0,2,1,0.0,0.2,0.0
1028,Taylor One-Arm Push-Up Slow Negative,Strength,Chest,None,Intermediate,,1,0,0,1,0,0,0,0,0,0,0,1,0,0,0,0,2,1,0.0,0.2,0.0
1029,30 Chest Push-Up To Isometric Hold,Strength,Chest,None,Intermediate,,1,0,0,1,0,0,0,0,0,0,0,1,0,0,0,0,2,1,0.0,0.2,0.0
1030,30 Chest Push-Up,Strength,Chest,None,Intermediate,,1,0,0,1,0,0,0,0,0,0,0,1,0,0,0,0,2,1,0.0,0.2,0.0
1031,30 Chest Bench Push-Up,Strength,Chest,None,Intermediate,,1,0,0,1,0,0,0,0,0,0,0,1,0,0,0,0,2,1,0.0,0.2,0.0
1032,MetaBurn 3-Phase Push-Up,Strength,Chest,None,Intermediate,,1,0,0,1,0,0,0,0,0,0,0,1,0,0,0,0,2,1,0.0,0.2,0.0
1033,MetaBurn Fast Feet To Push-Up,Strength,Chest,None,Intermediate,,1,0,0,1,0,0,0,0,0,0,0,1,0,0,0,0,2,1,0.0,0.2,0.0
1034,MetaBurn Judo Push-Up To Pike Push-Up,Strength,Chest,None,Intermediate,,1,0,0,1,0,0,0,0,0,0,0,1,0,0,0,0,2,1,0.0,0.2,0.0
1035,MetaBurn Pike Push-Up,Strength,Chest,None,Intermediate,,1,0,0,1,0,0,0,0,0,0,0,1,0,0,0,0,2,1,0.0,0.2,0.0
1036,MetaBurn Push-Up To Frogger,Strength,Chest,None,Intermediate,,1,0,0,1,0,0,0,0,0,0,0,1,0,0,0,0,2,1,0.0,0.2,0.0
1037,MetaBurn Push-Up With Hand Side-Step,Strength,Chest,None,Intermediate,,1,0,0,1,0,0,0,0,0,0,0,1,0,0,0,0,2,1,0.0,0.2,0.0
1038,MetaBurn Push-Up With Hand-Up Rotation,Strength,Chest,None,Intermediate,,1,0,0,1,0,0,0,0,0,0,0,1,0,0,0,0,2,1,0.0,0.2,0.0
1039,MetaBurn Sphinx Push-Up,Strength,Chest,None,Intermediate,,1,0,0,1,0,0,0,0,0,0,0,1,0,0,0,0,2,1,0.0,0.2,0.0
1040,MetaBurn Spiderman Push-Up,Strength,Chest,None,Intermediate,,1,0,0,1,0,0,0,0,0,0,0,1,0,0,0,0,2,1,0.0,0.2,0.0
1041,Roberston Push-up to Down Dog,Strength,Chest,None,Intermediate,,1,0,0,1,0,0,0,0,0,0,0,1,0,0,0,0,2,1,0.0,0.2,0.0
1042,FYR2 Push-Up-Breakdancer-Shoulder-Tap Complex,Strength,Chest,None,Intermediate,,1,0,0,1,0,0,0,0,0,0,0,1,0,0,0,0,2,1,0.0,0.2,0.0
1043,ACFT Hand-release push-up,Strength,Chest,None,Intermediate,"The hand-release push-up is a variation of the push-up, a popular bodyweight exercise commonly used in military and tactical physical fitness tests. It’s a movement to build upper-body strength and endurance, emphasizing the chest, triceps, and shoulders, but also working the upper back and core. This specific exercise is part of the new Army Combat Fitness Test or ACFT.",1,0,0,1,0,0,0,0,0,0,0,1,0,0,0,0,2,1,0.0,0.2,0.0
1044,1.5-rep push-up,Strength,Chest,None,Intermediate,"The 1.5-rep push-up is a more difficult variation of the push-up, commonly used to train for military and tactical physical fitness tests. It builds upper-body muscle and strength, emphasizing the chest, core, upper back, triceps, and shoulders.",1,0,0,1,0,0,0,0,0,0,0,1,0,0,0,0,2,1,0.0,0.2,0.0
1045,ACFT Triple-clap push-up,Strength,Chest,None,Intermediate,"The triple-clap push-up is an explosive bodyweight exercise aimed at increasing upper-body power and strength. It is an advanced exercise targeting the muscles of the chest, triceps, core, and shoulders.",1,0,0,1,0,0,0,0,0,0,0,1,0,0,0,0,2,1,0.0,0.2,0.0
1046,ACFT Superman push-up,Strength,Chest,None,Intermediate,"The Superman push-up is an explosive bodyweight exercise aimed at increasing upper-body power and strength. It is an advanced exercise targeting the muscles of the chest, triceps, shoulders, and core that involves pressing up off the floor and lifting the hands and feet off the ground simultaneously at the top of the movement.",1,0,0,1,0,0,0,0,0,0,0,1,0,0,0,0,2,1,0.0,0.2,0.0
1047,Cross-over push-up,Strength,Chest,None,Intermediate,The cross-over push-up is a variation of the push-up that adds a degree of difficulty by stepping over a small box or step between repetitions. It can be performed for time or for reps and creates a greater core stabilization challenge by forcing the core muscles to maintain the a neutral spine throughout the movement.,1,0,0,1,0,0,0,0,0,0,0,1,0,0,0,0,2,1,0.0,0.2,0.0
1048,Leverage Incline Chest Press,Strength,Chest,Machine,Beginner,,1,0,0,1,0,0,0,0,0,0,0,0,0,0,0,1,1,0,0.0,0.2,0.8958333333333334
1049,Butterfly,Strength,Chest,Machine,Intermediate,"The machine chest fly is an exercise targeting the chest. The motion is often compared to bear-hugging a tree trunk. In chest workouts, this exercise often follows compound moves such as the bench press.",1,0,0,1,0,0,0,0,0,0,0,0,0,0,0,1,2,0,0.0,0.2,0.8854166666666667
1050,Leverage Chest Press,Strength,Chest,Machine,Beginner,The machine chest press is an upper body exercise targeting the pectoral muscles.,1,0,0,1,0,0,0,0,0,0,0,0,0,0,0,1,1,0,0.0,0.2,0.8854166666666667
1051,Decline Smith Press,Strength,Chest,Machine,Beginner,"The Smith machine decline bench press is a machine-based exercise targeting the chest muscles, particularly the lower pectoral muscles. The Smith machine mimics a barbell but provides more stability. This movement is often performed for moderate to high reps, such as 8-12 reps per set or more, as part of a chest or upper-body workout.",1,0,0,1,0,0,0,0,0,0,0,0,0,0,0,1,1,0,0.0,0.2,0.8750000000000001
1052,Smith machine bench press,Strength,Chest,Machine,Intermediate,"The Smith machine bench press is a machine-based movement targeting the chest. The Smith machine mimics a barbell but provides more stability. This movement can be programmed in low reps for strength or higher reps for muscle and strength endurance. It is often performed for moderate to high reps, such as 8-12 reps per set or more, as part of a chest or upper-body focused workout.",1,0,0,1,0,0,0,0,0,0,0,0,0,0,0,1,2,1,0.0,0.2,0.8645833333333335
1053,Leverage Decline Chest Press,Strength,Chest,Machine,Beginner,,1,0,0,1,0,0,0,0,0,0,0,0,0,0,0,1,1,0,0.0,0.2,0.8645833333333335
1054,Machine chest press,Strength,Chest,Machine,Intermediate,"The machine chest press is a machine-based exercise targeting the chest. It approximates the motion of a bench press but is usually performed facing forward and seated upright. Many machines offer multiple grip options, such as overhand, neutral (palms facing), or underhand. The chest press is often performed for moderate to high reps, such as 8-12 reps per set or more, as part of a pre-exhaust or muscle-building upper-body workout.",1,0,0,1,0,0,0,0,0,0,0,0,0,0,0,1,2,0,0.0,0.2,0.8541666666666666
1055,Smith Machine Incline Bench Press,Strength,Chest,Machine,Intermediate,"The Smith machine incline bench press is a machine-based movement targeting the chest, particularly the upper chest. The Smith machine mimics a barbell but provides more stability. This movement can be programmed in low reps for strength or higher reps for muscle and strength endurance. It is often performed for moderate to high reps, such as 8-12 reps per set or more, as part of a chest or upper-body focused workout.",1,0,0,1,0,0,0,0,0,0,0,0,0,0,0,1,2,1,0.0,0.2,0.8333333333333334
1056,Smith Machine Close-Grip Bench Press,Strength,Chest,Machine,Intermediate,"The Smith machine close-grip bench press is a machine-based movement targeting the chest and triceps. The Smith machine mimics a barbell but provides more stability. This movement can be programmed in low reps for strength or higher reps for muscle and strength endurance. It is often performed for moderate to high reps, such as 8-12 reps per set or more, as part of a chest, arms, or upper-body focused workout.",1,0,0,1,0,0,0,0,0,0,0,0,0,0,0,1,2,1,0.0,0.2,0.8333333333333334
1057,Smith Machine Decline Press,Strength,Chest,Machine,Beginner,"The Smith machine decline bench press is a machine-based exercise targeting the chest muscles, particularly the lower pectoral muscles. The Smith machine mimics a barbell but provides more stability. This movement is often performed for moderate to high reps, such as 8-12 reps per set or more, as part of a chest or upper-body workout.",1,0,0,1,0,0,0,0,0,0,0,0,0,0,0,1,1,0,0.0,0.2,0.7604166666666666
1058,Smith machine bench press throw,Strength,Chest,Machine,Beginner,The Smith machine bench press throw is an exercise that helps develop pushing power that carries over to the traditional bench press. It involves pushing a relatively light weight (such as 30-50 percent of your 1RM) explosively and actually letting go at the top of the rep. It can work as power or speed-style training in a strength or athleticism-focused workout plan.,1,0,0,1,0,0,0,0,0,0,0,0,0,0,0,1,1,1,0.7,0.2,0.0
1059,Machine chest fly,Strength,Chest,Machine,Intermediate,"The machine chest fly is a machine-based exercise targeting the chest. It approximates the motion of a dumbbell fly or cable fly, but is usually performed facing forward and seated upright. The motion is often compared to bear-hugging a tree trunk. The chest fly is usually performed for moderate to high reps, such as 8-12 reps per set or more, as part of a pre-exhaust or muscle-building upper-body workout.",1,0,0,1,0,0,0,0,0,0,0,0,0,0,0,1,2,0,0.0,0.2,0.0
1060,Machine bench press,Strength,Chest,Machine,Intermediate,"The machine bench press is a machine-based exercise targeting the chest and upper body. It approximates the motion of a bench press, but uses a selectorized weight-stack or plate-loaded machine. Many such machines also allow you to choose between different grips and grip widths. Machine-based presses are often done for moderate to high reps, such as 8-12 reps per set or more, as part of the upper-body or chest-focused portion of a workout.",1,0,0,1,0,0,0,0,0,0,0,0,0,0,0,1,2,1,0.0,0.2,0.0
1061,Machine Seated Chest Press - Gethin Variation,Strength,Chest,Machine,Intermediate,The machine chest press is an upper body exercise targeting the pectoral muscles.,1,0,0,1,0,0,0,0,0,0,0,0,0,0,0,1,2,0,0.0,0.2,0.0
1062,Smith machine weighted push-up,Strength,Chest,Machine,Intermediate,"The Smith machine weighted push-up is a pushing movement performed with a plate resting on the back or shoulders. It is performed most safely with a foot or so of space at the bottom to minimize the risk of getting ""pinned"" under the bar. It targets all the same muscles as a push-up, including the chest, triceps, and shoulders.",1,0,0,1,0,0,0,0,0,0,0,0,0,0,0,1,2,1,0.0,0.2,0.0
1063,Smith machine incline bench press-,Strength,Chest,Machine,Intermediate,"The Smith machine incline bench press is a machine-based movement targeting the chest, particularly the upper chest. The Smith machine mimics a barbell but provides more stability. This movement can be programmed in low reps for strength or higher reps for muscle and strength endurance. It is often performed for moderate to high reps, such as 8-12 reps per set or more, as part of a chest or upper-body focused workout.",1,0,0,1,0,0,0,0,0,0,0,0,0,0,0,1,2,1,0.0,0.2,0.0
1064,Smith machine decline bench press,Strength,Chest,Machine,Intermediate,"The Smith machine decline bench press is a machine-based exercise targeting the chest muscles, particularly the lower pectoral muscles. The Smith machine mimics a barbell but provides more stability. This movement is often performed for moderate to high reps, such as 8-12 reps per set or more, as part of a chest or upper-body workout.",1,0,0,1,0,0,0,0,0,0,0,0,0,0,0,1,2,1,0.0,0.2,0.0
1065,AM Pec Dec,Strength,Chest,Machine,Intermediate,"The pec deck is a machine-based exercise targeting the chest. It approximates the motion of a dumbbell fly or cable fly, but is usually performed facing forward and seated upright. The motion is often compared to bear-hugging a tree trunk. The chest fly is usually performed for moderate to high reps, such as 8-12 reps per set or more, as part of a pre-exhaust or muscle-building upper-body workout.",1,0,0,1,0,0,0,0,0,0,0,0,0,0,0,1,2,0,0.0,0.2,0.0
1066,30 Chest Machine Flat Chest Press,Strength,Chest,Machine,Intermediate,,1,0,0,1,0,0,0,0,0,0,0,0,0,0,0,1,2,0,0.0,0.2,0.0
1067,Smith machine push-up,Strength,Chest,Machine,Intermediate,"The Smith machine push-up is an upper-body exercise targeting the chest, shoulders, and triceps. It is similar in form to bodyweight push-ups, but with the hands on the bar of the Smith machine. This allows you to vary the height to increase or decrease difficulty, or to perform a mechanical dropset by raising the bar after hitting failure at a certain height.",1,0,0,1,0,0,0,0,0,0,0,0,0,0,0,1,2,1,0.0,0.2,0.0
1068,30 Chest Smith Machine Incline Chest Press,Strength,Chest,Machine,Intermediate,,1,0,0,1,0,0,0,0,0,0,0,0,0,0,0,1,2,0,0.0,0.2,0.0
1069,30 Chest Smith Machine Chest Press,Strength,Chest,Machine,Intermediate,,1,0,0,1,0,0,0,0,0,0,0,0,0,0,0,1,2,0,0.0,0.2,0.0
1070,30 Chest Machine Incline Chest Press,Strength,Chest,Machine,Intermediate,,1,0,0,1,0,0,0,0,0,0,0,0,0,0,0,1,2,0,0.0,0.2,0.0
1071,30 Chest Machine Fly,Strength,Chest,Machine,Intermediate,,1,0,0,1,0,0,0,0,0,0,0,0,0,0,0,1,2,0,0.0,0.2,0.0
1072,30 Chest 30-Degree Incline Smith Machine Press,Strength,Chest,Machine,Intermediate,,1,0,0,1,0,0,0,0,0,0,0,0,0,0,0,1,2,0,0.0,0.2,0.0
1073,Low-cable cross-over,Strength,Chest,Machine,Intermediate,"The low-cable cross-over is an isolation movement that uses a cable stack to target the upper portion of the pectoral muscles. It is common in upper-body and chest-focused muscle-building workouts, often in combination with presses or flyes from other angles to target all portions of the chest.",1,0,0,1,0,0,0,0,0,0,0,0,0,0,0,1,2,0,0.0,0.2,0.9479166666666666
1074,Incline cable chest fly,Strength,Chest,Machine,Intermediate,"The incline cable chest fly is an isolation movement that uses a cable stack and an incline bench to target the upper portion of the pectoral muscles. It is common in upper-body and chest-focused muscle-building workouts, often after pressing movements like the barbell or dumbbell bench press or as a finishing movement at the end of the workout. It is often used in combination with other flyes to target the chest from different angles.",1,0,0,1,0,0,0,0,0,0,0,0,0,0,0,1,2,0,0.0,0.2,0.9375
1075,Cable Crossover,Strength,Chest,Machine,Intermediate,"The cable cross-over is an isolation movement that uses a cable stack to build bigger and stronger pectoral muscles. Since it's done using adjustable pulleys, you can target different parts of your chest by setting the pulleys at different levels. It is common in upper body and chest-focused muscle-building workouts, often as a pre-exhaust at the beginning of a workout, or a finishing movement at the end. It is often in combination with other presses or flyes to target the chest from different angles.",1,0,0,1,0,0,0,0,0,0,0,0,0,0,0,1,2,0,0.0,0.2,0.9166666666666667
1076,Incline cable chest press,Strength,Chest,Machine,Beginner,"The incline cable chest press is a pressing movement that uses a cable stack and an incline bench to target the upper portion of the pectoral muscles, similar to an incline dumbbell press. It is common in upper-body and chest-focused muscle-building workouts, where it can be effective as a primary movement in classic hypertrophy rep ranges, as a pre-exhaust, or as a high-rep finisher. It is often used in combination with other presses or flyes to target the chest from different angles.",1,0,0,1,0,0,0,0,0,0,0,0,0,0,0,1,1,0,0.0,0.2,0.90625
1077,Cable Chest Press,Strength,Chest,Machine,Beginner,,1,0,0,1,0,0,0,0,0,0,0,0,0,0,0,1,1,0,0.0,0.2,0.90625
1078,Single-arm cable cross-over,Strength,Chest,Machine,Intermediate,"The single-arm cable cross-over is an isolation movement that uses a cable stack to build bigger and stronger pectoral muscles. Working the chest one side at a time allows you to focus on the balance between the sides of your chest and really feel the chest muscles contracting. It is common in upper-body and chest-focused muscle-building workouts, often in combination with other presses or flyes to target the chest from different angles.",1,0,0,1,0,0,0,0,0,0,0,0,0,0,0,1,2,0,0.0,0.2,0.8958333333333334
1079,Cable cross-over,Strength,Chest,Machine,Beginner,"The cable cross-over is an isolation movement that uses a cable stack to build bigger and stronger pectoral muscles. Since it's done using adjustable pulleys, you can target different parts of your chest by setting the pulleys at different levels. It is common in upper-body and chest-focused muscle-building workouts, often as a pre-exhaust at the beginning of a workout or a finishing movement at the end. It is often used in combination with other presses or flyes to target the chest from different angles.",1,0,0,1,0,0,0,0,0,0,0,0,0,0,0,1,1,0,0.0,0.2,0.8750000000000001
1080,Standing Cable Chest Press,Strength,Chest,Machine,Beginner,,1,0,0,1,0,0,0,0,0,0,0,0,0,0,0,1,1,0,0.0,0.2,0.8541666666666666
1081,Lying cable chest fly,Strength,Chest,Machine,Intermediate,"The lying cable chest fly is an isolation movement that uses a cable stack and a flat bench to build bigger and stronger pectoral muscles. It is common in upper-body and chest-focused muscle-building workouts, often as a pre-exhaust at the beginning of a workout or as a finishing movement at the end. It is often used in combination with other presses or flyes to target the chest from different angles.",1,0,0,1,0,0,0,0,0,0,0,0,0,0,0,1,2,0,0.0,0.2,0.7604166666666666
1082,Paul Carter Cable Cross-Over,Strength,Chest,Machine,Intermediate,"The cable cross-over is an isolation movement that uses a cable stack to build bigger and stronger pectoral muscles. Since it's done using adjustable pulleys, you can target different parts of your chest by setting the pulleys at different levels. It is common in upper body and chest-focused muscle-building workouts, often as a pre-exhaust at the beginning of a workout, or a finishing movement at the end. It is often in combination with other presses or flyes to target the chest from different angles.",1,0,0,1,0,0,0,0,0,0,0,0,0,0,0,1,2,0,0.0,0.2,0.0
1083,One-Arm Cable Crossover - Gethin Variation,Strength,Chest,Machine,Intermediate,"The single-arm cable cross-over is an isolation movement that uses a cable stack to build bigger and stronger pectoral muscles. Working the chest one side at a time allows you to focus on balance between sides of your chest, and really feel the chest muscles contracting. It is common in upper body and chest-focused muscle-building workouts, often in combination with other presses or flyes to target the chest from different angles.",1,0,0,1,0,0,0,0,0,0,0,0,0,0,0,1,2,0,0.0,0.2,0.0
1084,Incline Cable Fly - Gethin Variation,Strength,Chest,Machine,Intermediate,"The incline cable chest fly is an isolation movement that uses a cable stack and an incline bench to target the upper portion of the pectoral muscles. It is common in upper-body and chest-focused muscle-building workouts, often after pressing movements like the barbell or dumbbell bench press or as a finishing movement at the end of the workout. It is often used in combination with other flyes to target the chest from different angles.",1,0,0,1,0,0,0,0,0,0,0,0,0,0,0,1,2,0,0.0,0.2,0.0
1085,Cable Cross-Over - Gethin Variation,Strength,Chest,Machine,Intermediate,"The cable cross-over is an isolation movement that uses a cable stack to build bigger and stronger pectoral muscles. Since it's done using adjustable pulleys, you can target different parts of your chest by setting the pulleys at different levels. It is common in upper body and chest-focused muscle-building workouts, often as a pre-exhaust at the beginning of a workout, or a finishing movement at the end. It is often in combination with other presses or flyes to target the chest from different angles.",1,0,0,1,0,0,0,0,0,0,0,0,0,0,0,1,2,0,0.0,0.2,0.0
1086,Seated cable chest fly,Strength,Chest,Machine,Intermediate,"The seated cable chest fly is an isolation movement that uses a cable stack and an upright bench to target the pectoral muscles. Being able to brace against a seat can help you stabilize your torso and focus on isolating the pecs, feeling them stretch and contract. It is usually used in combination with other presses or flyes to target the chest from different angles.",1,0,0,1,0,0,0,0,0,0,0,0,0,0,0,1,2,0,0.0,0.2,0.0
1087,Single-arm incline cable cross-over-,Strength,Chest,Machine,Intermediate,"The single-arm incline cable cross-over is an isolation movement that uses a cable stack and a bench to target the upper part of the pectoral muscles. Working the chest one side at a time allows you to focus on balance between the sides of your chest and really feel the chest muscles contracting. It is common in upper-body and chest-focused muscle-building workouts, often in combination with other presses or flyes to target the chest from different angles.",1,0,0,1,0,0,0,0,0,0,0,0,0,0,0,1,2,0,0.0,0.2,0.0
1088,High-to-low cable chest fly,Strength,Chest,Machine,Intermediate,"The high-to-low cable chest fly is an isolation movement that uses a cable stack to target the lower portion of the pectoral muscles. It is common in upper-body and chest-focused muscle-building workouts, often after pressing movements like the barbell or dumbbell bench press or as a finishing movement at the end of the workout. It is often used in combination with other flyes to target the chest from different angles.",1,0,0,1,0,0,0,0,0,0,0,0,0,0,0,1,2,0,0.0,0.2,0.0
1089,UP Cable Cross-Over,Strength,Chest,Machine,Intermediate,"The cable cross-over is an isolation movement that uses a cable stack to build bigger and stronger pectoral muscles. Since it's done using adjustable pulleys, you can target different parts of your chest by setting the pulleys at different levels. It is common in upper body and chest-focused muscle-building workouts, often as a pre-exhaust at the beginning of a workout, or a finishing movement at the end. It is often in combination with other presses or flyes to target the chest from different angles.",1,0,0,1,0,0,0,0,0,0,0,0,0,0,0,1,2,0,0.0,0.2,0.0
1090,UP Cable Fly,Strength,Chest,Machine,Intermediate,,1,0,0,1,0,0,0,0,0,0,0,0,0,0,0,1,2,0,0.0,0.2,0.0
1091,30 Chest Low-To-High Cable Fly,Strength,Chest,Machine,Intermediate,,1,0,0,1,0,0,0,0,0,0,0,0,0,0,0,1,2,0,0.0,0.2,0.0
1092,30 Chest Incline Cable Fly,Strength,Chest,Machine,Intermediate,,1,0,0,1,0,0,0,0,0,0,0,0,0,0,0,1,2,0,0.0,0.2,0.0
1093,30 Chest Incline Cable Chest Press,Strength,Chest,Machine,Intermediate,,1,0,0,1,0,0,0,0,0,0,0,0,0,0,0,1,2,0,0.0,0.2,0.0
1094,30 Chest High-To-Low Cable Press,Strength,Chest,Machine,Intermediate,,1,0,0,1,0,0,0,0,0,0,0,0,0,0,0,1,2,0,0.0,0.2,0.0
1095,30 Chest High-To-Low Cable Fly,Strength,Chest,Machine,Intermediate,,1,0,0,1,0,0,0,0,0,0,0,0,0,0,0,1,2,0,0.0,0.2,0.0
1096,30 Chest Shoulder-Height Cable Fly,Strength,Chest,Machine,Intermediate,,1,0,0,1,0,0,0,0,0,0,0,0,0,0,0,1,2,0,0.0,0.2,0.0
1097,Cable Pec Fly,Strength,Chest,Machine,Intermediate,,1,0,0,1,0,0,0,0,0,0,0,0,0,0,0,1,2,0,0.0,0.2,0.0
1098,Chest Push (multiple response),Strength,Chest,None,Beginner,,1,0,0,1,0,0,0,0,0,0,0,1,0,0,0,0,1,0,0.0,0.2,0.8645833333333335
1099,Medicine Ball Chest Pass,Strength,Chest,None,Intermediate,"The medicine ball pass is a simple partner-based exercise that involves throwing a weighted ball back-and-forth. It can be part of a dynamic warm-up for lifting or athletics, but can also work as active rest or as a component of circuit training.",1,0,0,1,0,0,0,0,0,0,0,1,0,0,0,0,2,0,0.0,0.2,0.6145833333333334
1100,Medicine ball sprawl to chest press,Strength,Chest,None,Intermediate,"The medicine ball sprawl to chest press is a sequence of athletic movements using a medicine ball or other small weight. It involves performing a sprawl with the hands on the ball, followed by a standing chest press holding the ball. It is challenging to the cardiovascular system, but also the muscles of the core, shoulders, and upper back. It can be performed for reps or for time, usually in dedicated ab training or as part of a medicine ball and bodyweight circuit workout.",1,0,0,1,0,0,0,0,0,0,0,1,0,0,0,0,2,0,0.0,0.2,0.0
1101,Medicine ball push-up,Strength,Chest,None,Intermediate,"The medicine ball push-up is a simple way to make a classic bodyweight exercise more difficult. It targets all the same muscles as the push-up: chest, triceps, shoulders, upper back, and core. The addition of the medicine ball adds a degree of difficulty and can increase chest and triceps activation.",1,0,0,1,0,0,0,0,0,0,0,1,0,0,0,0,2,1,0.0,0.2,0.0
1102,Chest Push (single response),Strength,Chest,None,Beginner,,1,0,0,1,0,0,0,0,0,0,0,1,0,0,0,0,1,0,0.0,0.2,0.0
1103,Chest Push with Run Release,Strength,Chest,None,Beginner,,1,0,0,1,0,0,0,0,0,0,0,1,0,0,0,0,1,0,0.7,0.2,0.0
1104,Chest Push from 3 point stance,Strength,Chest,None,Beginner,,1,0,0,1,0,0,0,0,0,0,0,1,0,0,0,0,1,0,0.0,0.2,0.0
1105,Dumbbell Bench Press,Strength,Chest,Dumbbell,Intermediate,"The dumbbell bench press is a mainstay of workout enthusiasts worldwide. It’s a classic move for building a bigger, stronger chest. As such, it’s often placed first in mass-building chest workouts.",1,0,0,1,0,0,0,0,0,0,0,0,0,0,1,0,2,1,0.0,0.2,0.9583333333333333
1106,Dumbbell Flyes,Strength,Chest,Dumbbell,Intermediate,"The dumbbell chest fly is a popular exercise that targets the pectoral or chest muscles. It attempts to isolate the chest muscles, stretching and contracting them while limiting involvement of the shoulders. Unlike a press, where the elbows bend and flex, flyes should keep a relatively consistent elbow angle. The motion is sometimes compared to ""hugging a tree."" Dumbbell flyes are usually performed for moderate to high reps, such as 8-12 reps per set or more, as part of a chest or upper-body focused workout.",1,0,0,1,0,0,0,0,0,0,0,0,0,0,1,0,2,0,0.0,0.2,0.9479166666666666
1107,Incline dumbbell bench press,Strength,Chest,Dumbbell,Intermediate,"The incline dumbbell bench press is a popular upper-body exercise targeting the upper pectoral muscles. While it can be a strength-focused movement, it is usually performed for moderate to high reps, such as 8-12 reps per set or more, as part of upper-body or chest-focused training.",1,0,0,1,0,0,0,0,0,0,0,0,0,0,1,0,2,1,0.0,0.2,0.9479166666666666
1108,Decline Dumbbell Flyes,Strength,Chest,Dumbbell,Intermediate,"The decline dumbbell chest fly is an upper body isolation exercise targeting the lower chest. It will require less weight than a decline press, which makes it a great hypertrophy exercise with high reps.",1,0,0,1,0,0,0,0,0,0,0,0,0,0,1,0,2,0,0.0,0.2,0.9375
1109,Reverse-grip incline dumbbell bench press,Strength,Chest,Dumbbell,Beginner,"The reverse-grip incline dumbbell bench press is an upper-body exercise targeting the pectoral muscles. Pressing with a reverse grip targets the upper chest in particular, especially when performed on an incline. This press variation is usually performed for moderate to high reps, such as 8-12 reps per set or more, as part of upper-body or chest-focused training.",1,0,0,1,0,0,0,0,0,0,0,0,0,0,1,0,1,1,0.0,0.2,0.9270833333333334
1110,Incline Dumbbell Flyes,Strength,Chest,Dumbbell,Intermediate,"The incline dumbbell chest fly is an upper body isolation exercise targeting the upper chest and is typically used with aesthetic goals in mind. It will require less weight than an incline press, which makes it a great hypertrophy exercise with high reps.",1,0,0,1,0,0,0,0,0,0,0,0,0,0,1,0,2,0,0.0,0.2,0.9166666666666667
1111,Neutral-grip dumbbell bench press,Strength,Chest,Dumbbell,Intermediate,"The neutral-grip dumbbell bench press is a variation on a classic chest-building exercise where the palms face each other instead of forward. This shift puts the elbows closer to the sides, placing more emphasis on the triceps, and perhaps also the inner chest. The neutral-grip press can be performed in lower reps for strength or higher reps for muscle growth.",1,0,0,1,0,0,0,0,0,0,0,0,0,0,1,0,2,1,0.0,0.2,0.90625
1112,Decline dumbbell bench press,Strength,Chest,Dumbbell,Intermediate,"The decline dumbbell bench press is a popular upper-body exercise targeting the lower pectoral muscles. While it can be a strength-focused movement, it is usually performed for moderate to high reps, such as 8-12 reps per set or more, as part of upper-body or chest-focused training.",1,0,0,1,0,0,0,0,0,0,0,0,0,0,1,0,2,1,0.0,0.2,0.8854166666666667
1113,Single-arm kettlebell row,Strength,Chest,Dumbbell,Intermediate,"The single-arm kettlebell row is a popular muscle- and strength-building exercise that works the muscles of the back and core simultaneously. It has all the same benefits as a single-arm dumbbell row, but some people find a kettlebell more comfortable to hold during the movement.",1,0,0,1,0,0,0,0,0,0,0,0,0,0,1,0,2,1,0.7,0.2,0.8854166666666667
1114,Hammer Grip Incline DB Bench Press,Strength,Chest,Dumbbell,Beginner,,1,0,0,1,0,0,0,0,0,0,0,0,0,0,1,0,1,1,0.0,0.2,0.8854166666666667
1115,Straight-arm dumbbell pull-over,Strength,Chest,Dumbbell,Intermediate,"The straight-arm dumbbell pull-over is an exercise that targets the muscles of the pecs, lats, and serratus anterior muscles. Performing this movement with straight arms makes it more difficult, increases the stretch on the serratus muscles and lats, and forces the core to work harder. Old-school bodybuilders would perform pull-overs with light weights for sets of 20 between sets of heavy 20-rep squats, but they are more popular today in moderate rep ranges, such as 8-12 reps per set, as part of an upper-body workout.",1,0,0,1,0,0,0,0,0,0,0,0,0,0,1,0,2,0,0.0,0.2,0.8750000000000001
1116,Incline Dumbbell Bench With Palms Facing In,Strength,Chest,Dumbbell,Beginner,,1,0,0,1,0,0,0,0,0,0,0,0,0,0,1,0,1,0,0.0,0.2,0.8750000000000001
1117,Incline Dumbbell Flyes - With A Twist,Strength,Chest,Dumbbell,Beginner,,1,0,0,1,0,0,0,0,0,0,0,0,0,0,1,0,1,0,0.0,0.2,0.8645833333333335
1118,Bent-arm dumbbell pull-over,Strength,Chest,Dumbbell,Intermediate,"The bent-arm dumbbell pull-over was a staple exercise of the ""Golden Era"" of bodybuilding and a favorite of Arnold Schwarzenegger himself. Done properly, the exercise targets the pecs, lats, and serratus anterior muscles. Old-school bodybuilders would perform them with light weights for sets of 20 between sets of heavy 20-rep squats, but pull-overs are more popular today in moderate rep ranges, such as 8-12 reps per set, as part of an upper-body workout.",1,0,0,1,0,0,0,0,0,0,0,0,0,0,1,0,2,0,0.0,0.2,0.8541666666666666
1119,Close-grip dumbbell bench press,Strength,Chest,Dumbbell,Intermediate,"The close-grip dumbbell bench press is a popular variation of the dumbbell bench press in which the dumbbells are held closer than shoulder width. This places more emphasis on the triceps, and perhaps also the inner chest. The close-grip dumbbell bench press can be performed in lower reps for strength or higher reps for muscle growth.",1,0,0,1,0,0,0,0,0,0,0,0,0,0,1,0,2,1,0.0,0.2,0.84375
1120,Single-dumbbell push-up,Strength,Chest,Dumbbell,Intermediate,"The single-dumbbell push-up is a more difficult push-up variation where you balance your hands on the ends of a dumbbell. This simple change makes many muscle groups work harder, helping encourage muscle and strength gains across the upper body.",1,0,0,1,0,0,0,0,0,0,0,0,0,0,1,0,2,1,0.0,0.2,0.7604166666666666
1121,One-Arm Flat Bench Dumbbell Flye,Strength,Chest,Dumbbell,Beginner,,1,0,0,1,0,0,0,0,0,0,0,0,0,0,1,0,1,0,0.0,0.2,0.6770833333333334
1122,Dumbbell Fix Dumbbell Floor Chest Fly,Strength,Chest,Dumbbell,Intermediate,,1,0,0,1,0,0,0,0,0,0,0,0,0,0,1,0,2,0,0.0,0.2,0.0
1123,Dumbbell Fix Traveling Push-Up,Strength,Chest,Dumbbell,Intermediate,,1,0,0,1,0,0,0,0,0,0,0,0,0,0,1,0,2,1,0.0,0.2,0.0
1124,Incline dumbbell chest fly,Strength,Chest,Dumbbell,Intermediate,"The incline dumbbell chest fly is an upper-body exercise targeting the chest. Performing it at an incline helps to target the upper chest in particular, while limiting involvement of the shoulders. Fly variations are usually performed for moderate to high reps, such as 8-12 reps per set or more.",1,0,0,1,0,0,0,0,0,0,0,0,0,0,1,0,2,0,0.0,0.2,0.0
1125,Paul Carter Dumbbell Shrug,Strength,Chest,Dumbbell,Intermediate,"The standing dumbbell shrug is a popular movement to build and strengthen the trapezius muscles. It’s a often trained on a bodybuilding-style shoulder or back training day, but can also work well in full-body or strength-focused training.",1,0,0,1,0,0,0,0,0,0,0,0,0,0,1,0,2,0,0.0,0.2,0.0
1126,Dumbbell push-up row,Strength,Chest,Dumbbell,Intermediate,"The dumbbell push-up row combines pressing, rowing, and core stabilization into a single sequence. It's popular in time-efficient strength and muscle-building workouts.",1,0,0,1,0,0,0,0,0,0,0,0,0,0,1,0,2,1,0.7,0.2,0.0
1127,TBS Dumbbell Incline Press,Strength,Chest,Dumbbell,Intermediate,The incline dumbbell bench press is an upper body exercise targeting the upper pectoral muscles.,1,0,0,1,0,0,0,0,0,0,0,0,0,0,1,0,2,0,0.0,0.2,0.0
1128,Incline Dumbbell Fly - Gethin Variation,Strength,Chest,Dumbbell,Intermediate,"The incline dumbbell chest fly is an upper body isolation exercise targeting the upper chest and is typically used with aesthetic goals in mind. It will require less weight than an incline press, which makes it a great hypertrophy exercise with high reps.",1,0,0,1,0,0,0,0,0,0,0,0,0,0,1,0,2,0,0.0,0.2,0.0
1129,Dumbbell bench press-,Strength,Chest,Dumbbell,Intermediate,"The dumbbell bench press is a mainstay of lifters worldwide. It's a classic move for building a bigger, stronger chest and triceps. It's often placed first in mass-building chest workouts, but can also be utilized as an accessory movement for the barbell bench press in strength training. It can be performed in lower strength-focused rep ranges, or for higher reps to build muscle.",1,0,0,1,0,0,0,0,0,0,0,0,0,0,1,0,2,1,0.0,0.2,0.0
1130,Decline dumbbell fly and press,Strength,Chest,Dumbbell,Intermediate,"The decline dumbbell fly and press is a dumbbell complex that targets the chest muscles, particularly the lower pecs. By alternating the single-joint fly with the multijoint press, you get the benefits of both and put serious stress on the chest muscles even with relatively light weight. Because the fly will be the limiting factor in weight selection, this pairing is usually performed for moderate to high reps, such as 8-12 reps per set or more, as part of upper-body or chest-focused training.",1,0,0,1,0,0,0,0,0,0,0,0,0,0,1,0,2,0,0.0,0.2,0.0
1131,Incline dumbbell fly and press,Strength,Chest,Dumbbell,Intermediate,"The incline dumbbell fly and press is a dumbbell complex that targets the chest muscles, particularly the upper pecs. By alternating the single-joint fly with the multijoint press, you get the benefits of both and put serious stress on the chest muscles even with relatively light weight. Because the fly will be the limiting factor in weight selection, this pairing is usually performed for moderate to high reps, such as 8-12 reps per set or more, as part of upper-body or chest-focused training.",1,0,0,1,0,0,0,0,0,0,0,0,0,0,1,0,2,0,0.0,0.2,0.0
1132,Single-arm decline dumbbell bench press,Strength,Chest,Dumbbell,Intermediate,"The single-arm decline dumbbell bench press is an upper-body exercise targeting the pectoral muscles, particularly the lower pecs. Because balance can be an issue, this press variation is usually performed with lighter weight for moderate to high reps, such as 8-12 reps per set or more, as part of upper-body or chest-focused training.",1,0,0,1,0,0,0,0,0,0,0,0,0,0,1,0,2,1,0.0,0.2,0.0
1133,Single-arm incline dumbbell bench press,Strength,Chest,Dumbbell,Intermediate,"The single-arm incline dumbbell bench press is an upper-body exercise targeting the pectoral muscles. Because balance can be an issue, this press variation is usually performed with lighter weight for moderate to high reps, such as 8-12 reps per set or more, as part of upper-body or chest-focused training.",1,0,0,1,0,0,0,0,0,0,0,0,0,0,1,0,2,1,0.0,0.2,0.0
1134,Incline Dumbbell Press - Gethin Variation,Strength,Chest,Dumbbell,Intermediate,The incline dumbbell bench press is an upper body exercise targeting the upper pectoral muscles.,1,0,0,1,0,0,0,0,0,0,0,0,0,0,1,0,2,0,0.0,0.2,0.0
1135,Dumbbell Chest Press - Gethin Variation,Strength,Chest,Dumbbell,Intermediate,"The dumbbell bench press is a mainstay of workout enthusiasts worldwide. It’s a classic move for building a bigger, stronger chest. As such, it’s often placed first in mass-building chest workouts.",1,0,0,1,0,0,0,0,0,0,0,0,0,0,1,0,2,0,0.0,0.2,0.0
1136,Dumbbell Floor Press - Gethin Variation,Strength,Chest,Dumbbell,Intermediate,"The dumbbell floor press limits the range of motion you would achieve with a regular dumbbell bench press, but still targets the chest, triceps, and anterior delts. This allows you to build strength in the top portion of the lift and work on strengthening the shoulder stabilizers.",1,0,0,1,0,0,0,0,0,0,0,0,0,0,1,0,2,0,0.0,0.2,0.0
1137,Decline Dumbbell Press - Gethin Variation,Strength,Chest,Dumbbell,Intermediate,The decline dumbbell bench press is an upper body isolation exercise targeting the lower chest. Utilizing dumbbells instead of a barbell increases the difficulty of stabilizing the weight.,1,0,0,1,0,0,0,0,0,0,0,0,0,0,1,0,2,0,0.0,0.2,0.0
1138,Dumbbell chest fly,Strength,Chest,Dumbbell,Intermediate,"The dumbbell chest fly is a popular exercise that targets the pectoral or chest muscles. It attempts to isolate the chest muscles, stretching and contracting them while limiting involvement of the shoulders. Unlike a press, where the elbows bend and flex, flyes should keep a relatively consistent elbow angle. The motion is sometimes compared to ""hugging a tree."" Dumbbell flyes are usually performed for moderate to high reps, such as 8-12 reps per set or more, as part of a chest or upper-body focused workout.",1,0,0,1,0,0,0,0,0,0,0,0,0,0,1,0,2,0,0.0,0.2,0.0
1139,Machine rear delt fly,Strength,Chest,Dumbbell,Intermediate,"The machine rear delt fly is an exercise targeting the rear head of the shoulder muscle or deltoids, as well as the muscles of the upper back. It's sort of the reverse of the machine chest fly, and is sometimes performed on the same machine, but facing the opposite direction. Because it targets such small muscles, this exercise is usually performed with light weight for high reps, such as 10-15 reps per set or more.",1,0,0,1,0,0,0,0,0,0,0,0,0,0,1,0,2,0,0.0,0.2,0.0
1140,AM Dumbbell Bench Press,Strength,Chest,Dumbbell,Intermediate,"The dumbbell bench press is a mainstay of workout enthusiasts worldwide. It’s a classic move for building a bigger, stronger chest. As such, it’s often placed first in mass-building chest workouts.",1,0,0,1,0,0,0,0,0,0,0,0,0,0,1,0,2,1,0.0,0.2,0.0
1141,UP Incline Dumbbell Press,Strength,Chest,Dumbbell,Intermediate,The incline dumbbell bench press is an upper body exercise targeting the upper pectoral muscles.,1,0,0,1,0,0,0,0,0,0,0,0,0,0,1,0,2,0,0.0,0.2,0.0
1142,UP Incline Dumbbell Fly,Strength,Chest,Dumbbell,Intermediate,"The incline dumbbell chest fly is an upper body isolation exercise targeting the upper chest and is typically used with aesthetic goals in mind. It will require less weight than an incline press, which makes it a great hypertrophy exercise with high reps.",1,0,0,1,0,0,0,0,0,0,0,0,0,0,1,0,2,0,0.0,0.2,0.0
1143,Holman Push-Up to Belly Touch,Strength,Chest,Dumbbell,Intermediate,,1,0,0,1,0,0,0,0,0,0,0,0,0,0,1,0,2,1,0.0,0.2,0.0
1144,Single-arm dumbbell floor press,Strength,Chest,Dumbbell,Intermediate,"The single-arm dumbbell floor press is a multijoint pressing exercise performed lying on the floor, either with the knees bent or straight. It has less range of motion than a regular dumbbell bench press, but still targets the chest, triceps, and anterior delts. By performing it with one arm, you can strengthen weakness on certain sides or simply use it as a way to challenge the core more during this exercise.",1,0,0,1,0,0,0,0,0,0,0,0,0,0,1,0,2,0,0.0,0.2,0.0
1145,Total Fitness Weighted Push-Up,Strength,Chest,Dumbbell,Intermediate,"The plate-weighted push-up is a simple way to make a classic bodyweight exercise more difficult. It targets all the same muscles as the push-up: chest, triceps, shoulders, upper back, and core. You can balance a plate on your upper back yourself, but it's easier and safer to have someone else put it there. If you stack a few plates up, be sure to have a spotter close at hand.",1,0,0,1,0,0,0,0,0,0,0,0,0,0,1,0,2,1,0.0,0.2,0.0
1146,King Maker Standing Dumbbell Shoulder Press,Strength,Chest,Dumbbell,Intermediate,The standing dumbbell shoulder press is a classic deltoid-builder (especially the front deltoids) that’s ubiquitous in gyms around the world. Performing the move standing up as opposed to seated allows for more weight to be used.,1,0,0,1,0,0,0,0,0,0,0,0,0,0,1,0,2,0,0.0,0.2,0.0
1147,30 Chest Incline Dumbbell Fly,Strength,Chest,Dumbbell,Intermediate,,1,0,0,1,0,0,0,0,0,0,0,0,0,0,1,0,2,0,0.0,0.2,0.0
1148,30 Chest Incline Dumbbell Bench Press,Strength,Chest,Dumbbell,Intermediate,,1,0,0,1,0,0,0,0,0,0,0,0,0,0,1,0,2,1,0.0,0.2,0.0
1149,30 Chest Dumbbells-Together Press,Strength,Chest,Dumbbell,Intermediate,,1,0,0,1,0,0,0,0,0,0,0,0,0,0,1,0,2,0,0.0,0.2,0.0
1150,30 Chest Dumbbells-Together Incline Bench Press,Strength,Chest,Dumbbell,Intermediate,,1,0,0,1,0,0,0,0,0,0,0,0,0,0,1,0,2,1,0.0,0.2,0.0
1151,30 Chest Dumbbell Fly,Strength,Chest,Dumbbell,Intermediate,,1,0,0,1,0,0,0,0,0,0,0,0,0,0,1,0,2,0,0.0,0.2,0.0
1152,30 Chest Dumbbell Bench Press,Strength,Chest,Dumbbell,Intermediate,,1,0,0,1,0,0,0,0,0,0,0,0,0,0,1,0,2,1,0.0,0.2,0.0
1153,30 Chest 30-Degree Incline Dumbbell Fly,Strength,Chest,Dumbbell,Intermediate,,1,0,0,1,0,0,0,0,0,0,0,0,0,0,1,0,2,0,0.0,0.2,0.0
1154,FYR2 Single-Dumbbell Push-Up,Strength,Chest,Dumbbell,Intermediate,,1,0,0,1,0,0,0,0,0,0,0,0,0,0,1,0,2,1,0.0,0.2,0.0
1155,Bodyweight Flyes,Strength,Chest,Barbell,Beginner,"The double-bar roll-out chest fly is a chest exercise that utilizes two rotating barbells as ""handles"" for a chest fly. It targets the muscles of the chest, but is also an intense core workout. It's a tough movement that is usually performed in the chest-focused portion of a workout.",1,0,0,1,0,0,0,0,0,0,0,0,0,1,0,0,1,0,0.0,0.2,0.9375
1156,Close-grip EZ-bar bench press,Strength,Chest,Barbell,Intermediate,"The close-grip EZ-bar bench press is an exercise targeting the chest, shoulders, and triceps. This move is more commonly done with a straight bar and is often only performed with an EZ-bar as part of a complex of movements such as pull-overs or skullcrushers.",1,0,0,1,0,0,0,0,0,0,0,0,0,1,0,0,2,1,0.0,0.2,0.9166666666666667
1157,Chest dip,Strength,Chest,None,Intermediate,"The chest dip is a bodyweight exercise performed on parallel bars or on a pull-up and dip station. It targets the chest, triceps, and shoulders. Dips with a chest focus are usually performed with the torso leaning forward and the elbows angled out from the torso. Dips can be performed for low reps for strength or higher reps for muscle growth.",1,0,0,1,0,0,0,0,0,0,0,1,0,0,0,0,2,0,0.0,0.2,0.9375
1158,Drop Push,Strength,Chest,None,Beginner,,1,0,0,1,0,0,0,0,0,0,0,1,0,0,0,0,1,0,0.0,0.2,0.9166666666666667
1159,Forward Drag with Press,Strength,Chest,None,Beginner,,1,0,0,1,0,0,0,0,0,0,0,1,0,0,0,0,1,0,0.0,0.2,0.625
1160,Chain Press,Strength,Chest,None,Beginner,,1,0,0,1,0,0,0,0,0,0,0,1,0,0,0,0,1,0,0.0,0.2,0.5833333333333334
1161,Behind Head Chest Stretch,Flexibility,Chest,None,Beginner,,0,0,1,1,0,0,0,0,0,0,0,1,0,0,0,0,1,0,0.0,0.2,0.5104166666666667
1162,Pass-through stretch with band,Flexibility,Chest,None,Beginner,The pass-through stretch with band is a popular move to build and maintain mobility in the shoulder joint and to strengthen the muscles of the upper back and rotator cuff. It is common in CrossFit and Olympic lifting training and is usually performed as part of a warm-up or paired with movements in a workout. It can also be performed with a PVC pipe or dowel if a band isn't available.,0,0,1,1,0,0,0,0,0,0,0,1,0,0,0,0,1,0,0.0,0.2,0.3125
1163,Weighted Push-Up,Strength,Chest,None,Intermediate,"The plate-weighted push-up is a simple way to make a classic bodyweight exercise more difficult. It targets all the same muscles as the push-up: chest, triceps, shoulders, upper back, and core. You can balance a plate on your upper back yourself, but it's easier and safer to have someone else put it there. If you stack a few plates up, be sure to have a spotter close at hand.",1,0,0,1,0,0,0,0,0,0,0,1,0,0,0,0,2,1,0.0,0.2,0.0
1164,Heavy Bag Thrust,Strength,Chest,None,Beginner,,1,0,0,1,0,0,0,0,0,0,0,1,0,0,0,0,1,0,0.0,0.2,0.0
1165,Decline Explosive Push-Up,Strength,Chest,None,Beginner,,1,0,0,1,0,0,0,0,0,0,0,1,0,0,0,0,1,1,0.0,0.2,0.0
1166,Suspended Chest Fly,Strength,Chest,None,Beginner,,1,0,0,1,0,0,0,0,0,0,0,1,0,0,0,0,1,0,0.0,0.2,0.0
1167,Svend press,Strength,Chest,None,Beginner,The Svend press is an exercise where the chest is targeted by performing presses while squeezing two weight plates together. It is usually performed for relatively high reps with light weights as an accessory movement to the bench press or as a burnout movement on chest day.,1,0,0,1,0,0,0,0,0,0,0,1,0,0,0,0,1,0,0.0,0.2,0.0
1168,Bar Push-Up Smith Machine,Strength,Chest,None,Beginner,"The hands-elevated push-up is a variation on the push-up, a body-weight standard. The hands are elevated, so that your body is aligned at an angle to the floor rather than parallel.",1,0,0,1,0,0,0,0,0,0,0,1,0,0,0,0,1,1,0.0,0.2,0.0
1169,Plate-weighted push-up,Strength,Chest,None,Intermediate,"The plate-weighted push-up is a simple way to make a classic bodyweight exercise more difficult. It targets all the same muscles as the push-up: chest, triceps, shoulders, upper back, and core. You can balance a plate on your upper back yourself, but it's easier and safer to have someone else put it there. If you stack a few plates up, be sure to have a spotter close at hand.",1,0,0,1,0,0,0,0,0,0,0,1,0,0,0,0,2,1,0.0,0.2,0.0
1170,Double-bar roll-out chest fly,Strength,Chest,None,Intermediate,"The double-bar roll-out chest fly is a chest exercise that utilizes two rotating barbells as ""handles"" for a chest fly. It targets the muscles of the chest, but is also an intense core workout. It's a tough movement that is usually performed in the chest-focused portion of a workout.",1,0,0,1,0,0,0,0,0,0,0,1,0,0,0,0,2,0,0.0,0.2,0.0
1171,Holman Plate Dynamo Push-Up,Strength,Chest,None,Intermediate,,1,0,0,1,0,0,0,0,0,0,0,1,0,0,0,0,2,1,0.0,0.2,0.0
1172,Holman Towel Drag Two Steps to Push-Up,Strength,Chest,None,Intermediate,,1,0,0,1,0,0,0,0,0,0,0,1,0,0,0,0,2,1,0.0,0.2,0.0
1173,Taylor Val Slide Push-Up/Fly Combo,Strength,Chest,None,Intermediate,,1,0,0,1,0,0,0,0,0,0,0,1,0,0,0,0,2,1,0.0,0.2,0.0
1174,Exercise ball chest stretch,Flexibility,Chest,None,Beginner,"The exercise ball chest stretch is a simple stretch for the pectoral muscles that can be made more dynamic with help from a medicine ball. It can work in a dynamic warm-up, paired with movements in a workout, or as part of a cool-down or recovery strategy. If the stretch causes pain in the front of your shoulder, dial back the intensity or choose another chest stretch.",0,0,1,1,0,0,0,0,0,0,0,1,0,0,0,0,1,0,0.0,0.2,0.375
1175,Bosu Ball Push-Up,Strength,Chest,None,Beginner,,1,0,0,1,0,0,0,0,0,0,0,1,0,0,0,0,1,1,0.0,0.2,0.0
1176,Feet-elevated push-up on ball,Strength,Chest,None,Intermediate,"The feet-elevated push-up on ball is a variation on the push-up, a bodyweight standard. The feet are elevated on a ball to align the body parallel to the floor and provide a greater stabilization challenge. This makes it more difficult than push-ups on the floor, but also puts more emphasis on the shoulder muscles. It can be a challenging non-gym substitute for incline presses, or as a burnout movement for a chest or shoulder workout.",1,0,0,1,0,0,0,0,0,0,0,1,0,0,0,0,2,1,0.0,0.2,0.0
1177,Standing alternating band speed row,Strength,Arms,Bands,Intermediate,"The standing alternating band speed row is an explosive back exercise using exercise bands. It targets the muscles of the middle and upper back, including the lats (latissimus dorsi), rhomboids, and trapezius, as well as the biceps. It can be performed for time or reps either as part of a power or speed-focused portion of a workout or as a burnout at the end of a workout.",1,0,0,0,0,0,1,0,0,0,0,0,1,0,0,0,2,1,0.7,0.2,0.0
1178,Band roundhouse elbow,Strength,Arms,Bands,Intermediate,"The band roundhouse elbow is an explosive rotational power exercise using exercise bands. It targets the muscles of the obliques and deep core, but also engrains full-body coordination and striking ability. It can work in an ab workout, in martial arts training, or in general strength and muscle training.",1,0,0,0,0,0,1,0,0,0,0,0,1,0,0,0,2,0,0.0,0.2,0.0
1179,Palms-down wrist curl over bench,Strength,Arms,Barbell,Intermediate,"The palms-down wrist curl over bench is an exercise targeting the forearms. It is usually performed for high reps, such as 10-15 reps per set or more, as part of a grip or arm-focused workout.",1,0,0,0,0,0,1,0,0,0,0,0,0,1,0,0,2,0,0.0,0.2,0.9895833333333334
1180,Palms-up wrist curl over bench,Strength,Arms,Barbell,Intermediate,"The palms-up wrist curl over bench is an exercise targeting the forearms. It is usually performed for high reps, such as 10-15 reps per set or more, as part of a grip or arm-focused workout.",1,0,0,0,0,0,1,0,0,0,0,0,0,1,0,0,2,0,0.0,0.2,0.9791666666666667
1181,Standing behind-the-back wrist curl,Strength,Arms,Barbell,Beginner,"The standing behind-the-back wrist curl is a popular exercise to target the muscles in the forearms, wrists, and fingers. It is generally performed for moderate to high reps, such as 8-15 reps per set, and can work as isolated forearm training or as part of an arms-focused workout.",1,0,0,0,0,0,1,0,0,0,0,0,0,1,0,0,1,0,0.0,0.2,0.9687500000000001
1182,Seated finger curl,Strength,Arms,Barbell,Beginner,"The seated finger curl is an exercise targeting the muscles of the hands and forearms. It is popular with rock climbers and other athletes looking to build forearm size and strength. The range of motion is tiny, but done for moderate to high reps, these will definitely make the forearms burn.",1,0,0,0,0,0,1,0,0,0,0,0,0,1,0,0,1,0,0.0,0.2,0.9687500000000001
1183,Seated palms-up wrist curl,Strength,Arms,Barbell,Intermediate,"The seated palms-up wrist curl is an exercise targeting the forearms. It is usually performed for high reps, such as 10-15 reps per set or more, as part of a grip or arm-focused workout.",1,0,0,0,0,0,1,0,0,0,0,0,0,1,0,0,2,0,0.0,0.2,0.90625
1184,Bottoms-Up Clean From The Hang Position,Strength,Arms,Dumbbell,Beginner,,1,0,0,0,0,0,1,0,0,0,0,0,0,0,1,0,1,1,0.0,0.2,0.8645833333333335
1185,Seated One-Arm Dumbbell Palms-Up Wrist Curl,Strength,Arms,Dumbbell,Beginner,,1,0,0,0,0,0,1,0,0,0,0,0,0,0,1,0,1,0,0.0,0.2,0.9375
1186,Palms-Up Dumbbell Wrist Curl Over A Bench,Strength,Arms,Dumbbell,Beginner,,1,0,0,0,0,0,1,0,0,0,0,0,0,0,1,0,1,0,0.0,0.2,0.8958333333333334
1187,Seated palms-down wrist curl,Strength,Arms,Dumbbell,Beginner,"The seated palms-down wrist curl is an exercise targeting the forearms. It is usually performed for high reps, such as 10-15 reps per set or more, as part of a grip or arm-focused workout.",1,0,0,0,0,0,1,0,0,0,0,0,0,0,1,0,1,0,0.0,0.2,0.8750000000000001
1188,Palms-Down Dumbbell Wrist Curl Over A Bench,Strength,Arms,Dumbbell,Beginner,,1,0,0,0,0,0,1,0,0,0,0,0,0,0,1,0,1,0,0.0,0.2,0.8750000000000001
1189,Seated One-Arm Dumbbell Palms-Down Wrist Curl,Strength,Arms,Dumbbell,Beginner,,1,0,0,0,0,0,1,0,0,0,0,0,0,0,1,0,1,0,0.0,0.2,0.8645833333333335
1190,Seated Dumbbell Palms-Up Wrist Curl,Strength,Arms,Dumbbell,Beginner,,1,0,0,0,0,0,1,0,0,0,0,0,0,0,1,0,1,0,0.0,0.2,0.6458333333333334
1191,Partner farmer's walk,Strength,Arms,Dumbbell,Beginner,"The partner farmer's walk is a protocol for performing farmer's carries with dumbbells or other weights. One partner walks for a predetermined distance or time, then passes the weight to the other partner who walks for the same distance or time.",1,0,0,0,0,0,1,0,0,0,0,0,0,0,1,0,1,0,0.0,0.2,0.5520833333333334
1192,Dumbbell suitcase carry,Strength,Arms,Dumbbell,Intermediate,"The dumbbell suitcase carry is similar to a dumbbell farmer's carry, but only uses one dumbbell rather than two. This simple change provides a significant challenge to the abdominal muscles. It can be a challenging finisher to any workout, or work well in fat-loss circuit training or as an accessory movement to heavy lifts like the deadlift.",1,0,0,0,0,0,1,0,0,0,0,0,0,0,1,0,2,0,0.0,0.2,0.0
1193,Suitcase Dumbbell Carry,Strength,Arms,Dumbbell,Intermediate,"The dumbbell suitcase carry is similar to a dumbbell farmer’s carry, but only uses one dumbbell rather than two. This simple change provides a significant challenge to the abdominal muscles. It can be a challenging finisher to any workout, or work well in fat-loss circuit training or as an accessory movement to heavy lifts like the deadlift.",1,0,0,0,0,0,1,0,0,0,0,0,0,0,1,0,2,0,0.0,0.2,0.0
1194,Side plank with dumbbell external rotation,Strength,Arms,Dumbbell,Intermediate,"The side plank with dumbbell external rotation is a movement that combines an isometric side plank hold with a dumbbell rotation to target both the core and the rotator cuff muscles. You probably won't be able to use much weight without disrupting your balance, but even at light weight, this is a movement that can help address multiple muscle groups in a dynamic warm-up or as accessory work at the end of a workout.",1,0,0,0,0,0,1,0,0,0,0,0,0,0,1,0,2,0,0.0,0.2,0.0
1195,Rickshaw Carry,Strength,Arms,None,Beginner,,1,0,0,0,0,0,1,0,0,0,0,1,0,0,0,0,1,0,0.0,0.2,1.0
1196,Dumbbell farmer's walk,Strength,Arms,None,Intermediate,"The dumbbell farmer's walk is an exercise with roots in competitive strongman training, but which is also popular in CrossFit and functional training. It can be a challenging finisher to any workout, or work well in fat-loss circuit training or as an accessory movement to heavy lifts like the deadlift.",1,0,0,0,0,0,1,0,0,0,0,1,0,0,0,0,2,0,0.0,0.2,0.9791666666666667
1197,Wrist Roller,Strength,Arms,None,Beginner,,1,0,0,0,0,0,1,0,0,0,0,1,0,0,0,0,1,0,0.0,0.2,0.9479166666666666
1198,Standing Olympic Plate Hand Squeeze,Strength,Arms,None,Beginner,,1,0,0,0,0,0,1,0,0,0,0,1,0,0,0,0,1,0,0.0,0.2,0.8958333333333334
1199,Plate Pinch,Strength,Arms,None,Beginner,,1,0,0,0,0,0,1,0,0,0,0,1,0,0,0,0,1,0,0.0,0.2,0.8645833333333335
1200,Landmine Press and Catch,Strength,Arms,None,Intermediate,"The single-arm linear jammer is an explosive pressing movement performed using an angled barbell anchored at floor level in a landmine device. It can also be performed by sticking a barbell in the corner of a room, preferably in a towel to protect the walls. The linear jammer involves pressing the weight into the air, then catching it with the other hand. The movement focuses primarily on the muscles of the shoulders or deltoids. It can be trained in traditional muscle and strength-focused rep ranges, for lower reps with a focus on explosive pressing power, or for higher reps.",1,0,0,0,0,0,1,0,0,0,0,1,0,0,0,0,2,0,0.0,0.2,0.0
1201,Plate halo,Strength,Arms,None,Intermediate,The plate halo is an exercise targeting the shoulder complex. It's usually performed as part of a dynamic warm-up prior to an upper-body workout.,1,0,0,0,0,0,1,0,0,0,0,1,0,0,0,0,2,0,0.0,0.2,0.0
1202,Bryant Wrist Curl,Strength,Arms,None,Intermediate,,1,0,0,0,0,0,1,0,0,0,0,1,0,0,0,0,2,0,0.0,0.2,0.0
1203,Seated Two-Arm Palms-Up Low-Pulley Wrist Curl,Strength,Arms,Machine,Beginner,,1,0,0,0,0,0,1,0,0,0,0,0,0,0,0,1,1,0,0.0,0.2,0.9583333333333333
1204,Cable Wrist Curl,Strength,Arms,Machine,Beginner,,1,0,0,0,0,0,1,0,0,0,0,0,0,0,0,1,1,0,0.0,0.2,0.8125
1205,Single-arm cable push-down,Strength,Arms,Machine,Intermediate,"The single-arm cable push-down is a single-joint isolation movement that develops the triceps muscle one arm at a time. Because the action is purely at the elbow joint, it is difficult to use any substantial weight. Reps are usually high, such as 8-12 reps per set or more, with a focus on strict form and feeling the mind-muscle connection.",1,0,0,0,0,0,1,0,0,0,0,0,0,0,0,1,2,0,0.0,0.2,0.0
1206,Wrist Circles,Flexibility,Arms,None,Beginner,,0,0,1,0,0,0,1,0,0,0,0,1,0,0,0,0,1,0,0.0,0.2,0.2604166666666667
1207,Kneeling Forearm Stretch,Flexibility,Arms,None,Beginner,,0,0,1,0,0,0,1,0,0,0,0,1,0,0,0,0,1,0,0.0,0.2,0.5416666666666667
1208,Hip Extension with Bands,Strength,Legs,Bands,Beginner,,1,0,0,0,0,1,0,0,0,0,0,0,1,0,0,0,1,0,0.0,0.2,0.75
1209,Hip Lift with Band,Strength,Legs,Bands,Beginner,,1,0,0,0,0,1,0,0,0,0,0,0,1,0,0,0,1,0,0.0,0.2,0.625
1210,HM Monster Walk,Strength,Legs,Bands,Intermediate,,1,0,0,0,0,1,0,0,0,0,0,0,1,0,0,0,2,0,0.0,0.2,0.0
1211,UNS Banded Glute Bridge,Strength,Legs,Bands,Intermediate,,1,0,0,0,0,1,0,0,0,0,0,0,1,0,0,0,2,0,0.0,0.2,0.0
1212,FYR2 Banded Glute Bridge,Strength,Legs,Bands,Intermediate,,1,0,0,0,0,1,0,0,0,0,0,0,1,0,0,0,2,0,0.0,0.2,0.0
1213,Piriformis SMR,Flexibility,Legs,None,Intermediate,"Piriformis self-myofascial release (SMR) is a self-administered soft-tissue treatment for the lower body, usually using a foam roller, lacrosse ball, or other ""trigger point"" massage tool. By applying pressure strategically to the piriformis muscles in the upper gluteal region, some people find they can cause this often painful and tight muscle to relax or ""release."" Piriformis SMR is often accompanied by SMR on the iliotibial (IT) band or tensor fascia lata (TFL muscles), or by stretches that target the glutes and hips.",0,0,1,0,0,1,0,0,0,0,0,1,0,0,0,0,2,0,0.0,0.2,0.6875
1214,Barbell glute bridge,Strength,Legs,Barbell,Intermediate,"The barbell glute bridge is a popular exercise targeting the muscles of the glutes and hamstrings. It can be done as a strength movement on its own, as an activation drill or warm-up for lower-body training, or as a burnout at the end of a lower-body workout.",1,0,0,0,0,1,0,0,0,0,0,0,0,1,0,0,2,0,0.0,0.2,0.9791666666666667
1215,Barbell Hip Thrust,Strength,Legs,Barbell,Intermediate,"The barbell hip thrust is an exercise that engages the posterior chain, particular the glutes. It involves fully extending your hips while holding a weighted barbell across the midsection.",1,0,0,0,0,1,0,0,0,0,0,0,0,1,0,0,2,0,0.0,0.2,0.9479166666666666
1216,Kneeling Squat,Strength,Legs,Barbell,Beginner,,1,0,0,0,0,1,0,0,0,0,0,0,0,1,0,0,1,1,0.0,0.2,0.8958333333333334
1217,Kneeling Jump Squat,Strength,Legs,Barbell,Beginner,,1,0,0,0,0,1,0,0,0,0,0,0,0,1,0,0,1,1,0.7,0.2,0.7916666666666666
1218,UN Rear Foot Elevated Split Squat,Strength,Legs,Barbell,Intermediate,,1,0,0,0,0,1,0,0,0,0,0,0,0,1,0,0,2,1,0.0,0.2,0.0
1219,Kettlebell thruster,Strength,Legs,Dumbbell,Intermediate,"The kettlebell thruster is a popular kettlebell movement that combines a kettlebell front squat with a kettlebell press, while holding the bell in a goblet or bottoms-up grip. It is preceded by a clean at the start of each set, and you can perform a clean between each rep if you choose. It can be trained in traditional strength or muscle-building rep ranges, in circuit or fat-loss training, or as part of a larger kettlebell combination or complex.",1,0,0,0,0,1,0,0,0,0,0,0,0,0,1,0,2,1,0.0,0.2,0.8958333333333334
1220,Taylor Kettlebell Swing,Strength,Legs,Dumbbell,Intermediate,,1,0,0,0,0,1,0,0,0,0,0,0,0,0,1,0,2,0,0.0,0.2,0.0
1221,UN Goblet Squat,Strength,Legs,Dumbbell,Intermediate,,1,0,0,0,0,1,0,0,0,0,0,0,0,0,1,0,2,1,0.0,0.2,0.0
1222,Single-arm triceps kick-back,Strength,Legs,Dumbbell,Intermediate,"The single-arm triceps kick-back is a popular movement to increase size and strength of the triceps. It is usually performed for moderate to high reps, at least 8-12 reps, as part of an upper-body or arm-focused workout.",1,0,0,0,0,1,0,0,0,0,0,0,0,0,1,0,2,0,0.0,0.2,0.0
1223,Holman Lateral High Knees to Quad Touch Jump,Strength,Legs,Dumbbell,Intermediate,,1,0,0,0,0,1,0,0,0,0,0,0,0,0,1,0,2,0,0.7,0.2,0.0
1224,FYR2 Dumbbell Hip Thrust,Strength,Legs,Dumbbell,Intermediate,,1,0,0,0,0,1,0,0,0,0,0,0,0,0,1,0,2,0,0.0,0.2,0.0
1225,FYR2 Glute Bridge Dumbbell Floor Press,Strength,Legs,Dumbbell,Intermediate,,1,0,0,0,0,1,0,0,0,0,0,0,0,0,1,0,2,0,0.0,0.2,0.0
1226,Suspended Hip Thrust,Strength,Legs,None,Beginner,,1,0,0,0,0,1,0,0,0,0,0,1,0,0,0,0,1,0,0.0,0.2,0.0
1227,Single-leg cable hip extension,Strength,Legs,Machine,Intermediate,"The single-leg cable hip extension is an isolation exercise that targets the glutes, specifically the gluteus maximus. It is a common burnout movement on a lower-body focused day and is usually performed for moderate to high reps, such as 8-12 reps per set or more.",1,0,0,0,0,1,0,0,0,0,0,0,0,0,0,1,2,0,0.0,0.2,0.9375
1228,Pull Through,Strength,Legs,Machine,Beginner,,1,0,0,0,0,1,0,0,0,0,0,0,0,0,0,1,1,0,0.0,0.2,0.7708333333333334
1229,Cable rope pull-through deadlift,Strength,Legs,Machine,Intermediate,The cable rope pull-through deadlift is an exercise targeting the glutes and hamstrings using a proper hip-hinging motion.,1,0,0,0,0,1,0,0,0,0,0,0,0,0,0,1,2,1,0.0,0.6,0.0
1230,UNS Cable Pull-Through,Strength,Legs,Machine,Intermediate,,1,0,0,0,0,1,0,0,0,0,0,0,0,0,0,1,2,0,0.0,0.2,0.0
1231,30 Legs Glute-Ham Raise,Strength,Legs,Machine,Intermediate,,1,0,0,0,0,1,0,0,0,0,0,0,0,0,0,1,2,0,0.0,0.2,0.0
1232,Glute bridge,Strength,Legs,None,Intermediate,"The glute bridge is a popular lower-body bodyweight exercise that primarily targets the glutes, but also activates the lower back and hamstrings. It can be performed with body weight alone, or with added resistance such as barbells, dumbbells, or bands. It can be performed for time or reps and works perfectly in a dynamic warm-up for lower-body training, but can also be performed for glute activation anytime.",1,0,0,0,0,1,0,0,0,0,0,1,0,0,0,0,2,0,0.0,0.2,0.9166666666666667
1233,Single-leg glute bridge,Strength,Legs,None,Intermediate,"The single-leg glute bridge is a lower-body exercise that targets the glutes, lower back, and hamstrings. It is performed one side at a time.",1,0,0,0,0,1,0,0,0,0,0,1,0,0,0,0,2,0,0.0,0.2,0.9166666666666667
1234,Step-up with knee raise,Strength,Legs,None,Intermediate,"The step-up with knee raise is a lower-body exercise targeting the quads, glutes, and hamstrings. It differs from a traditional step-up in that at the top, you lift the trailing leg up to full hip flexion. This gives the exercise a greater range of motion and more of a focus on powerful hip extension in the working leg. When performed with body weight, these are usually performed for high reps as part of a dynamic warm-up, as cardio acceleration, or as part of the lower-body portion of a workout or circuit.",1,0,0,0,0,1,0,0,0,0,0,1,0,0,0,0,2,0,0.0,0.2,0.90625
1235,Glute Kickback,Strength,Legs,None,Beginner,,1,0,0,0,0,1,0,0,0,0,0,1,0,0,0,0,1,0,0.0,0.2,0.8645833333333335
1236,Standing hip extension,Strength,Legs,None,Beginner,The standing hip extension is a movement that activates the glutes and hamstrings. It is often performed either for time or reps as part of a dynamic warm-up.,1,0,0,0,0,1,0,0,0,0,0,1,0,0,0,0,1,0,0.0,0.2,0.6770833333333334
1237,Lying glute stretch,Flexibility,Legs,None,Intermediate,"The lying glute stretch is a stretch to help increase flexibility in the glutes and hips. It involves rotating a single leg over the body while lying flat on the back, and reaching around the leg to facilitate a stretch. It is commonly included in dynamic warm-ups or cool-downs, but can also be performed as full-body mobility work anytime.",0,0,1,0,0,1,0,0,0,0,0,1,0,0,0,0,2,0,0.0,0.2,0.5
1238,Knee Across The Body,Flexibility,Legs,None,Intermediate,,0,0,1,0,0,1,0,0,0,0,0,1,0,0,0,0,2,0,0.0,0.2,0.36458333333333337
1239,Seated Glute,Flexibility,Legs,None,Beginner,,0,0,1,0,0,1,0,0,0,0,0,1,0,0,0,0,1,0,0.0,0.2,0.3229166666666667
1240,Lying Glute,Flexibility,Legs,None,Beginner,,0,0,1,0,0,1,0,0,0,0,0,1,0,0,0,0,1,0,0.0,0.2,0.3125
1241,One Knee To Chest,Flexibility,Legs,None,Intermediate,,0,0,1,0,0,1,0,0,0,0,0,1,0,0,0,0,2,0,0.0,0.2,0.28125000000000006
1242,Seated Glute Stretch,Flexibility,Legs,None,Beginner,,0,0,1,0,0,1,0,0,0,0,0,1,0,0,0,0,1,0,0.0,0.2,0.0
1243,Neck Bridge Supine,Strength,Legs,None,Beginner,,1,0,0,0,0,1,0,0,0,0,0,1,0,0,0,0,1,0,0.0,0.2,0.0
1244,Walking High Knee,Strength,Legs,None,Intermediate,,1,0,0,0,0,1,0,0,0,0,0,1,0,0,0,0,2,0,0.0,0.2,0.0
1245,Walking Butt Kicks,Strength,Legs,None,Intermediate,,1,0,0,0,0,1,0,0,0,0,0,1,0,0,0,0,2,0,0.0,0.2,0.0
1246,Walking Glute Stretch,Strength,Legs,None,Intermediate,,1,0,0,0,0,1,0,0,0,0,0,1,0,0,0,0,2,0,0.0,0.2,0.0
1247,Lunge kick,Strength,Legs,None,Intermediate,"The lunge kick is a lower-body, cardio-based exercise performed at a high intensity. It includes a kick of the front leg to make the movement more powerful. It can be performed either for time or reps and is a great inclusion in a fat-loss or athleticism-focused circuit workout.",1,0,0,0,0,1,0,0,0,0,0,1,0,0,0,0,2,0,0.0,0.2,0.0
1248,Curtsy lunge,Strength,Legs,None,Intermediate,"The curtsy lunge is a lower-body bodyweight movement that targets the muscles of the hips and glutes. It is usually performed for moderate to high reps, at least 8-12 reps per leg.",1,0,0,0,0,1,0,0,0,0,0,1,0,0,0,0,2,0,0.0,0.2,0.0
1249,Alternating standing glute stretch,Flexibility,Legs,None,Intermediate,"The alternating standing glute stretch focuses on improving lower-body mobility and flexibility, particularly in the hips and glutes. It involves performing a partial squat in a ""figure 4"" position. It can be performed as part of a lower-body warm-up or done post-workout to help combat tightness and soreness.",0,0,1,0,0,1,0,0,0,0,0,1,0,0,0,0,2,0,0.0,0.2,0.0
1250,Side-lying leg lift,Strength,Legs,None,Intermediate,"The side-lying leg lift is a bodyweight exercise targeting the muscles of the hips and glutes. It can be a worthy addition to a dynamic warm-up on a lower-body or strength-focused training day, a component of a lower-body circuit or workout, or a glute activation drill to do anytime. Generally, leg lifts are done for high reps, such as 8-15 reps per leg or more.",1,0,0,0,0,1,0,0,0,0,0,1,0,0,0,0,2,0,0.0,0.2,0.0
1251,FYR Progressive High Knee,Strength,Legs,None,Intermediate,"High knees is a full-body, cardio-based exercise with an emphasis on the lower body. It is often performed for reps or time as part of a dynamic warm-up.",1,0,0,0,0,1,0,0,0,0,0,1,0,0,0,0,2,0,0.0,0.2,0.0
1252,Glute-Ham Raise - Gethin Variation,Strength,Legs,None,Intermediate,The glute ham raise is an exercise targeting the glutes and hamstrings on a GHD.,1,0,0,0,0,1,0,0,0,0,0,1,0,0,0,0,2,0,0.0,0.2,0.0
1253,Lunge glute stretch,Flexibility,Legs,None,Intermediate,"The lunge glute stretch is a lower-body stretch targeting the glutes, hips, and piriformis. It is influenced by the pigeon pose from yoga, but is performed with straight arms. It can be part of a dynamic warm-up or mobility work performed anytime.",0,0,1,0,0,1,0,0,0,0,0,1,0,0,0,0,2,0,0.0,0.2,0.0
1254,Natural Glute Ham Raise - Gethin Variation,Strength,Legs,None,Intermediate,The glute ham raise is an exercise targeting the glutes and hamstrings on a GHD.,1,0,0,0,0,1,0,0,0,0,0,1,0,0,0,0,2,0,0.0,0.2,0.0
1255,Groiner,Strength,Legs,None,Intermediate,"The groiner is an explosive bodyweight exercise targeting the legs, shoulders, and core. It also includes a dynamic stretch of the hips. It can be performed for time or reps in any fat-loss or athleticism-focused circuit or workout.",1,0,0,0,0,1,0,0,0,0,0,1,0,0,0,0,2,0,0.0,0.2,0.0
1256,HM Alternating Donkey Kick,Strength,Legs,None,Intermediate,,1,0,0,0,0,1,0,0,0,0,0,1,0,0,0,0,2,0,0.0,0.2,0.0
1257,HM Alternating Slow Step-Down With Chair,Strength,Legs,None,Intermediate,,1,0,0,0,0,1,0,0,0,0,0,1,0,0,0,0,2,0,0.0,0.2,0.0
1258,HM Right Side Iron Cross,Strength,Legs,None,Intermediate,,1,0,0,0,0,1,0,0,0,0,0,1,0,0,0,0,2,0,0.0,0.2,0.0
1259,HM Single-Leg Bridge,Strength,Legs,None,Intermediate,,1,0,0,0,0,1,0,0,0,0,0,1,0,0,0,0,2,0,0.0,0.2,0.0
1260,HM Hi-Low,Strength,Legs,None,Intermediate,,1,0,0,0,0,1,0,0,0,0,0,1,0,0,0,0,2,0,0.0,0.2,0.0
1261,HM Kick-Back,Strength,Legs,None,Intermediate,,1,0,0,0,0,1,0,0,0,0,0,1,0,0,0,0,2,0,0.0,0.2,0.0
1262,HM Left Side Iron Cross,Strength,Legs,None,Intermediate,,1,0,0,0,0,1,0,0,0,0,0,1,0,0,0,0,2,0,0.0,0.2,0.0
1263,HM Left Side-Kick,Strength,Legs,None,Intermediate,,1,0,0,0,0,1,0,0,0,0,0,1,0,0,0,0,2,0,0.0,0.2,0.0
1264,HM Leg Lifts,Strength,Legs,None,Intermediate,,1,0,0,0,0,1,0,0,0,0,0,1,0,0,0,0,2,0,0.0,0.2,0.0
1265,Walking lunge,Strength,Legs,None,Intermediate,"The walking lunge is a lower-body exercise that targets the glutes, quads, and hamstrings while challenging stability and balance. It can be performed for reps, time, or distance in the lower-body portion of any workout.",1,0,0,0,0,1,0,0,0,0,0,1,0,0,0,0,2,0,0.0,0.2,0.0
1266,High Plyometric Box Jump,Strength,Legs,None,Intermediate,,1,0,0,0,0,1,0,0,0,0,0,1,0,0,0,0,2,0,0.7,0.2,0.0
1267,Barbell hip thrust-,Strength,Legs,None,Intermediate,"The barbell hip thrust is a popular exercise that targets the posterior chain, particularly the glutes and hamstrings. It involves fully extending your hips while holding a weighted barbell across the front of the hips. It is a great movement to activate the glutes prior to other lower-body training, but can also be performed in the main part of a workout, or for high reps as a glute burnout.",1,0,0,0,0,1,0,0,0,0,0,1,0,0,0,0,2,0,0.0,0.2,0.0
1268,UN Glute Bridge,Strength,Legs,None,Intermediate,,1,0,0,0,0,1,0,0,0,0,0,1,0,0,0,0,2,0,0.0,0.2,0.0
1269,Holman Donkey Kick,Strength,Legs,None,Intermediate,,1,0,0,0,0,1,0,0,0,0,0,1,0,0,0,0,2,0,0.0,0.2,0.0
1270,Holman Hip Raise with Alternating Kick,Strength,Legs,None,Intermediate,,1,0,0,0,0,1,0,0,0,0,0,1,0,0,0,0,2,0,0.0,0.2,0.0
1271,Holman Left Leg Donkey Kick,Strength,Legs,None,Intermediate,,1,0,0,0,0,1,0,0,0,0,0,1,0,0,0,0,2,0,0.0,0.2,0.0
1272,Holman Diagonal Right Leg Step-Out to Right Knee-Up,Strength,Legs,None,Intermediate,,1,0,0,0,0,1,0,0,0,0,0,1,0,0,0,0,2,0,0.0,0.2,0.0
1273,Holman Right Leg Donkey Kick,Strength,Legs,None,Intermediate,,1,0,0,0,0,1,0,0,0,0,0,1,0,0,0,0,2,0,0.0,0.2,0.0
1274,Holman Butt Tap to Jump,Strength,Legs,None,Intermediate,,1,0,0,0,0,1,0,0,0,0,0,1,0,0,0,0,2,0,0.7,0.2,0.0
1275,Holman Butt Tap to Jump-Forward-Jump-Back,Strength,Legs,None,Intermediate,,1,0,0,0,0,1,0,0,0,0,0,1,0,0,0,0,2,0,0.7,0.2,0.0
1276,Holman Traveling High Knees to Squat Thrust,Strength,Legs,None,Intermediate,,1,0,0,0,0,1,0,0,0,0,0,1,0,0,0,0,2,1,0.0,0.2,0.0
1277,Holman Butt Kicker to High Knees,Strength,Legs,None,Intermediate,,1,0,0,0,0,1,0,0,0,0,0,1,0,0,0,0,2,0,0.0,0.2,0.0
1278,Holman Daisy Cutter,Strength,Legs,None,Intermediate,,1,0,0,0,0,1,0,0,0,0,0,1,0,0,0,0,2,0,0.0,0.2,0.0
1279,Holman Frogger,Strength,Legs,None,Intermediate,,1,0,0,0,0,1,0,0,0,0,0,1,0,0,0,0,2,0,0.0,0.2,0.0
1280,Holman Hip Raise with Chest Press,Strength,Legs,None,Intermediate,,1,0,0,0,0,1,0,0,0,0,0,1,0,0,0,0,2,0,0.0,0.2,0.0
1281,Total Fitness Bear Crawl,Strength,Legs,None,Intermediate,"The bear crawl is a popular bodyweight crawling exercise. While it looks simple, the bear crawl is an intense full-body movement that targets the cardiovascular system as well as a wide range of muscle groups, the shoulders, core, and legs in particular. It can be done as a full-body warm-up, in short bursts for power or circuit training, or for longer durations as cardiovascular conditioning.",1,0,0,0,0,1,0,0,0,0,0,1,0,0,0,0,2,0,0.0,0.2,0.0
1282,Pigeon stretch,Strength,Legs,None,Intermediate,"The pigeon stretch is a lower-body stretch targeting the glutes, hips, and piriformis. It is similar to the pigeon pose from yoga, but is also popular as part of dynamic warm-ups or cool-downs in strength training. It can also be performed anytime to help combat training-related soreness.",1,0,0,0,0,1,0,0,0,0,0,1,0,0,0,0,2,0,0.0,0.2,0.0
1283,Levitating side kick-through,Strength,Legs,None,Intermediate,"The levitating side kick-through is a full-body movement that starts in a bear crawl position and ends with a leg kicked out to the side. In between reps, you kick into the air in a partial handstand. It is commonly performed for reps or time in bodyweight circuits and animal-style flows, but can also work on its own or as part of a dynamic warm-up or mobility sequence.",1,0,0,0,0,1,0,0,0,0,0,1,0,0,0,0,2,0,0.0,0.2,0.0
1284,30 Legs Hip Thrust,Strength,Legs,None,Intermediate,,1,0,0,0,0,1,0,0,0,0,0,1,0,0,0,0,2,0,0.0,0.2,0.0
1285,Dumbbell single-leg hip thrust,Strength,Legs,None,Intermediate,"The dumbbell single-leg hip thrust is a single-sided exercise that targets the posterior chain, particularly the glutes and hamstrings. It involves balancing on one foot and fully extending your hips while holding a dumbbell across the front of your hip. It is a great movement to activate the glutes prior to other lower-body training, but can also be performed in the main part of a workout, or for high reps as a glute burnout.",1,0,0,0,0,1,0,0,0,0,0,1,0,0,0,0,2,0,0.0,0.2,0.0
1286,Medicine ball duck walk,Strength,Legs,None,Intermediate,"The medicine ball duck walk is a dynamic medicine ball movement that challenges both the upper and lower body, while also elevating the heart rate. It's a great movement to include in medicine ball or bodyweight circuit training to increase fatigue and burn serious calories while hammering the muscles of the legs.",1,0,0,0,0,1,0,0,0,0,0,1,0,0,0,0,2,0,0.0,0.2,0.0
1287,Exercise ball hip thrust,Strength,Legs,None,Intermediate,"The exercise ball hip thrust is a simple yet effective way to work the glutes and hamstrings. Proper form is essential to really feel the burn in the glutes, and the ball can help guide you into the right form better than a bench, which is the usual support for hip thrusts. Unlike the bench version, the ball hip thrust is best performed with body weight or bands as resistance for safety reasons. It can be an excellent component of a warm-up for lower-body training, or a glute activation drill performed anytime.",1,0,0,0,0,1,0,0,0,0,0,1,0,0,0,0,2,0,0.0,0.2,0.8125
1288,Downward Facing Balance,Strength,Legs,None,Beginner,,1,0,0,0,0,1,0,0,0,0,0,1,0,0,0,0,1,0,0.0,0.2,0.4166666666666667
1289,Band Good Morning (Pull Through),Strength,Legs,Bands,Beginner,,1,0,0,0,0,1,0,0,0,0,0,0,1,0,0,0,1,0,0.0,0.2,0.8645833333333335
1290,Standing Hamstring and Calf Stretch,Flexibility,Legs,Bands,Intermediate,,0,0,1,0,0,1,0,0,0,0,0,0,1,0,0,0,2,0,0.0,0.2,0.6979166666666667
1291,Hamstring-SMR,Flexibility,Legs,None,Beginner,,0,0,1,0,0,1,0,0,0,0,0,1,0,0,0,0,1,0,0.0,0.2,0.5729166666666667
1292,Barbell Deadlift,Strength,Legs,Barbell,Intermediate,"The barbell deadlift is a compound exercise used to develop overall strength and size in the posterior chain. It is a competition lift in the sport of powerlifting, but is also considered a classic benchmark of overall strength. When performed with the hands outside the knees, it is often called a ""conventional"" deadlift. When the feet are wide and the hands are inside the knees, it is a sumo deadlift.",1,0,0,0,0,1,0,0,0,0,0,0,0,1,0,0,2,1,0.0,0.6,0.9791666666666667
1293,Clean Deadlift,Strength,Legs,Barbell,Beginner,,1,0,0,0,0,1,0,0,0,0,0,0,0,1,0,0,1,1,0.0,0.6,0.9791666666666667
1294,Sumo deadlift,Strength,Legs,Barbell,Beginner,"The sumo deadlift is a compound movement in which the feet are set in a wide stance with toes pointed out and grip is placed inside of the legs. It is allowed to be performed instead of conventional deadlifts in most powerlifting competitions. The sumo deadlift targets the hamstrings, glutes, and upper back/traps, but also has a greater emphasis on stretching and strengthening the adductor and hip muscles due to the wide stance.",1,0,0,0,0,1,0,0,0,0,0,0,0,1,0,0,1,1,0.0,0.6,0.9687500000000001
1295,Romanian Deadlift from Deficit,Strength,Legs,Barbell,Beginner,,1,0,0,0,0,1,0,0,0,0,0,0,0,1,0,0,1,1,0.0,0.6,0.9583333333333333
1296,Power Snatch,Strength,Legs,Barbell,Beginner,,1,0,0,0,0,1,0,0,0,0,0,0,0,1,0,0,1,1,0.0,0.6,0.9583333333333333
1297,Power Clean from Blocks,Strength,Legs,Barbell,Beginner,,1,0,0,0,0,1,0,0,0,0,0,0,0,1,0,0,1,1,0.0,0.2,0.9583333333333333
1298,Snatch Deadlift,Strength,Legs,Barbell,Beginner,,1,0,0,0,0,1,0,0,0,0,0,0,0,1,0,0,1,1,0.0,0.6,0.9270833333333334
1299,Power clean,Strength,Legs,Barbell,Intermediate,"The power clean is a full-body movement in which the bar is pulled from the floor and caught in the front rack position in three pulls or phases. The bar is received in the ""power"" position, with the hips higher than a full-depth squat position. The power clean can be used as a component of the clean and press or clean and jerk, but is also a valuable lift to build explosive power and strength.",1,0,0,0,0,1,0,0,0,0,0,0,0,1,0,0,2,1,0.0,0.2,0.90625
1300,Hang Snatch,Strength,Legs,Barbell,Beginner,,1,0,0,0,0,1,0,0,0,0,0,0,0,1,0,0,1,1,0.0,0.6,0.90625
1301,Wide Stance Stiff Legs,Strength,Legs,Barbell,Beginner,,1,0,0,0,0,1,0,0,0,0,0,0,0,1,0,0,1,0,0.0,0.2,0.8854166666666667
1302,Clean,Strength,Legs,Barbell,Beginner,,1,0,0,0,0,1,0,0,0,0,0,0,0,1,0,0,1,1,0.0,0.2,0.8854166666666667
1303,Good Morning,Strength,Legs,Barbell,Intermediate,"The barbell good morning is an exercise that targets glute, hamstring, and lower back development. It is often trained as an accessory movement to the deadlift, but also has value on its own. It is sometimes performed for reps in traditional strength-focused rep ranges such as 5-8 reps per set, but due to the risk posed to the lower back, is rarely treated as a max-effort single-rep lift.",1,0,0,0,0,1,0,0,0,0,0,0,0,1,0,0,2,0,0.0,0.2,0.8854166666666667
1304,Barbell stiff-legged deadlift,Strength,Legs,Barbell,Intermediate,"The barbell stiff-legged deadlift targets the hamstrings, glutes, lower and upper back, as well as the core. It is a popular accessory movement for the deadlift, but also a muscle-building hamstring movement.",1,0,0,0,0,1,0,0,0,0,0,0,0,1,0,0,2,1,0.0,0.6,0.8645833333333335
1305,Romanian Deadlift,Strength,Legs,Barbell,Intermediate,"The barbell stiff-legged deadlift targets the hamstrings, glutes, lower and upper back, as well as the core. It is a popular accessory movement for the deadlift, but also a muscle-building hamstring movement.",1,0,0,0,0,1,0,0,0,0,0,0,0,1,0,0,2,1,0.0,0.6,0.84375
1306,Sumo Deadlift with Chains,Strength,Legs,Barbell,Beginner,,1,0,0,0,0,1,0,0,0,0,0,0,0,1,0,0,1,1,0.0,0.6,0.8125
1307,Sumo Deadlift with Bands,Strength,Legs,Barbell,Beginner,,1,0,0,0,0,1,0,0,0,0,0,0,0,1,0,0,1,1,0.0,0.6,0.0
1308,Good Morning off Pins,Strength,Legs,Barbell,Beginner,,1,0,0,0,0,1,0,0,0,0,0,0,0,1,0,0,1,0,0.0,0.2,0.0
1309,Stiff-Legged Deadlift,Strength,Legs,Barbell,Beginner,"The barbell stiff-legged deadlift targets the hamstrings, glutes, lower and upper back, as well as the core. It is a popular accessory movement for the deadlift, but also a muscle-building hamstring movement.",1,0,0,0,0,1,0,0,0,0,0,0,0,1,0,0,1,1,0.0,0.6,0.0
1310,Snatch Pull,Strength,Legs,Barbell,Beginner,,1,0,0,0,0,1,0,0,0,0,0,0,0,1,0,0,1,1,0.0,0.6,0.0
1311,Hanging Bar Good Morning,Strength,Legs,Barbell,Beginner,,1,0,0,0,0,1,0,0,0,0,0,0,0,1,0,0,1,0,0.0,0.2,0.0
1312,Reverse Band Sumo Deadlift,Strength,Legs,Barbell,Beginner,,1,0,0,0,0,1,0,0,0,0,0,0,0,1,0,0,1,1,0.0,0.6,0.0
1313,Muscle Snatch,Strength,Legs,Barbell,Beginner,,1,0,0,0,0,1,0,0,0,0,0,0,0,1,0,0,1,1,0.0,0.6,0.0
1314,Split Snatch,Strength,Legs,Barbell,Beginner,,1,0,0,0,0,1,0,0,0,0,0,0,0,1,0,0,1,1,0.0,0.6,0.0
1315,Hang Snatch - Below Knees,Strength,Legs,Barbell,Beginner,,1,0,0,0,0,1,0,0,0,0,0,0,0,1,0,0,1,1,0.0,0.6,0.0
1316,30 Legs Sumo Deadlift,Strength,Legs,Barbell,Intermediate,,1,0,0,0,0,1,0,0,0,0,0,0,0,1,0,0,2,1,0.0,0.6,0.0
1317,Kettlebell pass-through lunge,Strength,Legs,Dumbbell,Intermediate,"The kettlebell pass-through lunge is a dynamic leg and core exercise in which a lifter passes a weight under their front leg during lunges. It is a unique coordination challenge, but also challenging to the musculature of the abdomen, lower body, shoulders, and upper back. It is most commonly performed for higher reps, such as 10-15 reps per side, or for time. It can work in circuit-style workouts, or in lower-body or full-body time-efficient training.",1,0,0,0,0,1,0,0,0,0,0,0,0,0,1,0,2,0,0.0,0.2,0.90625
1318,Kettlebell One-Legged Deadlift,Strength,Legs,Dumbbell,Intermediate,"The kettlebell single-leg deadlift is a variation on the kettlebell deadlift where one foot stays planted on the ground while the other raises into the air at the bottom of the movement. It's popular in lower-body training for strength and muscle building, but also trains balance, grip, and the core muscles.",1,0,0,0,0,1,0,0,0,0,0,0,0,0,1,0,2,1,0.0,0.6,0.8958333333333334
1319,Single-arm kettlebell clean,Strength,Legs,Dumbbell,Beginner,"The single-arm kettlebell clean is an explosive kettlebell exercise where the lifter pulls the weight to shoulder level in a single movement. While the kettlebell clean is often used as a transitional movement into the press or front squat, it is also a valuable strength and power exercise in its own right. It can be performed in low rep ranges for strength or higher rep ranges for technique practice or muscle growth.",1,0,0,0,0,1,0,0,0,0,0,0,0,0,1,0,1,1,0.0,0.2,0.8958333333333334
1320,Single-leg kettlebell deadlift,Strength,Legs,Dumbbell,Intermediate,"The kettlebell single-leg deadlift is a variation on the kettlebell deadlift where one foot stays planted on the ground while the other raises into the air at the bottom of the movement. It's popular in lower-body training for strength and muscle building, but also trains balance, grip, and the core muscles.",1,0,0,0,0,1,0,0,0,0,0,0,0,0,1,0,2,1,0.0,0.6,0.8541666666666666
1321,Romanian Deadlift with Kettlebell,Strength,Legs,Dumbbell,Beginner,,1,0,0,0,0,1,0,0,0,0,0,0,0,0,1,0,1,1,0.0,0.6,0.8333333333333334
1322,Single-arm kettlebell swing,Strength,Legs,Dumbbell,Intermediate,"The single-arm kettlebell swing is a popular exercise emphasizing the muscles of the hamstrings, glutes, and back. Because you are only swinging with one arm at a time, it is also uniquely challenging to the grip and core muscles. It is often used to train explosive power, for aerobic or cardiovascular conditioning, or in circuit training.",1,0,0,0,0,1,0,0,0,0,0,0,0,0,1,0,2,0,0.0,0.2,0.7708333333333334
1323,Kettlebell Dead Clean,Strength,Legs,Dumbbell,Beginner,,1,0,0,0,0,1,0,0,0,0,0,0,0,0,1,0,1,1,0.0,0.2,0.5520833333333334
1324,Alternating Hang Clean,Strength,Legs,Dumbbell,Beginner,,1,0,0,0,0,1,0,0,0,0,0,0,0,0,1,0,1,1,0.0,0.2,0.5104166666666667
1325,One-Arm Open Palm Kettlebell Clean,Strength,Legs,Dumbbell,Beginner,,1,0,0,0,0,1,0,0,0,0,0,0,0,0,1,0,1,1,0.0,0.2,0.0
1326,Open Palm Kettlebell Clean,Strength,Legs,Dumbbell,Beginner,,1,0,0,0,0,1,0,0,0,0,0,0,0,0,1,0,1,1,0.0,0.2,0.0
1327,Kettlebell Hang Clean,Strength,Legs,Dumbbell,Beginner,,1,0,0,0,0,1,0,0,0,0,0,0,0,0,1,0,1,1,0.0,0.2,0.0
1328,Double Kettlebell Alternating Hang Clean,Strength,Legs,Dumbbell,Beginner,,1,0,0,0,0,1,0,0,0,0,0,0,0,0,1,0,1,1,0.0,0.2,0.0
1329,Romanian Deadlift With Dumbbells,Strength,Legs,Dumbbell,Beginner,"The dumbbell stiff-legged deadlift targets the hamstrings, glutes, low and upper back, as well as the core. The purpose of the stiff-legged, as opposed to Romanian deadlift with slightly bent knees, is to engage the hamstrings and low back to an even greater degree.",1,0,0,0,0,1,0,0,0,0,0,0,0,0,1,0,1,1,0.0,0.6,0.9791666666666667
1330,Stiff-Legged Dumbbell Deadlift,Strength,Legs,Dumbbell,Intermediate,"The dumbbell stiff-legged deadlift targets the hamstrings, glutes, low and upper back, as well as the core. The purpose of the stiff-legged, as opposed to Romanian deadlift with slightly bent knees, is to engage the hamstrings and low back to an even greater degree.",1,0,0,0,0,1,0,0,0,0,0,0,0,0,1,0,2,1,0.0,0.6,0.9166666666666667
1331,Vertical Swing,Strength,Legs,Dumbbell,Beginner,,1,0,0,0,0,1,0,0,0,0,0,0,0,0,1,0,1,0,0.0,0.2,0.78125
1332,Dumbbell Fix Dumbbell Swing,Strength,Legs,Dumbbell,Intermediate,,1,0,0,0,0,1,0,0,0,0,0,0,0,0,1,0,2,0,0.0,0.2,0.0
1333,Dumbbell Lying Hamstring Curl,Strength,Legs,Dumbbell,Intermediate,,1,0,0,0,0,1,0,0,0,0,0,0,0,0,1,0,2,0,0.0,0.2,0.0
1334,30 Legs Dumbbell Stiff-Legged Deadlift,Strength,Legs,Dumbbell,Intermediate,,1,0,0,0,0,1,0,0,0,0,0,0,0,0,1,0,2,1,0.0,0.6,0.0
1335,Box jump,Strength,Legs,None,Beginner,"The box jump is an explosive exercise that strengthens the muscles of the lower body, including the quads, glutes, calves, and hamstrings. They also develop power in the lower body while revving the heart rate. Box jumps can be performed for low reps to focus on strength and power, or for higher reps for metabolic conditioning. Most coaches recommend stepping down rather than jumping down between reps.",1,0,0,0,0,1,0,0,0,0,0,1,0,0,0,0,1,0,0.7,0.2,0.8958333333333334
1336,Box Jump (Multiple Response),Strength,Legs,None,Intermediate,"The box jump is a plyometric exercise that strengthens the muscles of the lower body, including the quads, glutes, calves and hamstrings. They also develop power in the lower-body while revving the heart rate.",1,0,0,0,0,1,0,0,0,0,0,1,0,0,0,0,2,0,0.7,0.2,0.84375
1337,Sled push-,Cardio,Legs,None,Beginner,"The sled push is a conditioning exercise that targets the cardiovascular system and the muscles of the lower body. It involves pushing a sled along turf or another flat surface either for time or distance. Depending on your type of equipment, you may be pushing handles or straps in front of the sled. It can be used as part of a dynamic warm-up or for power training, as a finisher, or as part of a conditioning workout or circuit.",0,1,0,0,0,1,0,0,0,0,0,1,0,0,0,0,1,0,0.7,0.2,0.7708333333333334
1338,Lying Hamstring,Flexibility,Legs,None,Beginner,,0,0,1,0,0,1,0,0,0,0,0,1,0,0,0,0,1,0,0.0,0.2,0.65625
1339,Chair Leg Extended Stretch,Flexibility,Legs,None,Beginner,,0,0,1,0,0,1,0,0,0,0,0,1,0,0,0,0,1,0,0.0,0.2,0.25
1340,Suspended Leg Curl,Strength,Legs,None,Beginner,,1,0,0,0,0,1,0,0,0,0,0,1,0,0,0,0,1,0,0.0,0.2,0.0
1341,Box Skip,Strength,Legs,None,Beginner,,1,0,0,0,0,1,0,0,0,0,0,1,0,0,0,0,1,0,0.0,0.2,0.0
1342,Power Stairs,Strength,Legs,None,Beginner,,1,0,0,0,0,1,0,0,0,0,0,1,0,0,0,0,1,0,0.0,0.2,0.0
1343,Seated Hamstring and Calf Stretch,Flexibility,Legs,None,Beginner,,0,0,1,0,0,1,0,0,0,0,0,1,0,0,0,0,1,0,0.0,0.2,0.0
1344,Hamstring slide,Strength,Legs,None,Beginner,"The hamstring slide is a bodyweight exercise targeting the hamstrings. Lying supine on a smooth surface, bend your knees to pull both heels toward you. The sliding action requires a pad, cloth, or furniture sliders under the heels. These are considered more difficult than exercise ball hamstring curls and are a great primer movement before heavy squats or deadlifts, or as an accessory movement later in a lower-body workout.",1,0,0,0,0,1,0,0,0,0,0,1,0,0,0,0,1,0,0.0,0.2,0.0
1345,Seated Band Hamstring Curl,Strength,Legs,None,Intermediate,,1,0,0,0,0,1,0,0,0,0,0,1,0,0,0,0,2,0,0.0,0.2,0.0
1346,Lying cable leg curl,Strength,Legs,Machine,Intermediate,"The lying cable leg curl is a classic machine exercise for building greater muscle size and strength in the hamstrings. It's easy to learn, easy to master, and poses little in the way of injury risk. It is usually performed for moderate to high reps, at least 8-12 reps per set, as part of lower-body training.",1,0,0,0,0,1,0,0,0,0,0,0,0,0,0,1,2,0,0.0,0.2,0.0
1347,Standing cable leg curl,Strength,Legs,Machine,Intermediate,"The standing cable leg curl is an isolation exercise for the hamstrings. It is often used as a variation of leg curl machines and for working each side independently. It is usually performed for moderate to high reps, at least 8-12 reps per set, as part of lower-body training.",1,0,0,0,0,1,0,0,0,0,0,0,0,0,0,1,2,0,0.0,0.2,0.0
1348,Lying Leg Curls,Strength,Legs,Machine,Beginner,"The lying leg curl is a popular machine-based exercise for the legs, particularly the hamstrings. It is similar to the seated leg curl, but the open hip angle in the lying leg curl may incorporate more glute and calf activation. It is usually performed for moderate to high reps, such as 8-12 reps per set or more, as part of a leg pre-exhaust or as a muscle-building movement for lower-body training.",1,0,0,0,0,1,0,0,0,0,0,0,0,0,0,1,1,0,0.0,0.2,0.9270833333333334
1349,Glute Ham Raise,Strength,Legs,Machine,Intermediate,The glute ham raise is an exercise targeting the glutes and hamstrings on a GHD.,1,0,0,0,0,1,0,0,0,0,0,0,0,0,0,1,2,0,0.0,0.2,0.8750000000000001
1350,Reverse Hyperextension,Strength,Legs,Machine,Beginner,,1,0,0,0,0,1,0,0,0,0,0,0,0,0,0,1,1,0,0.0,0.2,0.8333333333333334
1351,Seated Leg Curl,Strength,Legs,Machine,Intermediate,"The leg curl is a popular machine-based exercise for the legs, particularly the hamstrings. It comes in seated and lying varieties, but the seated leg curl machine is more common in commercial gyms. Leg curl variations are usually performed for moderate to high reps, such as 8-12 reps per set or more, as part of a leg pre-exhaust or as a muscle-building movement for lower-body training.",1,0,0,0,0,1,0,0,0,0,0,0,0,0,0,1,2,0,0.0,0.2,0.8229166666666667
1352,Standing Leg Curl,Strength,Legs,Machine,Beginner,,1,0,0,0,0,1,0,0,0,0,0,0,0,0,0,1,1,0,0.0,0.2,0.7708333333333334
1353,Smith machine stiff-legged deadlift,Strength,Legs,Machine,Beginner,"The Smith machine stiff-legged deadlift is a machine-based exercise targeting the muscles of the hamstrings, glutes, and upper back. The Smith machine mimics a barbell but provides more stability. This movement can be programmed like a traditional stiff-legged or Romanian deadlift, in low reps for strength or higher reps for muscle and strength endurance. It is often performed for moderate to high reps, such as 8-12 reps per set or more, as part of a full-body or lower-body workout.",1,0,0,0,0,1,0,0,0,0,0,0,0,0,0,1,1,1,0.0,0.6,0.7291666666666667
1354,Lying Leg Curl - Gethin Variation,Strength,Legs,Machine,Intermediate,"The lying leg curl is a popular machine-based exercise for the legs, particularly the hamstrings. It is similar to the seated leg curl, but the open hip angle in the lying leg curl may incorporate more glute and calf activation. It is usually performed for moderate to high reps, such as 8-12 reps per set or more, as part of a leg pre-exhaust or as a muscle-building movement for lower-body training.",1,0,0,0,0,1,0,0,0,0,0,0,0,0,0,1,2,0,0.0,0.2,0.0
1355,Paul Carter Leg Extension,Strength,Legs,Machine,Intermediate,The leg extension is an isolation exercise for the quads.,1,0,0,0,0,1,0,0,0,0,0,0,0,0,0,1,2,0,0.0,0.2,0.0
1356,Lying leg curl,Strength,Legs,Machine,Intermediate,"The lying leg curl is a popular machine-based exercise for the legs, particularly the hamstrings. It is similar to the seated leg curl, but the open hip angle in the lying leg curl may incorporate more glute and calf activation. It is usually performed for moderate to high reps, such as 8-12 reps per set or more, as part of a leg pre-exhaust or as a muscle-building movement for lower-body training.",1,0,0,0,0,1,0,0,0,0,0,0,0,0,0,1,2,0,0.0,0.2,0.0
1357,Seated Hamstring Curl - Gethin Variation,Strength,Legs,Machine,Intermediate,"The leg curl is a popular machine-based exercise for the legs, particularly the hamstrings. It comes in seated and lying varieties, but the seated leg curl machine is more common in commercial gyms. Leg curl variations are usually performed for moderate to high reps, such as 8-12 reps per set or more, as part of a leg pre-exhaust or as a muscle-building movement for lower-body training.",1,0,0,0,0,1,0,0,0,0,0,0,0,0,0,1,2,0,0.0,0.2,0.0
1358,Single-leg lying leg curl,Strength,Legs,Machine,Intermediate,"The single-leg lying leg curl is a popular machine-based exercise for the legs, particularly the hamstrings. It is similar to the seated leg curl, but the open hip angle in the lying leg curl may incorporate more glute and calf activation. It is usually performed for moderate to high reps, such as 8-12 reps per set or more, as part of a leg pre-exhaust or as a muscle-building movement for lower-body training. Performing it one leg a time allows you to focus on the mind-muscle connection of each leg and address muscle imbalances.",1,0,0,0,0,1,0,0,0,0,0,0,0,0,0,1,2,0,0.0,0.2,0.0
1359,Leg curl,Strength,Legs,Machine,Intermediate,"The leg curl is a popular machine-based exercise for the legs, particularly the hamstrings. It comes in seated and lying varieties, but the seated leg curl machine is more common in commercial gyms. Leg curl variations are usually performed for moderate to high reps, such as 8-12 reps per set or more, as part of a leg pre-exhaust or as a muscle-building movement for lower-body training.",1,0,0,0,0,1,0,0,0,0,0,0,0,0,0,1,2,0,0.0,0.2,0.0
1360,Leg Extension - Gethin Variation,Strength,Legs,Machine,Intermediate,The leg extension is an isolation exercise for the quads.,1,0,0,0,0,1,0,0,0,0,0,0,0,0,0,1,2,0,0.0,0.2,0.0
1361,Single-leg leg extension-,Strength,Legs,Machine,Intermediate,"The single-leg leg extension is a popular machine-based exercise for the legs, particularly the quadriceps. It is usually performed for moderate to high reps, such as 8-12 reps per set or more, as part of a leg pre-exhaust or as a muscle-building movement for lower-body training. Performing it one leg a time allows you to focus on the mind-muscle connection of each leg and address muscle imbalances.",1,0,0,0,0,1,0,0,0,0,0,0,0,0,0,1,2,0,0.0,0.2,0.0
1362,Lying Hamstring Curls - Gethin Variation,Strength,Legs,Machine,Intermediate,"The lying leg curl is a popular machine-based exercise for the legs, particularly the hamstrings. It is similar to the seated leg curl, but the open hip angle in the lying leg curl may incorporate more glute and calf activation. It is usually performed for moderate to high reps, such as 8-12 reps per set or more, as part of a leg pre-exhaust or as a muscle-building movement for lower-body training.",1,0,0,0,0,1,0,0,0,0,0,0,0,0,0,1,2,0,0.0,0.2,0.0
1363,AM Seated Hamstring Curl,Strength,Legs,Machine,Intermediate,"The leg curl is a popular machine-based exercise for the legs, particularly the hamstrings. It comes in seated and lying varieties, but the seated leg curl machine is more common in commercial gyms. Leg curl variations are usually performed for moderate to high reps, such as 8-12 reps per set or more, as part of a leg pre-exhaust or as a muscle-building movement for lower-body training.",1,0,0,0,0,1,0,0,0,0,0,0,0,0,0,1,2,0,0.0,0.2,0.0
1364,UP Hamstring Curl,Strength,Legs,Machine,Intermediate,"The lying leg curl is a popular machine-based exercise for the legs, particularly the hamstrings. It is similar to the seated leg curl, but the open hip angle in the lying leg curl may incorporate more glute and calf activation. It is usually performed for moderate to high reps, such as 8-12 reps per set or more, as part of a leg pre-exhaust or as a muscle-building movement for lower-body training.",1,0,0,0,0,1,0,0,0,0,0,0,0,0,0,1,2,0,0.0,0.2,0.0
1365,30 Legs Leg Extension,Strength,Legs,Machine,Intermediate,,1,0,0,0,0,1,0,0,0,0,0,0,0,0,0,1,2,0,0.0,0.2,0.0
1366,30 Legs Seated Leg Curl,Strength,Legs,Machine,Intermediate,,1,0,0,0,0,1,0,0,0,0,0,0,0,0,0,1,2,0,0.0,0.2,0.0
1367,Natural Glute Ham Raise,Strength,Legs,None,Beginner,The glute ham raise is an exercise targeting the glutes and hamstrings on a GHD.,1,0,0,0,0,1,0,0,0,0,0,1,0,0,0,0,1,0,0.0,0.2,0.9479166666666666
1368,Standing leg swing,Flexibility,Legs,None,Beginner,"The standing leg swing is a dynamic stretching exercise that involves moving one leg up in front of you, as if to punt an imaginary football. This is a classic move for warming up the body and stretching the hamstrings.",0,0,1,0,0,1,0,0,0,0,0,1,0,0,0,0,1,0,0.0,0.2,0.8750000000000001
1369,Linear Acceleration Wall Drill,Strength,Legs,None,Intermediate,,1,0,0,0,0,1,0,0,0,0,0,1,0,0,0,0,2,0,0.0,0.2,0.8645833333333335
1370,Knee Tuck Jump,Strength,Legs,None,Intermediate,"The tuck jump is a vertical jump, an explosive lower-body exercise that is a common way to measure explosive hip and lower-body strength in athletes. The more explosive you are, the higher you'll be able to jump.",1,0,0,0,0,1,0,0,0,0,0,1,0,0,0,0,2,0,0.7,0.2,0.84375
1371,Leg-Up Hamstring Stretch,Flexibility,Legs,None,Intermediate,,0,0,1,0,0,1,0,0,0,0,0,1,0,0,0,0,2,0,0.0,0.2,0.8125
1372,Inchworm,Flexibility,Legs,None,Beginner,The inchworm is a popular bodyweight exercise that involves “walking” the hands on the floor from a bent-over toe-touch position into a straight-arm plank. It is usually performed as part of a dynamic warm-up to help raise core body temperature and “limber up” the body from head to toe.,0,0,1,0,0,1,0,0,0,0,0,1,0,0,0,0,1,0,0.0,0.2,0.78125
1373,Moving Claw Series,Strength,Legs,None,Intermediate,,1,0,0,0,0,1,0,0,0,0,0,1,0,0,0,0,2,0,0.0,0.2,0.7604166666666666
1374,Lying groin stretch with band,Flexibility,Legs,None,Intermediate,"The lying groin stretch with band is a simple way to stretch a chronically tight muscle group of the lower body. It is common in stretching and yoga classes but can also be performed individually as part of a warm-up, paired with movements in a workout, or as part of a cool-down or recovery strategy.",0,0,1,0,0,1,0,0,0,0,0,1,0,0,0,0,2,0,0.0,0.2,0.6979166666666667
1375,90/90 Hamstring,Flexibility,Legs,None,Beginner,,0,0,1,0,0,1,0,0,0,0,0,1,0,0,0,0,1,0,0.0,0.2,0.5208333333333334
1376,World's greatest stretch,Flexibility,Legs,None,Intermediate,"The world's greatest stretch is a popular movement that earned its name because it targets multiple parts of the body, including the hips, shoulders, and thoracic spine, in a single sequence. This makes it a great dynamic warm-up, post-workout stretch, or mobility work you can do anytime.",0,0,1,0,0,1,0,0,0,0,0,1,0,0,0,0,2,0,0.0,0.2,0.45833333333333337
1377,The Straddle,Flexibility,Legs,None,Intermediate,,0,0,1,0,0,1,0,0,0,0,0,1,0,0,0,0,2,0,0.0,0.2,0.4479166666666667
1378,Prone Manual Hamstring,Strength,Legs,None,Intermediate,,1,0,0,0,0,1,0,0,0,0,0,1,0,0,0,0,2,0,0.0,0.2,0.0
1379,Knee To Chest,Flexibility,Legs,None,Beginner,,0,0,1,0,0,1,0,0,0,0,0,1,0,0,0,0,1,0,0.0,0.2,0.0
1380,Hurdle Hops,Strength,Legs,None,Intermediate,,1,0,0,0,0,1,0,0,0,0,0,1,0,0,0,0,2,0,0.0,0.2,0.0
1381,Hip Stretch With Twist,Flexibility,Legs,None,Beginner,,0,0,1,0,0,1,0,0,0,0,0,1,0,0,0,0,1,0,0.0,0.2,0.0
1382,Linear 3-Part Start Technique,Strength,Legs,None,Intermediate,,1,0,0,0,0,1,0,0,0,0,0,1,0,0,0,0,2,0,0.0,0.2,0.0
1383,Alternating Leg Swing,Flexibility,Legs,None,Beginner,,0,0,1,0,0,1,0,0,0,0,0,1,0,0,0,0,1,0,0.0,0.2,0.0
1384,Single-leg balance and reach,Flexibility,Legs,None,Beginner,The single-leg balance and reach is an exercise that focuses on lower-body strength and stability.,0,0,1,0,0,1,0,0,0,0,0,1,0,0,0,0,1,0,0.0,0.2,0.0
1385,High Kick,Flexibility,Legs,None,Beginner,,0,0,1,0,0,1,0,0,0,0,0,1,0,0,0,0,1,0,0.0,0.2,0.0
1386,Boss Everline 10-Yard Sprints,Strength,Legs,None,Intermediate,,1,0,0,0,0,1,0,0,0,0,0,1,0,0,0,0,2,0,0.7,0.2,0.0
1387,Standing hamstring stretch,Flexibility,Legs,None,Intermediate,"The standing hamstring stretch is an exercise that stretches the hamstrings, the muscles that cover the back of the thighs. It involves looping a band around one foot and then pulling it, which produces an intense stretch in the hamstrings. It can be performed prior to training the lower body or playing sports, or as a restorative stretch anytime.",0,0,1,0,0,1,0,0,0,0,0,1,0,0,0,0,2,0,0.0,0.2,0.0
1388,Reverse lunge,Flexibility,Legs,None,Intermediate,"The reverse lunge is a lower-body exercise targeting the quads, glutes, and hamstrings. The reverse lunge places more emphasis on the glutes than other lunge variations.",0,0,1,0,0,1,0,0,0,0,0,1,0,0,0,0,2,0,0.0,0.2,0.0
1389,HM Alternating Cross Lunge,Strength,Legs,None,Intermediate,,1,0,0,0,0,1,0,0,0,0,0,1,0,0,0,0,2,0,0.0,0.2,0.0
1390,HM Alternating Front Kick,Strength,Legs,None,Intermediate,,1,0,0,0,0,1,0,0,0,0,0,1,0,0,0,0,2,0,0.0,0.2,0.0
1391,HM World's Greatest Stretch,Flexibility,Legs,None,Intermediate,,0,0,1,0,0,1,0,0,0,0,0,1,0,0,0,0,2,0,0.0,0.2,0.0
1392,HM Alternating Sprawl Kick-Through,Strength,Legs,None,Intermediate,,1,0,0,0,0,1,0,0,0,0,0,1,0,0,0,0,2,0,0.0,0.2,0.0
1393,HM Alternating Step-Back,Strength,Legs,None,Intermediate,,1,0,0,0,0,1,0,0,0,0,0,1,0,0,0,0,2,0,0.0,0.2,0.0
1394,HM Alternating Step-Up With Chair,Strength,Legs,None,Intermediate,,1,0,0,0,0,1,0,0,0,0,0,1,0,0,0,0,2,0,0.0,0.2,0.0
1395,HM Right Knee-Up,Strength,Legs,None,Intermediate,,1,0,0,0,0,1,0,0,0,0,0,1,0,0,0,0,2,0,0.0,0.2,0.0
1396,HM Low Lunge With External Twist,Strength,Legs,None,Intermediate,,1,0,0,0,0,1,0,0,0,0,0,1,0,0,0,0,2,0,0.0,0.2,0.0
1397,HM Ninja Crawl,Strength,Legs,None,Intermediate,,1,0,0,0,0,1,0,0,0,0,0,1,0,0,0,0,2,0,0.0,0.2,0.0
1398,HM Pigeon Stretch,Strength,Legs,None,Intermediate,,1,0,0,0,0,1,0,0,0,0,0,1,0,0,0,0,2,0,0.0,0.2,0.0
1399,Single-Leg Deadlift Walk,Strength,Legs,None,Intermediate,,1,0,0,0,0,1,0,0,0,0,0,1,0,0,0,0,2,1,0.0,0.6,0.0
1400,Total Fitness Hamstring Slide,Strength,Legs,None,Intermediate,"The hamstring slide is a bodyweight exercise targeting the hamstrings. Lying supine on a smooth surface, you bend your knees to pull both heels toward you. The sliding action requires a pad, cloth, or furniture sliders under the heel. These are considered more difficult than exercise ball hamstring curls, and are a great primer movement before heavy squats or deadlifts, or as an accessory movement later in a lower-body workout.",1,0,0,0,0,1,0,0,0,0,0,1,0,0,0,0,2,0,0.0,0.2,0.0
1401,30 Legs Walking Lunge,Strength,Legs,None,Intermediate,,1,0,0,0,0,1,0,0,0,0,0,1,0,0,0,0,2,0,0.0,0.2,0.0
1402,Glute ham raise-,Strength,Legs,None,Beginner,"The glute ham raise is an exercise targeting the glutes and hamstrings on a GHD, or glute ham developer bench. The unassisted version of the movement requires serious hamstring strength, so it is more common to see versions that use a band or PVC pipe for assistance. It is commonly performed as an accessory movement for heavy barbell lifts. While a single rep may be a struggle at first, with time, strong athletes can build up to doing them for 8-12 reps per set.",1,0,0,0,0,1,0,0,0,0,0,1,0,0,0,0,1,0,0.0,0.2,0.9479166666666666
1403,Lying hamstring stretch with band,Flexibility,Legs,None,Beginner,"The lying hamstring stretch with band is a simple way to stretch a chronically tight muscle group of the lower body. It is common in stretching and yoga classes but can also be performed individually as part of a warm-up, paired with movements in a workout, or as part of a cool-down or recovery strategy.",0,0,1,0,0,1,0,0,0,0,0,1,0,0,0,0,1,0,0.0,0.2,0.6145833333333334
1404,Upper Back-Leg Grab,Flexibility,Legs,None,Beginner,,0,0,1,0,0,1,0,0,0,0,0,1,0,0,0,0,1,0,0.0,0.2,0.5625000000000001
1405,Seated Hamstring,Flexibility,Legs,None,Beginner,,0,0,1,0,0,1,0,0,0,0,0,1,0,0,0,0,1,0,0.0,0.2,0.5520833333333334
1406,Alternating lunge jump,Flexibility,Legs,None,Beginner,"The alternating lunge jump is an explosive bodyweight exercise that targets the lower-body muscles, including the quads, glutes, and hamstrings. It can be performed for time or reps in power training, and is also effective in any fat-loss or athleticism-focused workout.",0,0,1,0,0,1,0,0,0,0,0,1,0,0,0,0,1,0,0.7,0.2,0.43750000000000006
1407,Runner's Stretch,Flexibility,Legs,None,Intermediate,,0,0,1,0,0,1,0,0,0,0,0,1,0,0,0,0,2,0,0.7,0.2,0.375
1408,Exercise ball leg curl,Strength,Legs,None,Intermediate,"The exercise ball leg curl is an exercise targeting the hamstrings. In particular, it targets the knee flexion function of the hamstrings, as opposed to deadlift variations, which target the other hamstring function, hip flexion. Many lifters opt for this exercise when they don't have access to a lying leg curl machine, but it is worth considering even if you already do machine curls.",1,0,0,0,0,1,0,0,0,0,0,1,0,0,0,0,2,0,0.0,0.2,0.9166666666666667
1409,Ball Hamstring Hat Trick,Strength,Legs,None,Intermediate,"The exercise ball leg curl is an exercise targeting the hamstrings. In particular, it targets the knee flexion function of the hamstrings, as opposed to deadlift variations, which target the other hamstring function, hip flexion. Many lifters opt for this exercise when they don’t have access to a lying leg curl machine, but it is worth considering even if you already do machine curls.",1,0,0,0,0,1,0,0,0,0,0,1,0,0,0,0,2,0,0.0,0.2,0.0
1410,Band-assisted pull-up,Strength,Back,Bands,Intermediate,"The band-assisted pull-up is a variation of the pull-up exercise in which the reps are performed with an elastic band looped around the feet or knees. This reduces weight and resistance at the bottom of the rep, while increasing it toward the top. Like other pull-up variations, it builds strength and muscle in the upper back, biceps, and core, and is often used as a way to help people boost their pull-up numbers or perform their first rep.",1,0,0,0,1,0,0,0,0,0,0,0,1,0,0,0,2,1,0.0,0.2,0.7916666666666666
1411,Assisted Chin-Up,Strength,Back,Bands,Beginner,"The reverse-grip chin-up is a variation of the pull-up exercise in which the reps are performed with the palms facing toward the body, in an underhand position, with a band looped around the feet or knees. This reduces weight and resistance at the bottom of the rep, while increasing it toward the top. Like other pull-up variations, it builds strength and muscle in the upper back, biceps, and core, but it utilizes the biceps slightly more than overhand band-assisted pull-ups.",1,0,0,0,1,0,0,0,0,0,0,0,1,0,0,0,1,0,0.0,0.2,0.0
1412,UN Band Assisted Pull-up Pronated,Strength,Back,Bands,Intermediate,,1,0,0,0,1,0,0,0,0,0,0,0,1,0,0,0,2,1,0.0,0.2,0.0
1413,UN Band Assisted Pull-up Neutral,Strength,Back,Bands,Intermediate,,1,0,0,0,1,0,0,0,0,0,0,0,1,0,0,0,2,1,0.0,0.2,0.0
1414,UN Band Assisted Pull-up Supinated,Strength,Back,Bands,Intermediate,,1,0,0,0,1,0,0,0,0,0,0,0,1,0,0,0,2,1,0.0,0.2,0.0
1415,FYR2 Monster Band Face-Pull Hold,Strength,Back,Bands,Intermediate,,1,0,0,0,1,0,0,0,0,0,0,0,1,0,0,0,2,0,0.0,0.2,0.0
1416,Single-arm band low row,Strength,Back,Bands,Intermediate,"The single-arm band low row is a single-arm row variation utilizing a band for resistance that is anchored low. It targets the muscles of the middle back, like the lats (latissimus dorsi) and rhomboids, but also the core. It is usually performed for moderate to high reps, at least 8-15 reps per set, in the later stages of a back or upper-body workout.",1,0,0,0,1,0,0,0,0,0,0,0,1,0,0,0,2,1,0.7,0.2,0.0
1417,Latissimus dorsi SMR,Flexibility,Back,None,Intermediate,"Latissimus dorsi self-myofascial release (SMR) is a self-administered soft-tissue treatment for the upper body, usually using a foam roller, lacrosse ball, or other ""trigger point"" massage tool. By applying pressure strategically to the lat muscles of the mid back, some people find they can cause this often painful and tight area to relax or ""release."" Latissimus dorsi SMR is often accompanied by SMR on the pectorals or rhomboids, or by stretches that target the lats.",0,0,1,0,1,0,0,0,0,0,0,1,0,0,0,0,2,0,0.0,0.2,0.48958333333333337
1418,Bent-arm barbell pull-over,Strength,Back,Barbell,Intermediate,"The bent-arm barbell pull-over was a staple exercise of the ""Golden Era"" of bodybuilding and a favorite of Arnold Schwarzenegger himself. Done properly, the exercise targets the pecs, lats, and serratus anterior muscles. Old-school bodybuilders would perform them with light weights for sets of 20 between sets of heavy 20-rep squats, but pull-overs are more popular today in moderate rep ranges, such as 8-12 reps per set, as part of an upper-body workout.",1,0,0,0,1,0,0,0,0,0,0,0,0,1,0,0,2,0,0.0,0.2,0.8333333333333334
1419,Barbell pull-over to press,Strength,Back,Barbell,Beginner,"The barbell pull-over to press is a complex that combines two popular exercises into one sequence that works much of the upper body, particularly the chest, triceps, and serratus anterior muscles. It is commonly performed with an EZ-bar, but can also be performed with a straight bar or neutral-grip bar. Because the pull-over will determine the amount of weight you can use, this movement is usually performed for moderate to high reps, such as 8-12 reps per set or more, as part of the upper-body portion of a workout.",1,0,0,0,1,0,0,0,0,0,0,0,0,1,0,0,1,0,0.0,0.2,0.0
1420,Single-arm barbell bent-over row,Strength,Back,Barbell,Intermediate,"The single-arm barbell bent-over row is a barbell exercise focused on the muscles of the middle back, such as the lats (latissimus dorsi) and rhomboids. It also targets the biceps and grip. If the loose end of the barbell moves around, it can be secured by placing it in the corner of a room.",1,0,0,0,1,0,0,0,0,0,0,0,0,1,0,0,2,1,0.7,0.2,0.0
1421,Reverse Barbell Row,Strength,Back,Barbell,Intermediate,,1,0,0,0,1,0,0,0,0,0,0,0,0,1,0,0,2,1,0.7,0.2,0.0
1422,Side kick-through to kettlebell high pull,Strength,Back,Dumbbell,Intermediate,"The side kick-through to kettlebell high pull is a combination of a popular bodyweight exercise and an explosive kettlebell movement. Between them, the pairing targets the traps, shoulders, core, hips, hamstrings, and glutes. This combination can be performed for time or for reps, often as circuit-style training for conditioning or fat loss.",1,0,0,0,1,0,0,0,0,0,0,0,0,0,1,0,2,0,0.0,0.2,0.0
1423,FYR2 Alternating Kettlebell Snatch,Strength,Back,Dumbbell,Intermediate,,1,0,0,0,1,0,0,0,0,0,0,0,0,0,1,0,2,1,0.0,0.6,0.0
1424,FYR2 Alternating Kettlebell Swing,Strength,Back,Dumbbell,Intermediate,,1,0,0,0,1,0,0,0,0,0,0,0,0,0,1,0,2,0,0.0,0.2,0.0
1425,FYR2 American Kettlebell Swing,Strength,Back,Dumbbell,Intermediate,,1,0,0,0,1,0,0,0,0,0,0,0,0,0,1,0,2,0,0.0,0.2,0.0
1426,FYR2 Double-Kettlebell Standing Clean,Strength,Back,Dumbbell,Intermediate,,1,0,0,0,1,0,0,0,0,0,0,0,0,0,1,0,2,1,0.0,0.2,0.0
1427,FYR2 Kettlebell Swing High Pull,Strength,Back,Dumbbell,Intermediate,,1,0,0,0,1,0,0,0,0,0,0,0,0,0,1,0,2,0,0.0,0.2,0.0
1428,FYR2 Kettlebell Swing-Clean-Press Combo,Strength,Back,Dumbbell,Intermediate,,1,0,0,0,1,0,0,0,0,0,0,0,0,0,1,0,2,1,0.0,0.2,0.0
1429,FYR2 Kettlebell Swing-Clean-Press-Row Combo,Strength,Back,Dumbbell,Intermediate,,1,0,0,0,1,0,0,0,0,0,0,0,0,0,1,0,2,1,0.7,0.2,0.0
1430,FYR2 Single-Arm Kettlebell Clean,Strength,Back,Dumbbell,Intermediate,,1,0,0,0,1,0,0,0,0,0,0,0,0,0,1,0,2,1,0.0,0.2,0.0
1431,FYR2 Single-Arm Kettlebell Swing,Strength,Back,Dumbbell,Intermediate,,1,0,0,0,1,0,0,0,0,0,0,0,0,0,1,0,2,0,0.0,0.2,0.0
1432,PJR pull-over-,Strength,Back,Dumbbell,Intermediate,"The PJR pull-over is a triceps-focused version of the pull-over exercise, usually performed on either a flat or slightly inclined bench. The low position of the movement stretches the triceps—particularly the long head of the muscle—while the top position is a triceps press that contracts all three heads. It can be done in any type of strength or muscle-focused workout, in traditional muscle-building rep ranges, such as 8-12 reps, or for higher reps.",1,0,0,0,1,0,0,0,0,0,0,0,0,0,1,0,2,0,0.0,0.2,0.0
1433,Dumbbell seal row,Strength,Back,Dumbbell,Intermediate,"The dumbbell seal row is a weighted exercise targeting the muscles of the middle back, including the lats (latissimus dorsi) and rhomboids. It can be performed on a special elevated bench, on a bench placed on top of boxes or benches, or on a bench with a slight incline. The higher the bench, the greater the range of motion and stretch at the bottom of the movement. It is usually performed as an assistance movement for back strength and muscle growth, in rep ranges of 8-12 reps per set or higher.",1,0,0,0,1,0,0,0,0,0,0,0,0,0,1,0,2,1,0.7,0.2,0.0
1434,Incline Dumbbell Row - Gethin Variation,Strength,Back,Dumbbell,Intermediate,The incline dumbbell row is an upper body isolation exercise targeting the lower lats and upper back muscles.,1,0,0,0,1,0,0,0,0,0,0,0,0,0,1,0,2,1,0.7,0.2,0.0
1435,FYR Bent-Over Dumbbell Row,Strength,Back,Dumbbell,Intermediate,"The dumbbell bent-over row is a popular exercise to develop and strengthen the muscles of the upper and middle back, like the latissimus (lat), lower trapezius, and rear deltoids. It can work equally well in strength, muscle-building, or circuit-style fat-loss workouts.",1,0,0,0,1,0,0,0,0,0,0,0,0,0,1,0,2,1,0.7,0.2,0.0
1436,Straight-Arm Dumbbell Pull-Over - Gethin Variation,Strength,Back,Dumbbell,Intermediate,"The straight-arm dumbbell pull-overpull-over was a staple exercise of the Golden Era of bodybuilding and a favorite of Arnold Schwarzenegger himself. Done properly, the exercise hits the bottom of the pecs, the lats, the abs, and the triceps.",1,0,0,0,1,0,0,0,0,0,0,0,0,0,1,0,2,0,0.0,0.2,0.0
1437,Bent-Over Dumbbell Row - Gethin Variation,Strength,Back,Dumbbell,Intermediate,"The dumbbell bent-over row is a popular exercise to develop and strengthen the muscles of the upper and middle back, like the latissimus (lat), lower trapezius, and rear deltoids. It can work equally well in strength, muscle-building, or circuit-style fat-loss workouts.",1,0,0,0,1,0,0,0,0,0,0,0,0,0,1,0,2,1,0.7,0.2,0.0
1438,Bent-over dumbbell rear delt fly,Strength,Back,Dumbbell,Intermediate,"The bent-over dumbbell rear delt fly is a popular upper-body exercise that targets the muscles on the back of the shoulder joint, specifically the rear head of the deltoid. Since pressing movements build the front and (to a lesser degree) side deltoid heads, this move is often done to promote balanced shoulder development. It is usually performed for high reps, such as 10-15 reps per set or more, as part of a shoulder or upper-body workout.",1,0,0,0,1,0,0,0,0,0,0,0,0,0,1,0,2,0,0.0,0.2,0.0
1439,Band Resisted Dumbbell Row,Strength,Back,Dumbbell,Intermediate,,1,0,0,0,1,0,0,0,0,0,0,0,0,0,1,0,2,1,0.7,0.2,0.0
1440,Holman Right Arm Weighted Half Jack,Strength,Back,Dumbbell,Intermediate,,1,0,0,0,1,0,0,0,0,0,0,0,0,0,1,0,2,0,0.0,0.2,0.0
1441,Holman Left Arm Weighted Half Jack,Strength,Back,Dumbbell,Intermediate,,1,0,0,0,1,0,0,0,0,0,0,0,0,0,1,0,2,0,0.0,0.2,0.0
1442,Holman Renegade Row,Strength,Back,Dumbbell,Intermediate,,1,0,0,0,1,0,0,0,0,0,0,0,0,0,1,0,2,1,0.7,0.2,0.0
1443,Holman Renegade Row with Opposite Foot Step-Out,Strength,Back,Dumbbell,Intermediate,,1,0,0,0,1,0,0,0,0,0,0,0,0,0,1,0,2,1,0.7,0.2,0.0
1444,Holman Renegade Row to Weighted Burpee,Strength,Back,Dumbbell,Intermediate,,1,0,0,0,1,0,0,0,0,0,0,0,0,0,1,0,2,1,0.8999999999999999,0.2,0.0
1445,Holman Weighted Double-Arm Cross Punch,Strength,Back,Dumbbell,Intermediate,,1,0,0,0,1,0,0,0,0,0,0,0,0,0,1,0,2,0,0.0,0.2,0.0
1446,Holman Standing Flat Back Row,Strength,Back,Dumbbell,Intermediate,,1,0,0,0,1,0,0,0,0,0,0,0,0,0,1,0,2,1,0.7,0.2,0.0
1447,Total Fitness Dumbbell Isometric Row Hold,Strength,Back,Dumbbell,Intermediate,"The dumbbell bent-over row is a popular exercise to develop and strengthen the muscles of the upper and middle back, like the latissimus (lat), lower trapezius, and rear deltoids. It can work equally well in strength, muscle-building, or circuit-style fat-loss workouts.",1,0,0,0,1,0,0,0,0,0,0,0,0,0,1,0,2,1,0.7,0.2,0.0
1448,Dumbbell renegade row,Strength,Back,Dumbbell,Intermediate,"The dumbbell renegade row combines rowing and core training into a single difficult movement. It's popular in time-efficient strength and muscle-building workouts, as well as in circuit-style training.",1,0,0,0,1,0,0,0,0,0,0,0,0,0,1,0,2,1,0.7,0.2,0.0
1449,MetaBurn Bent-Over Row to Rear-Delt Raise,Strength,Back,Dumbbell,Intermediate,,1,0,0,0,1,0,0,0,0,0,0,0,0,0,1,0,2,1,0.7,0.2,0.0
1450,FYR2 Bent-Over Reverse Fly,Strength,Back,Dumbbell,Intermediate,,1,0,0,0,1,0,0,0,0,0,0,0,0,0,1,0,2,0,0.0,0.2,0.0
1451,Weighted pull-up,Strength,Back,None,Intermediate,"The weighted pull-up is a more advanced variation of the pull-up exercise in which the lifter adds extra weight to their body. Options for adding weight include a dip belt, weighted vest, chains, a dumbbell placed between the feet or legs, or looping a kettlebell over the foot. Like other pull-up variations, the weighted pull-up builds strength and muscle in the upper back, biceps, and core.",1,0,0,0,1,0,0,0,0,0,0,1,0,0,0,0,2,1,0.0,0.2,0.9895833333333334
1452,Rocky Pull-Ups/Pulldowns,Strength,Back,None,Beginner,,1,0,0,0,1,0,0,0,0,0,0,1,0,0,0,0,1,1,0.0,0.2,0.9375
1453,Gironda Sternum Chins,Strength,Back,None,Beginner,,1,0,0,0,1,0,0,0,0,0,0,1,0,0,0,0,1,0,0.0,0.2,0.8854166666666667
1454,Floor rope climb,Strength,Back,None,Beginner,"The floor rope climb is an exercise that involves performing partial rope climbs in a prone position with the feet on the floor. It can help prepare someone for full rope climbs, but also trains the muscles of the back, biceps, and grip. It can be done for time or reps.",1,0,0,0,1,0,0,0,0,0,0,1,0,0,0,0,1,0,0.0,0.2,0.7291666666666667
1455,Overhead Lat,Flexibility,Back,None,Beginner,,0,0,1,0,1,0,0,0,0,0,0,1,0,0,0,0,1,0,0.0,0.2,0.10416666666666667
1456,Around-the-world pull-up,Strength,Back,None,Beginner,"The around-the-world pull-up is a more advanced version of the classic pull-up. It focuses stress more directly on the individual arms or sides of the back, while also boosting the time under tension at the top of each rep. It can be used as a progression toward a one-arm pull-up, or simply as a way to increase the challenge and variety of your pull-up training.",1,0,0,0,1,0,0,0,0,0,0,1,0,0,0,0,1,1,0.0,0.2,0.0
1457,L-sit chin-up,Strength,Back,None,Beginner,"The L-sit chin-up is an exercise targeting the back, biceps, core, and overall upper-body strength. It is considered significantly more difficult than standard chin-ups, and as such, is often performed for relatively low reps, such as 5-8 reps per set or less, with a focus on strength and form.",1,0,0,0,1,0,0,0,0,0,0,1,0,0,0,0,1,0,0.0,0.2,0.0
1458,Back Flyes - Gethin Variation,Strength,Back,None,Intermediate,"The incline dumbbell reverse fly is an upper-body exercise targeting the posterior or rear deltoids, as well as the postural muscles of the upper back. Because it targets such small muscles, this exercise is usually performed with light weight for high reps, such as 10-15 reps per set or more.",1,0,0,0,1,0,0,0,0,0,0,1,0,0,0,0,2,0,0.0,0.2,0.0
1459,Incline straight-arm pull-over,Strength,Back,None,Intermediate,"The incline straight-arm pull-over is an upper-body exercise targeting the chest and lats (latissimus dorsi). Performing it on an incline bench emphasizes the stretch on the chest in particular. If this movement causes pain in the front of the shoulders, perform it with a more limited range of motion or try pull-overs using a high cable stack instead. Pull-over variations are usually performed for moderate to high reps, such as 8-12 reps per set or more, as part of chest or back-focused upper-body training.",1,0,0,0,1,0,0,0,0,0,0,1,0,0,0,0,2,0,0.0,0.2,0.0
1460,Machine high row,Strength,Back,None,Intermediate,"The machine high row is a machine-based exercise targeting the back muscles, including the lats, rhomboids, and middle and lower traps. It approximates the motion of a free-weight row, but uses a selectorized weight-stack or plate-loaded machine. Many such machines also allow you to choose between different grips and grip widths. Machine rows are often done for moderate to high reps, such as 8-12 reps per set or more, as part of the upper-body or back-focused portion of a workout.",1,0,0,0,1,0,0,0,0,0,0,1,0,0,0,0,2,1,0.7,0.2,0.0
1461,AM T-Bar Row,Strength,Back,None,Intermediate,,1,0,0,0,1,0,0,0,0,0,0,1,0,0,0,0,2,1,0.7,0.2,0.0
1462,Assisted Single-Arm Pull-Up,Strength,Back,None,Expert,,1,0,0,0,1,0,0,0,0,0,0,1,0,0,0,0,3,1,0.0,0.30000000000000004,0.0
1463,Assisted Single-Arm Chin-Up,Strength,Back,None,Expert,,1,0,0,0,1,0,0,0,0,0,0,1,0,0,0,0,3,0,0.0,0.30000000000000004,0.0
1464,Holman Renegade Punch-Under,Strength,Back,None,Intermediate,,1,0,0,0,1,0,0,0,0,0,0,1,0,0,0,0,2,0,0.0,0.2,0.0
1465,Holman Renegade Row to Split Jump,Strength,Back,None,Intermediate,,1,0,0,0,1,0,0,0,0,0,0,1,0,0,0,0,2,1,0.8999999999999999,0.2,0.0
1466,Holman Dirty Dog to Renegade Row,Strength,Back,None,Intermediate,,1,0,0,0,1,0,0,0,0,0,0,1,0,0,0,0,2,1,0.7,0.2,0.0
1467,Holman Renegade Row to Side Punch to Forward Punch,Strength,Back,None,Intermediate,,1,0,0,0,1,0,0,0,0,0,0,1,0,0,0,0,2,1,0.7,0.2,0.0
1468,Standing dumbbell knee crunch,Strength,Back,None,Intermediate,"The standing dumbbell knee crunch is a great way to train the abs while standing up. Additionally, the deltoids are worked because the lifter holds a pair of dumbbells overhead throughout.",1,0,0,0,1,0,0,0,0,0,0,1,0,0,0,0,2,0,0.7,0.2,0.0
1469,Close-grip pull-down,Strength,Back,Machine,Intermediate,"The close-grip pull-down is a variation on the lat pull-down that is performed with an overhand grip and the hands slightly closer than shoulder-width apart. This increases the range of motion beyond wider grips, and may increase the time under tension in each rep. This variation is usually performed for moderate to high reps as part of a back or upper-body workout.",1,0,0,0,1,0,0,0,0,0,0,0,0,0,0,1,2,0,0.0,0.2,0.9270833333333334
1470,Shotgun row,Strength,Back,Machine,Intermediate,"The shotgun row is a single-arm row variation utilizing a cable stack in a staggered stance. It targets the muscles of the middle back, like the lats (latissimus dorsi) and rhomboids, but also the core. It is usually performed for moderate to high-reps, at least 8-15 reps per set, in the later stages of a back or upper-body workout.",1,0,0,0,1,0,0,0,0,0,0,0,0,0,0,1,2,1,0.7,0.2,0.9270833333333334
1471,Close-Grip Front Lat Pulldown,Strength,Back,Machine,Intermediate,"The close-grip pull-down is a variation on the lat pull-down, acable-based exercise machine that’s ubiquitous in gyms around the world. This back builder is easy to learn and highly effective, allowing for variable resistance depending on where you place the pin in the stack.",1,0,0,0,1,0,0,0,0,0,0,0,0,0,0,1,2,0,0.0,0.2,0.9166666666666667
1472,Straight-arm rope pull-down,Strength,Back,Machine,Intermediate,"The straight-arm rope pull-down is a variation of the straight-arm lat pull-down performed using a cable stack machine and a rope grip. It can either be performed in an athletic upright stance, or slightly bent over. It both stretches and contracts the muscles of the lats (latissimus dorsi) as well as providing additional activation to the other upper back muscles and the core. Because the triceps are also isometrically involved in the movement, it is usually performed for higher reps, such as 8-15 reps or more.",1,0,0,0,1,0,0,0,0,0,0,0,0,0,0,1,2,0,0.0,0.2,0.90625
1473,Lat pull-down,Strength,Back,Machine,Intermediate,"The lat pull-down is a cable-based exercise that's ubiquitous in gyms around the world. This back builder is easy to learn and highly effective at building back size and strength. It's usually trained in moderate to high reps, such as 8-12 reps per set. If grip strength is a limitation, you can wear wrist straps.",1,0,0,0,1,0,0,0,0,0,0,0,0,0,0,1,2,0,0.0,0.2,0.8958333333333334
1474,Straight-Arm Pulldown,Strength,Back,Machine,Intermediate,"The straight-arm bar pull-down is a variation of the straight-arm lat pull-down performed using a cable stack machine. It can either be performed in an athletic upright stance, or slightly bent-over. It both stretches and contracts the muscles of the lats (latissimus dorsi) as well as providing additional activation to the other upper back muscles and the core. Because the triceps are also isometrically involved in the movement, it is usually performed for higher reps, like 8-15 reps or above.",1,0,0,0,1,0,0,0,0,0,0,0,0,0,0,1,2,0,0.0,0.2,0.8645833333333335
1475,Single-arm kneeling lat pull-down,Strength,Back,Machine,Beginner,"The single-arm kneeling lat pull-down is a variation of the lat pull-down exercise performed one arm at a time, with the knees on the ground, rather than sitting on a bench or machine. It has all of the same benefits of a lat pull-down performed on a bench or machine, in addition to providing further activation to the core and lower body.",1,0,0,0,1,0,0,0,0,0,0,0,0,0,0,1,1,0,0.0,0.2,0.8645833333333335
1476,Elevated Cable Rows,Strength,Back,Machine,Beginner,"The cable seated row is a popular exercise to train the muscles of the upper back, including the lats (latissimus dorsi), traps, rhomboids, and rear deltoids, using a cable stack. It also targets the biceps to a lesser degree. The cable row can work well in a variety of rep-ranges, but is most popular in muscle-building workouts or as an accessory movement for strength workouts.",1,0,0,0,1,0,0,0,0,0,0,0,0,0,0,1,1,1,0.7,0.2,0.8645833333333335
1477,Full Range-Of-Motion Lat Pulldown,Strength,Back,Machine,Beginner,,1,0,0,0,1,0,0,0,0,0,0,0,0,0,0,1,1,0,0.0,0.2,0.84375
1478,Kneeling lat pull-down,Strength,Back,Machine,Intermediate,"The kneeling lat pull-down is a variation of the lat pull-down exercise performed with the knees on the ground rather than sitting on a bench or machine. It has all of the same benefits of a lat pull-down performed on a bench or machine, in addition to providing further activation to the core and lower body.",1,0,0,0,1,0,0,0,0,0,0,0,0,0,0,1,2,0,0.0,0.2,0.8229166666666667
1479,Behind-the-neck pull-down,Strength,Back,Machine,Intermediate,"The behind-the-neck pull-down is a cable exercise intended to target the muscles of the upper and middle back. If you have the requisite shoulder mobility, it can help you target the upper back muscles, including the trapezius and rhomboids, as well as the lats (latissimus dorsi). It is popular among elite bodybuilders and physique athletes, but some coaches consider it unsafe to the shoulder joint, particularly for people with existing shoulder problems.",1,0,0,0,1,0,0,0,0,0,0,0,0,0,0,1,2,0,0.0,0.2,0.7395833333333334
1480,Straight-arm cable pull-over,Strength,Back,Machine,Intermediate,"The straight-arm cable pull-over is an exercise that focuses on the muscles of the lats (latissimus dorsi) and chest using a cable stack and a flat bench. It is most commonly used for higher reps, such as 10-15 or more, in muscle-building workouts. It is also an effective substitute for dumbbell pull-overs or a pull-over machine, if you don't have access to them or they aggravate your shoulders.",1,0,0,0,1,0,0,0,0,0,0,0,0,0,0,1,2,0,0.0,0.2,0.0
1481,Cable Straight-Arm Pulldown - Gethin Variation,Strength,Back,Machine,Intermediate,"The straight-arm bar pull-down is a variation of the straight-arm lat pull-down performed using a cable stack machine. It can either be performed in an athletic upright stance, or slightly bent-over. It both stretches and contracts the muscles of the lats (latissimus dorsi) as well as providing additional activation to the other upper back muscles and the core. Because the triceps are also isometrically involved in the movement, it is usually performed for higher reps, like 8-15 reps or above.",1,0,0,0,1,0,0,0,0,0,0,0,0,0,0,1,2,0,0.0,0.2,0.0
1482,Rope Lat Pull-down - Gethin Variation,Strength,Back,Machine,Intermediate,"The close-grip pull-down is a variation on the lat pull-down, acable-based exercise machine that’s ubiquitous in gyms around the world. This back builder is easy to learn and highly effective, allowing for variable resistance depending on where you place the pin in the stack.",1,0,0,0,1,0,0,0,0,0,0,0,0,0,0,1,2,0,0.0,0.2,0.0
1483,Straight-Arm Pull-Down - Gethin Variation,Strength,Back,Machine,Intermediate,"The straight-arm bar pull-down is a variation of the straight-arm lat pull-down performed using a cable stack machine. It can either be performed in an athletic upright stance, or slightly bent-over. It both stretches and contracts the muscles of the lats (latissimus dorsi) as well as providing additional activation to the other upper back muscles and the core. Because the triceps are also isometrically involved in the movement, it is usually performed for higher reps, like 8-15 reps or above.",1,0,0,0,1,0,0,0,0,0,0,0,0,0,0,1,2,0,0.0,0.2,0.0
1484,High-cable standing row,Strength,Back,Machine,Intermediate,"The high-cable standing row is an exercise targeting the lats. The high position allows for more engagement of the upper back, as well, specifically the rhomboids and teres major.",1,0,0,0,1,0,0,0,0,0,0,0,0,0,0,1,2,1,0.7,0.2,0.0
1485,Lat Pull-down - Gethin Variation,Strength,Back,Machine,Intermediate,"The lat pull-down is a cable-based exercise machine that’s ubiquitous in gyms around the world. This back builder is easy to learn and highly effective, allowing for variable resistance depending on where you place the pin in the stack.",1,0,0,0,1,0,0,0,0,0,0,0,0,0,0,1,2,0,0.0,0.2,0.0
1486,Wide-Grip Lat Pull-Down - Gethin Variation,Strength,Back,Machine,Intermediate,"The lat pull-down is a cable-based exercise machine that’s ubiquitous in gyms around the world. This back builder is easy to learn and highly effective, allowing for variable resistance depending on where you place the pin in the stack.",1,0,0,0,1,0,0,0,0,0,0,0,0,0,0,1,2,0,0.0,0.2,0.0
1487,Behind-The-Neck Pull-Down - Gethin Variation,Strength,Back,Machine,Intermediate,"The behind-the-neck pull-down is a cable exercise intended to target the muscles of the upper and middle back. If you have the requisite shoulder mobility, it can help you targets the upper back muscles, including the trapezius and rhomboids, as well as the lats (latissimus dorsi). It is popular among elite bodybuilders and physique athletes, but some coaches consider it unsafe to the shoulder joint, in particular to people with existing shoulder problems.",1,0,0,0,1,0,0,0,0,0,0,0,0,0,0,1,2,0,0.0,0.2,0.0
1488,Single-Arm Cable Row - Gethin Variation,Strength,Back,Machine,Intermediate,"The single-arm cable seated row is a version of the cable row movement that train the muscles of the upper back one side at a time. It targets a wide range of muscles including the lats (latissimus dorsi), traps, rhomboids, and rear deltoids, as well as the biceps. The single-arm row can work well in a variety of rep-ranges, but is most popular in muscle-building workouts or as an accessory movement for strength workouts.",1,0,0,0,1,0,0,0,0,0,0,0,0,0,0,1,2,1,0.7,0.2,0.0
1489,Scapular Rows,Strength,Back,Machine,Intermediate,,1,0,0,0,1,0,0,0,0,0,0,0,0,0,0,1,2,1,0.7,0.2,0.0
1490,Standing V-Grip Cable Rows,Strength,Back,Machine,Intermediate,,1,0,0,0,1,0,0,0,0,0,0,0,0,0,0,1,2,1,0.7,0.2,0.0
1491,AM Close-Grip Pull-Down,Strength,Back,Machine,Intermediate,"The close-grip pull-down is a variation on the lat pull-down, acable-based exercise machine that’s ubiquitous in gyms around the world. This back builder is easy to learn and highly effective, allowing for variable resistance depending on where you place the pin in the stack.",1,0,0,0,1,0,0,0,0,0,0,0,0,0,0,1,2,0,0.0,0.2,0.0
1492,AM Wide-Grip Pull-Down,Strength,Back,Machine,Intermediate,"The lat pull-down is a cable-based exercise machine that’s ubiquitous in gyms around the world. This back builder is easy to learn and highly effective, allowing for variable resistance depending on where you place the pin in the stack.",1,0,0,0,1,0,0,0,0,0,0,0,0,0,0,1,2,0,0.0,0.2,0.0
1493,UP Lat Pull-Down,Strength,Back,Machine,Intermediate,"The lat pull-down is a cable-based exercise machine that’s ubiquitous in gyms around the world. This back builder is easy to learn and highly effective, allowing for variable resistance depending on where you place the pin in the stack.",1,0,0,0,1,0,0,0,0,0,0,0,0,0,0,1,2,0,0.0,0.2,0.0
1494,Reverse-grip lat pull-down,Strength,Back,Machine,Intermediate,"The reverse-grip lat pull-down is variation on the lat pull-down that targets the lower lats more than an overhand grip. Because the hands are relatively close together, it also increases the range of motion beyond wider-grip pull-down variations. It can be performed for low reps, such as 5-6 per set, for back strength, or for higher reps for size.",1,0,0,0,1,0,0,0,0,0,0,0,0,0,0,1,2,0,0.0,0.2,0.8854166666666667
1495,Machine seated row,Strength,Back,Machine,Beginner,"The machine seated row is a popular exercise targeting the back muscles, particularly the lats (latissimus dorsi), rhomboids, and middle and lower trapezius. There is a wide variety of seated row machines, but most of them approximate the motion of a free-weight row, but in an upright, forward-facing position. Machine row variations are often performed for moderate to high reps, such as 8-12 reps per set or more, as part of an upper-body or back-focused portion of a workout.",1,0,0,0,1,0,0,0,0,0,0,0,0,0,0,1,1,1,0.7,0.2,0.8750000000000001
1496,Machine-assisted pull-up,Strength,Back,Machine,Beginner,"The machine-assisted pull-up takes a classic back-building exercise and adds assistance to make the movement easier than the bodyweight version. The amount of assistance can easily be changed by moving the pin in the stack. While some people use this variation as a substitute for pull-ups or as an assistance exercise for pull-ups, it is also effective as a way to perform the pull-up motion in traditional muscle-building ranges. This variation is often performed for moderate to high reps, such as 8-12 reps per set or more, as part of upper-body or back-focused training.",1,0,0,0,1,0,0,0,0,0,0,0,0,0,0,1,1,1,0.0,0.2,0.8541666666666666
1497,Single-arm pull-down,Strength,Back,Machine,Intermediate,"The single-arm pull-down is a variation on the lat pull-down that is performed one arm at a time, usually with a D-shaped handle and a cable stack. Many lifters find they can feel the lat (latissimus dorsi) muscles working better with single-arm variations.",1,0,0,0,1,0,0,0,0,0,0,0,0,0,0,1,2,0,0.0,0.2,0.7604166666666666
1498,Chest-Supported Smith Machine Row - Gethin Variation,Strength,Back,Machine,Intermediate,,1,0,0,0,1,0,0,0,0,0,0,0,0,0,0,1,2,1,0.7,0.2,0.0
1499,Single-arm machine high row,Strength,Back,Machine,Intermediate,"The single-arm machine high row is a machine-based exercise targeting the back muscles, including the lats, rhomboids, and middle and lower traps. It approximates the motion of a free-weight row, but uses a selectorized weight-stack or plate-loaded machine. Many such machines also allow you to choose between different grips and grip widths. Machine-based rows are often done for moderate to high reps, such as 8-12 reps per set or more, as part of the upper-body or back-focused portion of a workout.",1,0,0,0,1,0,0,0,0,0,0,0,0,0,0,1,2,1,0.7,0.2,0.0
1500,Machine Pull-Over - Gethin Variation,Strength,Back,Machine,Intermediate,,1,0,0,0,1,0,0,0,0,0,0,0,0,0,0,1,2,0,0.0,0.2,0.0
1501,Seated Machine Row - Gethin Variation,Strength,Back,Machine,Intermediate,"The machine seated row is an exercise targeting the back muscles, emphasizing the mid- to upper-back.",1,0,0,0,1,0,0,0,0,0,0,0,0,0,0,1,2,1,0.7,0.2,0.0
1502,Wide-Grip Machine Row,Strength,Back,Machine,Intermediate,,1,0,0,0,1,0,0,0,0,0,0,0,0,0,0,1,2,1,0.7,0.2,0.0
1503,King Maker Lat Pull-Down,Strength,Back,Machine,Intermediate,"The lat pull-down is a cable-based exercise machine that’s ubiquitous in gyms around the world. This back builder is easy to learn and highly effective, allowing for variable resistance depending on where you place the pin in the stack.",1,0,0,0,1,0,0,0,0,0,0,0,0,0,0,1,2,0,0.0,0.2,0.0
1504,Robertson Half-Kneeling Landmine Press,Strength,Back,Machine,Intermediate,,1,0,0,0,1,0,0,0,0,0,0,0,0,0,0,1,2,0,0.0,0.2,0.0
1505,Pullups,Strength,Back,None,Intermediate,"The pull-up is a multi-joint bodyweight exercise that builds strength and muscle in the upper back, biceps, and core. It is often used as a measurement tool in military or tactical fitness tests, and is an excellent gauge of “relative strength” which is strength in relation to bodyweight.",1,0,0,0,1,0,0,0,0,0,0,1,0,0,0,0,2,0,0.0,0.2,0.9583333333333333
1506,Pull-up,Strength,Back,None,Beginner,"The pull-up is a multijoint bodyweight exercise that builds strength and muscle in the upper back, biceps, and core. It is often used as a measurement tool in military or tactical fitness tests, and is an excellent gauge of ""relative strength"" which is strength in relation to body weight.",1,0,0,0,1,0,0,0,0,0,0,1,0,0,0,0,1,1,0.0,0.2,0.9270833333333334
1507,Muscle Up,Strength,Back,None,Intermediate,,1,0,0,0,1,0,0,0,0,0,0,1,0,0,0,0,2,0,0.0,0.2,0.9270833333333334
1508,Rope climb,Strength,Back,None,Intermediate,"The rope climb is an exercise that is used commonly in CrossFit workouts and as a test of upper-body strength. It was even contested at the Olympics in the early 20th century. It targets a wide range of upper-body musculature, including the hands and forearms, shoulders, biceps, lats (latissimus dorsi), and core.",1,0,0,0,1,0,0,0,0,0,0,1,0,0,0,0,2,0,0.0,0.2,0.90625
1509,Wide-Grip Rear Pull-Up,Strength,Back,None,Beginner,,1,0,0,0,1,0,0,0,0,0,0,1,0,0,0,0,1,1,0.0,0.2,0.90625
1510,Side To Side Chins,Strength,Back,None,Intermediate,,1,0,0,0,1,0,0,0,0,0,0,1,0,0,0,0,2,0,0.0,0.2,0.8750000000000001
1511,Neutral-grip pull-up,Strength,Back,None,Intermediate,"The neutral-grip pull-up is a multijoint bodyweight exercise in which the reps are performed with the palms facing one another. Like other pull-up variations, it builds strength and muscle in the upper back, biceps, and core. It can be used as a more shoulder-friendly alternative to straight-bar pull-ups, or to help perform more reps than you can perform overhand.",1,0,0,0,1,0,0,0,0,0,0,1,0,0,0,0,2,1,0.0,0.2,0.8541666666666666
1512,Kipping Muscle Up,Strength,Back,None,Intermediate,,1,0,0,0,1,0,0,0,0,0,0,1,0,0,0,0,2,0,0.0,0.2,0.75
1513,One Arm Against Wall,Flexibility,Back,None,Intermediate,,0,0,1,0,1,0,0,0,0,0,0,1,0,0,0,0,2,0,0.0,0.2,0.6041666666666666
1514,One Handed Hang,Flexibility,Back,None,Intermediate,"The single-arm hang is a static exercise that involves hanging from a bar by one hand. It is an advanced hanging exercise that demands above-average shoulder stability and grip strength, and may not be appropriate for some people. However, if someone is strong and stable enough to perform it, the movement can help build those same qualities.",0,0,1,0,1,0,0,0,0,0,0,1,0,0,0,0,2,0,0.0,0.2,0.375
1515,Standing side bend stretch,Flexibility,Back,None,Intermediate,"The standing side bend stretch is a stretching exercise targeting the obliques, the muscles that run along the side of the core. It is a common inclusion in dynamic warm-ups for the upper body, but can also be performed to help ""limber up"" for lifting or athletics anytime.",0,0,1,0,1,0,0,0,0,0,0,1,0,0,0,0,2,0,0.0,0.2,0.33333333333333337
1516,Burpee to pull-up,Strength,Back,None,Intermediate,The burpee to pull-up is a variation of the bodyweight burpee in which the jump at the top of each rep leads into a jumping pull-up. It is popular in circuit-style and metcon workouts.,1,0,0,0,1,0,0,0,0,0,0,1,0,0,0,0,2,1,0.7,0.2,0.0
1517,Negative pull-up,Strength,Back,None,Intermediate,"The negative pull-up is a multijoint bodyweight exercise that focuses on just one half of the traditional pull-up: the lowering, eccentric, or ""negative"" portion. Because muscles are stronger eccentrically than they are concentrically, many people can perform negatives even if they can't perform full pull-ups. For this reason, it is a popular training tool to help people earn their first pull-up rep, or as a back-off exercise after doing full pull-ups.",1,0,0,0,1,0,0,0,0,0,0,1,0,0,0,0,2,1,0.0,0.2,0.0
1518,Chin-Up,Strength,Back,None,Intermediate,"The a chin-up is a variation of the pull-up exercise in which the reps are performed with the palms facing toward the body, in an underhand position, with a grip that is narrower than shoulder-width. Like other pull-up variations, it builds strength and muscle in the upper back, biceps, and core, but it utilizes the biceps slightly more than overhand pull-ups. It can be used as a more shoulder-friendly alternative to straight-bar pull-ups, or to help perform more reps than you can perform overhand.",1,0,0,0,1,0,0,0,0,0,0,1,0,0,0,0,2,0,0.0,0.2,0.0
1519,HM Superman Lat Pull,Strength,Back,None,Intermediate,,1,0,0,0,1,0,0,0,0,0,0,1,0,0,0,0,2,0,0.0,0.2,0.0
1520,AM Pull-Up,Strength,Back,None,Intermediate,"The pull-up is a multi-joint bodyweight exercise that builds strength and muscle in the upper back, biceps, and core. It is often used as a measurement tool in military or tactical fitness tests, and is an excellent gauge of “relative strength” which is strength in relation to bodyweight.",1,0,0,0,1,0,0,0,0,0,0,1,0,0,0,0,2,1,0.0,0.2,0.0
1521,UP Chin-Up,Strength,Back,None,Intermediate,,1,0,0,0,1,0,0,0,0,0,0,1,0,0,0,0,2,0,0.0,0.2,0.0
1522,Holman Alternating Forward and Side Punch,Strength,Back,None,Intermediate,,1,0,0,0,1,0,0,0,0,0,0,1,0,0,0,0,2,0,0.0,0.2,0.0
1523,Jump to pull-up,Strength,Back,None,Intermediate,"The jump to pull-up is a bodyweight exercise that targets the muscles of the back, biceps, and, to a lesser degree, legs. It involves jumping up to a pull-up bar between reps. Similar to a push-press, the legs help power through the most difficult portion of the pull-up, allowing you to perform more reps. Jumping pull-ups are often performed for moderate to high reps, such as 8-12 reps per set or more, as an accessory to other pulling or pull-up training, or as a full-body movement in a circuit or metcon.",1,0,0,0,1,0,0,0,0,0,0,1,0,0,0,0,2,1,0.7,0.2,0.0
1524,Bent-over scapular slide,Strength,Back,None,Intermediate,The bent-over scapular slide is an upper-body exercise that helps with scapular and shoulder mobility. It is commonly performed for time or reps as part of a dynamic warm-up for the upper body.,1,0,0,0,1,0,0,0,0,0,0,1,0,0,0,0,2,0,0.0,0.2,0.0
1525,Iron cross stretch,Strength,Back,None,Intermediate,The iron cross stretch is a bodyweight stretch that focuses on hip and thoracic spine mobility.,1,0,0,0,1,0,0,0,0,0,0,1,0,0,0,0,2,0,0.0,0.2,0.0
1526,Total Fitness Standing Lat Stretch,Strength,Back,None,Intermediate,,1,0,0,0,1,0,0,0,0,0,0,1,0,0,0,0,2,0,0.0,0.2,0.0
1527,King Maker Pull-Up,Strength,Back,None,Intermediate,"The pull-up is a multi-joint bodyweight exercise that builds strength and muscle in the upper back, biceps, and core. It is often used as a measurement tool in military or tactical fitness tests, and is an excellent gauge of “relative strength” which is strength in relation to bodyweight.",1,0,0,0,1,0,0,0,0,0,0,1,0,0,0,0,2,1,0.0,0.2,0.0
1528,Medicine ball slam,Strength,Back,None,Intermediate,"The medicine ball slam is an explosive exercise for developing power, strength, and speed. Muscles worked include the abdominals, legs, triceps, shoulders, and lats. The slams are usually done in rapid succession to complete one set. It can also be a component of a power or athleticism-focused circuit workout.",1,0,0,0,1,0,0,0,0,0,0,1,0,0,0,0,2,0,0.0,0.2,0.8229166666666667
1529,Catch and Overhead Throw,Strength,Back,None,Beginner,,1,0,0,0,1,0,0,0,0,0,0,1,0,0,0,0,1,1,0.7,0.2,0.6041666666666666
1530,FYR2 Bent-Over Medicine Ball Slam,Strength,Back,None,Intermediate,,1,0,0,0,1,0,0,0,0,0,0,1,0,0,0,0,2,0,0.0,0.2,0.0
1531,Dynamic Back Stretch,Flexibility,Back,None,Beginner,,0,0,1,0,1,0,0,0,0,0,0,1,0,0,0,0,1,0,0.0,0.2,0.5
1532,Chair Lower Back Stretch,Flexibility,Back,None,Beginner,,0,0,1,0,1,0,0,0,0,0,0,1,0,0,0,0,1,0,0.0,0.2,0.33333333333333337
1533,Side-Lying Floor Stretch,Flexibility,Back,None,Beginner,,0,0,1,0,1,0,0,0,0,0,0,1,0,0,0,0,1,0,0.0,0.2,0.10416666666666667
1534,Band good morning-,Strength,Back,Bands,Intermediate,"The band good morning is an exercise targeting the hamstrings and glutes. It is often performed in powerlifting-style training for high reps, or in the place of barbell good mornings.",1,0,0,0,1,0,0,0,0,0,0,0,1,0,0,0,2,0,0.0,0.2,0.0
1535,FYR2 Monster Banded Good Morning,Strength,Back,Bands,Intermediate,,1,0,0,0,1,0,0,0,0,0,0,0,1,0,0,0,2,0,0.0,0.2,0.0
1536,Band deadlift,Strength,Back,Bands,Intermediate,The band deadlift is a lower-body exercise that mainly targets the hamstrings while also benefiting the glutes and lats using a proper hip-hinging motion.,1,0,0,0,1,0,0,0,0,0,0,0,1,0,0,0,2,1,0.0,0.6,0.0
1537,Lower back SMR,Flexibility,Back,None,Intermediate,"Lower back self-myofascial release (SMR) is a self-administered soft-tissue treatment, usually using a foam roller, lacrosse ball, or other ""trigger point"" massage tool. By applying pressure strategically to the quadratus lumborum or spinal erector (erector spinae) muscles of the lower back, some people find they can cause this often painful and tight area to relax or ""release."" Lower back SMR is often accompanied by SMR on the glutes or piriformis muscles, or by stretches that target the piriformis or hips. However, some people find that SMR on the lower back can aggravate existing pain or injury, so be cautious when performing it.",0,0,1,0,1,0,0,0,0,0,0,1,0,0,0,0,2,0,0.0,0.2,0.46875
1538,Barbell deficit deadlift,Strength,Back,Barbell,Beginner,"The barbell deficit deadlift is a compound exercise targeting the posterior chain. It is commonly utilized in powerlifting training to build pulling strength off the floor, but is also an effective muscle-building movement for the glutes and hamstrings. It is usually performed with lighter weight, and perhaps for higher reps, than traditional deadlifts. If these make your back sore, decrease the deficit and/or wear a weightlifting belt.",1,0,0,0,1,0,0,0,0,0,0,0,0,1,0,0,1,1,0.0,0.6,0.9791666666666667
1539,Deadlift with Bands,Strength,Back,Barbell,Beginner,,1,0,0,0,1,0,0,0,0,0,0,0,0,1,0,0,1,1,0.0,0.6,0.90625
1540,Deadlift with Chains,Strength,Back,Barbell,Beginner,,1,0,0,0,1,0,0,0,0,0,0,0,0,1,0,0,1,1,0.0,0.6,0.8958333333333334
1541,Rack Pull with Bands,Strength,Back,Barbell,Beginner,,1,0,0,0,1,0,0,0,0,0,0,0,0,1,0,0,1,0,0.0,0.2,0.8854166666666667
1542,Rack pull,Strength,Back,Barbell,Intermediate,"The rack pull is a variation of the deadlift performed from an elevated height, either using boxes, safety pins, or the safeties in a squat rack. It targets all the same muscles as the deadlift, including the glutes, hamstrings, upper back, lower back, and grip. It can be used to strengthen deadlift lockout, but also as a deadlift alternative for people who can't deadlift from the floor without pain.",1,0,0,0,1,0,0,0,0,0,0,0,0,1,0,0,2,0,0.0,0.2,0.8645833333333335
1543,Seated Good Mornings,Strength,Back,Barbell,Beginner,,1,0,0,0,1,0,0,0,0,0,0,0,0,1,0,0,1,0,0.0,0.2,0.84375
1544,Stiff Leg Barbell Good Morning,Strength,Back,Barbell,Beginner,,1,0,0,0,1,0,0,0,0,0,0,0,0,1,0,0,1,0,0.0,0.2,0.84375
1545,Reverse Band Deadlift,Strength,Back,Barbell,Beginner,,1,0,0,0,1,0,0,0,0,0,0,0,0,1,0,0,1,1,0.0,0.6,0.0
1546,Paul Carter Romanian Deadlift,Strength,Back,Barbell,Intermediate,"The barbell stiff-legged deadlift targets the hamstrings, glutes, lower and upper back, as well as the core. It is a popular accessory movement for the deadlift, but also a muscle-building hamstring movement.",1,0,0,0,1,0,0,0,0,0,0,0,0,1,0,0,2,1,0.0,0.6,0.0
1547,TBS Good Morning,Strength,Back,Barbell,Intermediate,"The barbell good morning is an exercise that targets glute, hamstring, and lower back development. It is often trained as an accessory movement to the deadlift, but also has value on its own. It is sometimes performed for reps in traditional strength-focused rep ranges such as 5-8 reps per set, but due to the risk posed to the lower back, is rarely treated as a max-effort single-rep lift.",1,0,0,0,1,0,0,0,0,0,0,0,0,1,0,0,2,0,0.0,0.2,0.0
1548,TBS Romanian Deadlift,Strength,Back,Barbell,Intermediate,"The barbell stiff-legged deadlift targets the hamstrings, glutes, lower and upper back, as well as the core. It is a popular accessory movement for the deadlift, but also a muscle-building hamstring movement.",1,0,0,0,1,0,0,0,0,0,0,0,0,1,0,0,2,1,0.0,0.6,0.0
1549,Barbell deadlift-,Strength,Back,Barbell,Intermediate,"The barbell deadlift is a compound exercise used to develop overall strength and size in the posterior chain. It is a competition lift in the sport of powerlifting, but is also considered a classic benchmark of overall strength. When performed with the hands outside the knees, it is often called a ""conventional"" deadlift. When the feet are wide and the hands are inside the knees, it is a sumo deadlift.",1,0,0,0,1,0,0,0,0,0,0,0,0,1,0,0,2,1,0.0,0.6,0.0
1550,Deadlift - Gethin Variation,Strength,Back,Barbell,Intermediate,"The barbell deadlift is a compound exercise used to develop overall strength and size in the posterior chain. It is a competition lift in the sport of powerlifting, but is also considered a classic benchmark of overall strength. When performed with the hands outside the knees, it is often called a ""conventional"" deadlift. When the feet are wide and the hands are inside the knees, it is a sumo deadlift.",1,0,0,0,1,0,0,0,0,0,0,0,0,1,0,0,2,1,0.0,0.6,0.0
1551,Barbell good morning,Strength,Back,Barbell,Intermediate,"The barbell good morning is an exercise that targets glute, hamstring, and lower back development. It is often trained as an accessory movement to the deadlift, but also has value on its own. It is sometimes performed for reps in traditional strength-focused rep ranges such as 5-8 reps per set, but due to the risk posed to the lower back, is rarely treated as a max-effort single-rep lift.",1,0,0,0,1,0,0,0,0,0,0,0,0,1,0,0,2,0,0.0,0.2,0.0
1552,UP Conventional Deadlift,Strength,Back,Barbell,Intermediate,"The barbell deadlift is a compound exercise used to develop overall strength and size in the posterior chain. It is a competition lift in the sport of powerlifting, but is also considered a classic benchmark of overall strength. When performed with the hands outside the knees, it is often called a ""conventional"" deadlift. When the feet are wide and the hands are inside the knees, it is a sumo deadlift.",1,0,0,0,1,0,0,0,0,0,0,0,0,1,0,0,2,1,0.0,0.6,0.0
1553,30 Day Back Barbell Rack Pull,Strength,Back,Barbell,Intermediate,,1,0,0,0,1,0,0,0,0,0,0,0,0,1,0,0,2,0,0.0,0.2,0.0
1554,FYR Sumo Deadlift High Pull,Strength,Back,Dumbbell,Intermediate,"The kettlebell sumo deadlift high pull is a dynamic kettlebell exercise that focuses on the muscles of the posterior chain, including the hamstrings, glutes, traps, rear delts, and upper back. It can be done in lower reps for power or strength, or higher reps for conditioning and fat loss. It can also be a component of a circuit-style kettlebell workout, either for time or reps.",1,0,0,0,1,0,0,0,0,0,0,0,0,0,1,0,2,1,0.0,0.6,0.0
1555,Kettlebell deadlift,Strength,Back,Dumbbell,Intermediate,"The kettlebell deadlift is a foundational movement in kettlebell training. It's often taught as a buildup or regression to the kettlebell swing, as well as to instruct the ""hip hinge"" motion in a more approachable manner than with a barbell.",1,0,0,0,1,0,0,0,0,0,0,0,0,0,1,0,2,1,0.0,0.6,0.0
1556,HM Kettlebell Swing,Strength,Back,Dumbbell,Intermediate,,1,0,0,0,1,0,0,0,0,0,0,0,0,0,1,0,2,0,0.0,0.2,0.0
1557,KV Romanian Deadlift with Kettlebell,Strength,Back,Dumbbell,Intermediate,,1,0,0,0,1,0,0,0,0,0,0,0,0,0,1,0,2,1,0.0,0.6,0.0
1558,FYR2 Kettlebell Good Morning,Strength,Back,Dumbbell,Intermediate,,1,0,0,0,1,0,0,0,0,0,0,0,0,0,1,0,2,0,0.0,0.2,0.0
1559,FYR2 Kettlebell Romanian Deadlift,Strength,Back,Dumbbell,Intermediate,,1,0,0,0,1,0,0,0,0,0,0,0,0,0,1,0,2,1,0.0,0.6,0.0
1560,FYR2 Kettlebell Staggered-Stance Deadlift,Strength,Back,Dumbbell,Intermediate,,1,0,0,0,1,0,0,0,0,0,0,0,0,0,1,0,2,1,0.0,0.6,0.0
1561,Dumbbell Fix Dumbbell Deadlift,Strength,Back,Dumbbell,Intermediate,,1,0,0,0,1,0,0,0,0,0,0,0,0,0,1,0,2,1,0.0,0.6,0.0
1562,Dumbbell skier,Strength,Back,Dumbbell,Intermediate,"As the name suggests, the dumbbell skier takes the motion of skiing and replaces the poles with dumbbells. The hip and torso motion are similar to a kettlebell swing, as are the muscles it targets, including the hamstrings, glutes, upper back, and grip. However, unlike the traditional kettlebell swing, the arms are outside of the knees. This movement can be performed for time or for reps, but is usually performed for relatively high reps, such as 8-12 sets per rep or more, as part of a fat-loss or athleticism-focused circuit or workout.",1,0,0,0,1,0,0,0,0,0,0,0,0,0,1,0,2,0,0.0,0.2,0.0
1563,TBS Dumbbell Romanian Deadlift,Strength,Back,Dumbbell,Intermediate,"The dumbbell stiff-legged deadlift targets the hamstrings, glutes, low and upper back, as well as the core. The purpose of the stiff-legged, as opposed to Romanian deadlift with slightly bent knees, is to engage the hamstrings and low back to an even greater degree.",1,0,0,0,1,0,0,0,0,0,0,0,0,0,1,0,2,1,0.0,0.6,0.0
1564,Stiff-Legged Dumbbell Deadlift - Gethin Variation,Strength,Back,Dumbbell,Intermediate,"The dumbbell stiff-legged deadlift targets the hamstrings, glutes, low and upper back, as well as the core. The purpose of the stiff-legged, as opposed to Romanian deadlift with slightly bent knees, is to engage the hamstrings and low back to an even greater degree.",1,0,0,0,1,0,0,0,0,0,0,0,0,0,1,0,2,1,0.0,0.6,0.0
1565,UNS Dumbbell Romanian Deadlift,Strength,Back,Dumbbell,Intermediate,,1,0,0,0,1,0,0,0,0,0,0,0,0,0,1,0,2,1,0.0,0.6,0.0
1566,Holman Slow Deadlift,Strength,Back,Dumbbell,Intermediate,,1,0,0,0,1,0,0,0,0,0,0,0,0,0,1,0,2,1,0.0,0.6,0.0
1567,Holman Deadlift to Overhead Press,Strength,Back,Dumbbell,Intermediate,,1,0,0,0,1,0,0,0,0,0,0,0,0,0,1,0,2,1,0.0,0.6,0.0
1568,Holman Staggered-Stance Deadlift,Strength,Back,Dumbbell,Intermediate,,1,0,0,0,1,0,0,0,0,0,0,0,0,0,1,0,2,1,0.0,0.6,0.0
1569,Holman Deadlift to Front Raise,Strength,Back,Dumbbell,Intermediate,,1,0,0,0,1,0,0,0,0,0,0,0,0,0,1,0,2,1,0.0,0.6,0.0
1570,Holman Deadlift to Chest Press,Strength,Back,Dumbbell,Intermediate,,1,0,0,0,1,0,0,0,0,0,0,0,0,0,1,0,2,1,0.0,0.6,0.0
1571,Holman Deadlift to Squat Thrust,Strength,Back,Dumbbell,Intermediate,,1,0,0,0,1,0,0,0,0,0,0,0,0,0,1,0,2,1,0.0,0.6,0.0
1572,Holman Deadlift to Biceps Curl,Strength,Back,Dumbbell,Intermediate,,1,0,0,0,1,0,0,0,0,0,0,0,0,0,1,0,2,1,0.0,0.6,0.0
1573,Dumbbell kickstand deadlift,Strength,Back,Dumbbell,Intermediate,"The dumbbell kickstand deadlift is a movement targeting the muscles of the hamstrings, glutes, and back. The kickstand position can help focus the stretch and contraction on each individual leg, similar to a single-leg Romanian deadlift, while presenting less of a balance challenge. It can be performed in low reps, such as 5-8 reps per set, for strengthening the posterior chain, or for higher reps for muscle growth.",1,0,0,0,1,0,0,0,0,0,0,0,0,0,1,0,2,1,0.0,0.6,0.0
1574,Single-leg stiff-legged deadlift to row,Strength,Back,Dumbbell,Intermediate,"The single-leg stiff-legged deadlift to row takes two popular strength moves and combines them into one full-body blaster. Between the deadlift and the row, you'll target the glutes, hamstrings, quads, back, and biceps. Because balance can be a challenge, this movement is usually done with relatively light weights for high reps, such as 8-12 reps per set or more.",1,0,0,0,1,0,0,0,0,0,0,0,0,0,1,0,2,1,0.7,0.6,0.0
1575,FYR2 Dumbbell Deadlift,Strength,Back,Dumbbell,Intermediate,,1,0,0,0,1,0,0,0,0,0,0,0,0,0,1,0,2,1,0.0,0.6,0.0
1576,FYR2 Dumbbell Deadlift to Dumbbell Upright Row,Strength,Back,Dumbbell,Intermediate,,1,0,0,0,1,0,0,0,0,0,0,0,0,0,1,0,2,1,0.7,0.6,0.0
1577,Atlas Stones,Strength,Back,None,Intermediate,,1,0,0,0,1,0,0,0,0,0,0,1,0,0,0,0,2,0,0.0,0.2,0.9895833333333334
1578,Axle Deadlift,Strength,Back,None,Beginner,,1,0,0,0,1,0,0,0,0,0,0,1,0,0,0,0,1,1,0.0,0.6,0.9479166666666666
1579,Atlas Stone Trainer,Strength,Back,None,Beginner,,1,0,0,0,1,0,0,0,0,0,0,1,0,0,0,0,1,0,0.0,0.2,0.6666666666666667
1580,Partner Flat-Bench Back Extension,Strength,Back,None,Beginner,"The partner bench back extensionis a clever way to perform this exercise, which works the spinal erectors in the lower back. There are machines and angled apparatus that allow this exercise to performed solo; but, lacking those, all you need is a bench and a workout partner.",1,0,0,0,1,0,0,0,0,0,0,1,0,0,0,0,1,0,0.0,0.2,0.0
1581,Keg Load,Strength,Back,None,Beginner,,1,0,0,0,1,0,0,0,0,0,0,1,0,0,0,0,1,0,0.0,0.2,0.0
1582,Partner bench back extension,Strength,Back,None,Beginner,"The partner bench back extension is a clever way to target the glutes and spinal erector muscles. There are machines and angled benches that allow this exercise to be performed solo, but, lacking those, all you need is a bench and a workout partner. It is usually performed for high reps as a burnout or accessory movement for lower-body training.",1,0,0,0,1,0,0,0,0,0,0,1,0,0,0,0,1,0,0.0,0.2,0.0
1583,Rack Pull - Gethin Variation,Strength,Back,None,Intermediate,"The rack pull is a variation of the deadlift performed from an elevated height, either using boxes, safety pins, or the safeties in a squat rack. It targets all the same muscles as the deadlift, including the glutes, hamstrings, upper back, lower back, and grip. It can e used to strengthen deadlift lockout, but also as a deadlift alternative for people who can’t deadlift from the floor without pain.",1,0,0,0,1,0,0,0,0,0,0,1,0,0,0,0,2,0,0.0,0.2,0.0
1584,Hex Bar Deadlift - Gethin Variation,Strength,Back,None,Intermediate,"The hex bar deadlift is a variety of deadlift performed in a hexagonal barbell also known as a trap bar. The bar is held with a parallel (palms in) grip outside of the legs. It is biomechanically different from a barbell deadlift in that it lines up with a lifter’s center of gravity, rather than placing it in front of their body. The trap bar deadlift can be trained in traditional strength and muscle-focused rep range, or for higher reps. It activates all of the same muscle groups as conventional or sumo deadlifts, including the glutes, quads, hamstring, lower back, lats, upper back, and grip.",1,0,0,0,1,0,0,0,0,0,0,1,0,0,0,0,2,1,0.0,0.6,0.0
1585,Holman Deadlift,Strength,Back,None,Intermediate,,1,0,0,0,1,0,0,0,0,0,0,1,0,0,0,0,2,1,0.0,0.6,0.0
1586,ACFT Low-handle trap bar deadlift,Strength,Back,None,Intermediate,"The low-handle trap bar deadlift is a variety of deadlift performed in a hexagonal barbell also known as a trap bar. This specific exercise is part of the new Army Combat Fitness Test or ACFT. The bar is held with a parallel (palms in) grip outside of the legs. It is biomechanically different from a barbell deadlift in that it lines up with a lifter's center of gravity, rather than placing the weight in front of their body. It activates all of the same muscle groups as conventional or sumo deadlifts, including the glutes, quads, hamstrings, lower back, lats, upper back, and grip.",1,0,0,0,1,0,0,0,0,0,0,1,0,0,0,0,2,1,0.0,0.6,0.0
1587,Neutral-grip lat pull-down,Strength,Back,Machine,Intermediate,"The neutral-grip lat pull-down is a variation on the lat pull-down that uses a handle with a neutral (palms facing in) grip. This arrangement helps to build lat width and target the upper lats. This movement is usually performed for moderate to high reps, such as 8-12 per set or higher, as part of an upper-body or back-focused workout.",1,0,0,0,1,0,0,0,0,0,0,0,0,0,0,1,2,0,0.0,0.2,0.0
1588,Seated cable deadlift,Strength,Back,Machine,Intermediate,"The seated cable deadlift is a version of the deadlift or hip hinge movement that is performed on a seated cable row machine. Similar to a stiff-legged deadlift or 45-degree back extension, it targets the muscles of the lower back, as well as the glutes and upper back to a lesser degree. It is usually utilized in higher rep ranges, at least 8-12 reps per set, on a back-focused muscle-building day, or as a deadlift accessory lift to strengthen the lower back.",1,0,0,0,1,0,0,0,0,0,0,0,0,0,0,1,2,1,0.0,0.6,0.0
1589,Cable stiff-legged deadlift,Strength,Back,Machine,Intermediate,"The cable stiff-legged deadlift is a lower-body exercise that mainly targets the hamstrings, while also benefiting the glutes using a proper hip-hinging motion.",1,0,0,0,1,0,0,0,0,0,0,0,0,0,0,1,2,1,0.0,0.6,0.0
1590,Single-leg cable stiff-legged deadlift,Strength,Back,Machine,Intermediate,"The single-leg cable stiff-legged deadlift is a lower-body exercise that mainly targets the hamstrings, while also benefiting the glutes using a proper hip-hinging motion. Training one leg at a time allows for working out imbalances.",1,0,0,0,1,0,0,0,0,0,0,0,0,0,0,1,2,1,0.0,0.6,0.0
1591,UNS Banded Dumbbell Romanian Deadlift,Strength,Back,Machine,Intermediate,,1,0,0,0,1,0,0,0,0,0,0,0,0,0,0,1,2,1,0.0,0.6,0.0
1592,Seated Back Extension,Strength,Back,Machine,Beginner,,1,0,0,0,1,0,0,0,0,0,0,0,0,0,0,1,1,0,0.0,0.2,0.8541666666666666
1593,Back extension,Strength,Back,None,Intermediate,"The back extension is an exercise used to build lower back strength that also targets the hamstrings and glutes. It is often performed on a 45-degree bench with the feet anchored. Unweighted back extensions are often performed for high reps, such as 15-20 reps or more, but the movement can also be performed with added weight in lower rep ranges, such as 8-12 reps per set.",1,0,0,0,1,0,0,0,0,0,0,1,0,0,0,0,2,0,0.0,0.2,0.9479166666666666
1594,Hyperextensions With No Hyperextension Bench,Strength,Back,None,Beginner,,1,0,0,0,1,0,0,0,0,0,0,1,0,0,0,0,1,0,0.0,0.2,0.9166666666666667
1595,Superman,Flexibility,Back,None,Intermediate,"The Superman is a bodyweight exercise that consists of isometric holds in an extended spine position. It targets the muscles of the posterior chain, including the muscles of the glutes, spinal erectors, and upper back. It can be performed as part of a dynamic warm-up, or for muscle activation or mobility anytime.",0,0,1,0,1,0,0,0,0,0,0,1,0,0,0,0,2,0,0.0,0.2,0.8645833333333335
1596,Hug A Ball,Flexibility,Back,None,Intermediate,,0,0,1,0,1,0,0,0,0,0,0,1,0,0,0,0,2,0,0.0,0.2,0.5625000000000001
1597,Child's pose,Flexibility,Back,None,Intermediate,Child’s pose is a traditional yoga pose that is also popular in fitness and strength training. It targets mobility of the thoracic spine and control of the vertebral column. It can be performed for time or reps as part of a dynamic warm-up or as a mobility or restorative exercise anytime. It can also work as part of a yoga or bodyweight sequence with other poses.,0,0,1,0,1,0,0,0,0,0,0,1,0,0,0,0,2,0,0.0,0.2,0.5520833333333334
1598,Pelvic Tilt Into Bridge,Flexibility,Back,None,Intermediate,,0,0,1,0,1,0,0,0,0,0,0,1,0,0,0,0,2,0,0.0,0.2,0.53125
1599,Hug Knees To Chest,Flexibility,Back,None,Intermediate,,0,0,1,0,1,0,0,0,0,0,0,1,0,0,0,0,2,0,0.0,0.2,0.45833333333333337
1600,Pyramid,Flexibility,Back,None,Intermediate,,0,0,1,0,1,0,0,0,0,0,0,1,0,0,0,0,2,0,0.0,0.2,0.10416666666666667
1601,Partner Superman with alternating high-five,Strength,Back,None,Beginner,"The partner Superman with alternating high-five is an exercise in which both partners perform isometric holds for reps, high-fiving each other in between. It targets the muscles of the posterior chain, including the muscles of the glutes, spinal erectors, and upper back. It can be performed as part of a dynamic warm-up, or as part of a core or back-focused workout or finisher.",1,0,0,0,1,0,0,0,0,0,0,1,0,0,0,0,1,0,0.0,0.2,0.0
1602,Yoga plex,Flexibility,Back,None,Intermediate,"The yoga plex is a stretch that combines elements of the downward facing dog yoga pose with the “world’s greatest stretch.” It is most commonly performed as part of a dynamic warm-up, to limber up muscles from head to toe, raise the body’s core temperature, and mobilize the hips, upper back, and shoulders.",0,0,1,0,1,0,0,0,0,0,0,1,0,0,0,0,2,0,0.0,0.2,0.0
1603,TBS Back Extension,Strength,Back,None,Intermediate,"The back extension is an exercise used to build lower back strength that also targets the hamstrings and glutes. It is often performed on a 45-degree bench with the feet anchored. Unweighted back extensions are often performed for high reps, such as 15-20 reps or more, but the movement can also be performed with added weight in lower rep ranges, such as 8-12 reps per set.",1,0,0,0,1,0,0,0,0,0,0,1,0,0,0,0,2,0,0.0,0.2,0.0
1604,Lower Back Stretch - Yates Variation,Strength,Back,None,Intermediate,"The lying cross-over lower back stretch is a simple bodyweight stretch targeting the lower back, hips, and torso. It involves rotating the legs while lying flat on the back. It is commonly included in dynamic warm-ups, but can also be performed as full-body mobility work anytime.",1,0,0,0,1,0,0,0,0,0,0,1,0,0,0,0,2,0,0.0,0.2,0.0
1605,Hyperextension - Gethin Variation,Strength,Back,None,Intermediate,"The back extension is an exercise used to build lower back strength that also targets the hamstrings and glutes. It is often performed on a 45-degree bench with the feet anchored. Unweighted back extensions are often performed for high reps, such as 15-20 reps or more, but the movement can also be performed with added weight in lower rep ranges, such as 8-12 reps per set.",1,0,0,0,1,0,0,0,0,0,0,1,0,0,0,0,2,0,0.0,0.2,0.0
1606,Back Extension - Gethin Variation,Strength,Back,None,Intermediate,"The back extension is an exercise used to build lower back strength that also targets the hamstrings and glutes. It is often performed on a 45-degree bench with the feet anchored. Unweighted back extensions are often performed for high reps, such as 15-20 reps or more, but the movement can also be performed with added weight in lower rep ranges, such as 8-12 reps per set.",1,0,0,0,1,0,0,0,0,0,0,1,0,0,0,0,2,0,0.0,0.2,0.0
1607,HM Banana Stretch,Strength,Back,None,Intermediate,,1,0,0,0,1,0,0,0,0,0,0,1,0,0,0,0,2,0,0.0,0.2,0.0
1608,HM T-Spine Stretch on Wall,Flexibility,Back,None,Intermediate,,0,0,1,0,1,0,0,0,0,0,0,1,0,0,0,0,2,0,0.0,0.2,0.0
1609,HM Child's Pose,Strength,Back,None,Intermediate,,1,0,0,0,1,0,0,0,0,0,0,1,0,0,0,0,2,0,0.0,0.2,0.0
1610,HM Cobra,Strength,Back,None,Intermediate,,1,0,0,0,1,0,0,0,0,0,0,1,0,0,0,0,2,0,0.0,0.2,0.0
1611,HM Cobra With Arm Retraction,Strength,Back,None,Intermediate,,1,0,0,0,1,0,0,0,0,0,0,1,0,0,0,0,2,0,0.0,0.2,0.0
1612,HM Dive-Bomber,Strength,Back,None,Intermediate,,1,0,0,0,1,0,0,0,0,0,0,1,0,0,0,0,2,0,0.0,0.2,0.0
1613,HM Downward-Facing Dog Pose,Strength,Back,None,Intermediate,,1,0,0,0,1,0,0,0,0,0,0,1,0,0,0,0,2,0,0.0,0.2,0.0
1614,HM Downward Dog To Left Leg Extension To Warrior Pose,Strength,Back,None,Intermediate,,1,0,0,0,1,0,0,0,0,0,0,1,0,0,0,0,2,0,0.0,0.2,0.0
1615,HM Downward Dog To Right Leg Extension To Warrior Pose,Strength,Back,None,Intermediate,,1,0,0,0,1,0,0,0,0,0,0,1,0,0,0,0,2,0,0.0,0.2,0.0
1616,HM Spine Twist,Strength,Back,None,Intermediate,,1,0,0,0,1,0,0,0,0,0,0,1,0,0,0,0,2,0,0.0,0.2,0.0
1617,HM Good Morning,Strength,Back,None,Intermediate,,1,0,0,0,1,0,0,0,0,0,0,1,0,0,0,0,2,0,0.0,0.2,0.0
1618,HM Rag Doll,Strength,Back,None,Intermediate,,1,0,0,0,1,0,0,0,0,0,0,1,0,0,0,0,2,0,0.0,0.2,0.0
1619,HM Upward-Facing Dog Pose,Strength,Back,None,Intermediate,,1,0,0,0,1,0,0,0,0,0,0,1,0,0,0,0,2,0,0.0,0.2,0.0
1620,Superman-,Strength,Back,None,Intermediate,"The Superman is a bodyweight exercise that consists of isometric holds in an extended spine position. It targets the muscles of the posterior chain, including the muscles of the glutes, spinal erectors, and upper back. It can be performed as part of a dynamic warm-up, or for muscle activation or mobility anytime.",1,0,0,0,1,0,0,0,0,0,0,1,0,0,0,0,2,0,0.0,0.2,0.0
1621,Weighted back extension,Strength,Back,None,Intermediate,"The weighted back extension is an exercise targeting the spinal erectors, as well as the glutes and hamstrings. Back extensions are often done for high reps without weight, but when done with weight, they can be an excellent accessory movement for deadlift strength as well as an overall posterior-chain strength builder. Because your back is the limiting factor, it's still an exercise that is usually done for moderate to high reps, such as 8-12 reps per set or higher. You can weight it with a plate or by holding a dumbbell or other weight in your hands.",1,0,0,0,1,0,0,0,0,0,0,1,0,0,0,0,2,0,0.0,0.2,0.0
1622,MetaBurn Alternating Superman,Strength,Back,None,Intermediate,,1,0,0,0,1,0,0,0,0,0,0,1,0,0,0,0,2,0,0.0,0.2,0.0
1623,MetaBurn Swimmer,Strength,Back,None,Intermediate,,1,0,0,0,1,0,0,0,0,0,0,1,0,0,0,0,2,0,0.0,0.2,0.0
1624,Dancer's Stretch,Flexibility,Back,None,Beginner,,0,0,1,0,1,0,0,0,0,0,0,1,0,0,0,0,1,0,0.0,0.2,0.5625000000000001
1625,Cat Stretch,Flexibility,Back,None,Beginner,,0,0,1,0,1,0,0,0,0,0,0,1,0,0,0,0,1,0,0.0,0.2,0.5104166666666667
1626,Crossover Reverse Lunge,Flexibility,Back,None,Beginner,,0,0,1,0,1,0,0,0,0,0,0,1,0,0,0,0,1,0,0.0,0.2,0.40625
1627,Standing Pelvic Tilt,Flexibility,Back,None,Beginner,,0,0,1,0,1,0,0,0,0,0,0,1,0,0,0,0,1,0,0.0,0.2,0.3229166666666667
1628,Exercise ball weighted hyperextension,Strength,Back,None,Beginner,"The exercise ball weighted hyperextension is an exercise that strengthens the lower back. If balance is an issue, have someone hold your feet.",1,0,0,0,1,0,0,0,0,0,0,1,0,0,0,0,1,0,0.0,0.2,0.8645833333333335
1629,Exercise ball rear delt fly,Strength,Back,None,Intermediate,"The exercise ball rear delt fly is a dumbbell exercise targeting the rear heads of the shoulders, as well as the muscles of the upper-middle back. Lying prone on an exercise ball offers support to perform the movement. It is generally performed for moderate to high reps as a part of upper body or shoulder training.",1,0,0,0,1,0,0,0,0,0,0,1,0,0,0,0,2,0,0.0,0.2,0.0
1630,Lying rear delt Y,Strength,Back,None,Intermediate,"The lying rear delt Y works the shoulders, specifically the rear heads, as well as the lower trapezius muscles. At the top of the motion, the arms and torso form a Y—hence the name. Shoulder Y variations are usually performed with light weights as a warm-up or prehab movement for upper-body training, or as a burnout on shoulder day.",1,0,0,0,1,0,0,0,0,0,0,1,0,0,0,0,2,0,0.0,0.2,0.0
1631,Partner Facing Feet-Elevated Side Plank With Band Row,Strength,Back,Bands,Beginner,,1,0,0,0,1,0,0,0,0,0,0,0,1,0,0,0,1,1,0.7,0.2,0.0
1632,Partner side plank band row,Strength,Back,Bands,Intermediate,The partner side plank band row is an abdominal exercise where two partners perform side planks while pulling on the opposite ends of an exercise band. This technique can be done for time or reps in any ab-focused workout.,1,0,0,0,1,0,0,0,0,0,0,0,1,0,0,0,2,1,0.7,0.2,0.0
1633,Band-assisted chin-up,Strength,Back,Bands,Intermediate,"The band-assisted chin-up is a variation of the pull-up exercise in which the reps are performed with the palms facing toward the body in an underhand position, with a band looped around the feet or knees. This reduces weight and resistance at the bottom of the rep, while increasing it toward the top. Like other pull-up variations, it builds strength and muscle in the upper back, biceps, and core, but it utilizes the biceps slightly more than overhand band-assisted pull-ups.",1,0,0,0,1,0,0,0,0,0,0,0,1,0,0,0,2,0,0.0,0.2,0.0
1634,30 Back Band-Assisted Pull-Up,Strength,Back,Bands,Intermediate,,1,0,0,0,1,0,0,0,0,0,0,0,1,0,0,0,2,1,0.0,0.2,0.0
1635,30 Back Reverse-Grip Band-Assisted Pull-Up,Strength,Back,Bands,Intermediate,,1,0,0,0,1,0,0,0,0,0,0,0,1,0,0,0,2,1,0.0,0.2,0.0
1636,Band bent-over row,Strength,Back,Bands,Intermediate,"The band bent-over row is an exercise to develop and strengthen the muscles of the upper and middle back, like the latissimus (lat), lower trapezius, and rear deltoids. Bands provide dynamic resistance and can work equally well in strength, muscle-building, or circuit-style fat-loss workouts.",1,0,0,0,1,0,0,0,0,0,0,0,1,0,0,0,2,1,0.7,0.2,0.0
1637,Heavy band bent-over row,Strength,Back,Bands,Intermediate,"The heavy band bent-over row is a variation of the popular barbell exercise to develop and strengthen the muscles of the upper and middle back, like the latissimus (lats), lower trapezius, and rear deltoids. It can work equally well in strength, muscle-building, or circuit-style fat-loss workouts.",1,0,0,0,1,0,0,0,0,0,0,0,1,0,0,0,2,1,0.7,0.2,0.0
1638,Reverse-grip bent-over row,Strength,Back,Barbell,Intermediate,"The reverse-grip bent-over row is a compound exercise used to build strength and size in both the lower and upper back. It targets nearly all of the muscles in the back, but particularly the lats, rhomboids, and lower back. It is thought to target the biceps and lats a bit more directly than overhand barbell rows. Because it can be loaded heavily, it is a popular movement in strength and muscle-focused upper-body workouts.",1,0,0,0,1,0,0,0,0,0,0,0,0,1,0,0,2,1,0.7,0.2,0.9583333333333333
1639,One-Arm Long Bar Row,Strength,Back,Barbell,Intermediate,"The single-arm landmine bent-over row is a barbell exercise focused on the muscles of the middle back, such as the lats (latissimus dorsi) and rhomboids. It also targets the biceps and grip. It utilizes a landmine device which anchors one end of the barbell near the ground, but could also be approximated by placing the barbell in the corner of a room.",1,0,0,0,1,0,0,0,0,0,0,0,0,1,0,0,2,1,0.7,0.2,0.9375
1640,Bent Over Barbell Row,Strength,Back,Barbell,Intermediate,"The barbell bent-over row is a compound exercise used to build strength and size in both the lower and upper back. It targets nearly all of the muscles in the back, but particularly the lats, rhomboids, and lower back. It is commonly utilized as an accessory movement for the deadlift in powerlifting, but is also popular in strength and muscle-focused upper-body workouts.",1,0,0,0,1,0,0,0,0,0,0,0,0,1,0,0,2,1,0.7,0.2,0.90625
1641,Yates Row Reverse Grip,Strength,Back,Barbell,Beginner,,1,0,0,0,1,0,0,0,0,0,0,0,0,1,0,0,1,1,0.7,0.2,0.8645833333333335
1642,Pendlay Row,Strength,Back,Barbell,Intermediate,"The Pendlay row, named after the well-known strength coach Glenn Pendlay, is a bent-over row variation where each rep starts with the barbell resting on the ground. This eliminates the stretch reflex and forces the lifter to pull with power and a bent-over spine. The Pendlay row can be performed heavy for low reps, but is usually performed for moderate reps, such as 5-8 per set.",1,0,0,0,1,0,0,0,0,0,0,0,0,1,0,0,2,1,0.7,0.2,0.8541666666666666
1643,Straight Bar Bench Mid Rows,Strength,Back,Barbell,Beginner,,1,0,0,0,1,0,0,0,0,0,0,0,0,1,0,0,1,1,0.7,0.2,0.6770833333333334
1644,Barbell seal row,Strength,Back,Barbell,Intermediate,"The barbell seal row is a weighted exercise targeting the muscles of the middle back, including the lats (latissimus dorsi) and rhomboids. It can be performed on a special elevated bench, on a bench placed on top of boxes or benches, or on a bench with a slight incline. The higher the bench, the greater the range of motion and stretch at the bottom of the movement. It is usually performed as an assistance movement for back strength and muscle growth, in rep ranges of 8-12 reps per set or higher.",1,0,0,0,1,0,0,0,0,0,0,0,0,1,0,0,2,1,0.7,0.2,0.6458333333333334
1645,Yates Row,Strength,Back,Barbell,Beginner,,1,0,0,0,1,0,0,0,0,0,0,0,0,1,0,0,1,1,0.7,0.2,0.0
1646,Plate Row,Strength,Back,Barbell,Beginner,,1,0,0,0,1,0,0,0,0,0,0,0,0,1,0,0,1,1,0.7,0.2,0.0
1647,Barbell Deadlift Bent Row Complex,Strength,Back,Barbell,Beginner,"The barbell deadlift bent-over row complex combines two movements to target the posterior chain. It requires using a lighter weight than you could handle for heavy deadlifts alone, but doubles down on activation in the upper back, lower back, and glutes.",1,0,0,0,1,0,0,0,0,0,0,0,0,1,0,0,1,1,0.7,0.6,0.0
1648,Single-Arm Landmine Row,Strength,Back,Barbell,Beginner,,1,0,0,0,1,0,0,0,0,0,0,0,0,1,0,0,1,1,0.7,0.2,0.0
1649,TBS T-Bar Row,Strength,Back,Barbell,Intermediate,,1,0,0,0,1,0,0,0,0,0,0,0,0,1,0,0,2,1,0.7,0.2,0.0
1650,TBS Deficit Deadlift,Strength,Back,Barbell,Intermediate,The barbell deficit deadlift is a compound exercise targeting the posterior chain.,1,0,0,0,1,0,0,0,0,0,0,0,0,1,0,0,2,1,0.0,0.6,0.0
1651,Bent-Over Barbell Row - Gethin Variation,Strength,Back,Barbell,Intermediate,"The barbell bent-over row is a compound exercise used to build strength and size in both the lower and upper back. It targets nearly all of the muscles in the back, but particularly the lats, rhomboids, and lower back. It is commonly utilized as an accessory movement for the deadlift in powerlifting, but is also popular in strength and muscle-focused upper-body workouts.",1,0,0,0,1,0,0,0,0,0,0,0,0,1,0,0,2,1,0.7,0.2,0.0
1652,Barbell bent-over row,Strength,Back,Barbell,Intermediate,"The barbell bent-over row is a compound exercise used to build strength and size in both the lower and upper back. It targets nearly all of the muscles in the back, but particularly the lats, rhomboids, and lower back. It is commonly utilized as an accessory movement for the deadlift in powerlifting, but is also popular in strength and muscle-focused upper-body workouts.",1,0,0,0,1,0,0,0,0,0,0,0,0,1,0,0,2,1,0.7,0.2,0.0
1653,UN Barbell Rack Pull,Strength,Back,Barbell,Intermediate,,1,0,0,0,1,0,0,0,0,0,0,0,0,1,0,0,2,0,0.0,0.2,0.0
1654,UN Barbell Scrape The Rack,Strength,Back,Barbell,Intermediate,,1,0,0,0,1,0,0,0,0,0,0,0,0,1,0,0,2,0,0.0,0.2,0.0
1655,Barbell deadlift bent-over row complex,Strength,Back,Barbell,Intermediate,"The barbell deadlift bent-over row complex combines two movements to target the posterior chain. It requires using a lighter weight than you could handle for heavy deadlifts alone, but doubles down on activation in the upper back, lower back, and glutes.",1,0,0,0,1,0,0,0,0,0,0,0,0,1,0,0,2,1,0.7,0.6,0.0
1656,30 Back Barbell Deadlift,Strength,Back,Barbell,Intermediate,,1,0,0,0,1,0,0,0,0,0,0,0,0,1,0,0,2,1,0.0,0.6,0.0
1657,30 Back Bent-Over Barbell Row,Strength,Back,Barbell,Intermediate,,1,0,0,0,1,0,0,0,0,0,0,0,0,1,0,0,2,1,0.7,0.2,0.0
1658,30 Back T-Bar Row,Strength,Back,Barbell,Intermediate,,1,0,0,0,1,0,0,0,0,0,0,0,0,1,0,0,2,1,0.7,0.2,0.0
1659,30 Back Underhand Bent-Over Barbell Row,Strength,Back,Barbell,Intermediate,,1,0,0,0,1,0,0,0,0,0,0,0,0,1,0,0,2,1,0.7,0.2,0.0
1660,Kettlebell alternating renegade row,Strength,Back,Dumbbell,Intermediate,"The kettlebell alternating renegade row combines rowing and core training into a single difficult movement. It's popular in time-efficient strength and muscle-building workouts, as well as in circuit-style training.",1,0,0,0,1,0,0,0,0,0,0,0,0,0,1,0,2,1,0.7,0.2,0.8854166666666667
1661,Alternating Kettlebell Row,Strength,Back,Dumbbell,Intermediate,,1,0,0,0,1,0,0,0,0,0,0,0,0,0,1,0,2,1,0.7,0.2,0.8229166666666667
1662,Two-Arm Kettlebell Row,Strength,Back,Dumbbell,Beginner,,1,0,0,0,1,0,0,0,0,0,0,0,0,0,1,0,1,1,0.7,0.2,0.7604166666666666
1663,Kettlebell bent-over row to clean,Strength,Back,Dumbbell,Intermediate,"The kettlebell bent-over row to clean is a combination kettlebell exercise that targets many of the muscles of the upper body including the lats (latissimus dorsi), biceps, shoulders, and core. It also strengthens and trains power output of the lower body. It can be done for reps or for time as a strength or muscle-focused complex, or in circuit-style training for conditioning or fat loss.",1,0,0,0,1,0,0,0,0,0,0,0,0,0,1,0,2,1,0.7,0.2,0.0
1664,UP Deficit Kettlebell Stiff-Legged Deadlift,Strength,Back,Dumbbell,Intermediate,"The kettlebell deficit deadlift is a more advanced version of the kettlebell deadlift movement that is performed standing on steps or boxes. It can be done to build strength or hip mobility for squats or deadlifts, in high reps or in more traditional strength and muscle-focused rep ranges.",1,0,0,0,1,0,0,0,0,0,0,0,0,0,1,0,2,1,0.0,0.6,0.0
1665,FYR2 Dagger-Grip Double-Kettlebell Gorilla Row,Strength,Back,Dumbbell,Intermediate,,1,0,0,0,1,0,0,0,0,0,0,0,0,0,1,0,2,1,0.7,0.2,0.0
1666,FYR2 Double-Kettlebell Swing Clean,Strength,Back,Dumbbell,Intermediate,,1,0,0,0,1,0,0,0,0,0,0,0,0,0,1,0,2,1,0.0,0.2,0.0
1667,Single-arm kettlebell row-,Strength,Back,Dumbbell,Intermediate,"The single-arm kettlebell row is a popular muscle- and strength-building exercise that works the muscles of the back and core simultaneously. It has all the same benefits as a single-arm dumbbell row, but some people find a kettlebell more comfortable to hold during the movement.",1,0,0,0,1,0,0,0,0,0,0,0,0,0,1,0,2,1,0.7,0.2,0.0
1668,FYR2 Ascending-Rep Swing-Squat Complex,Strength,Back,Dumbbell,Intermediate,,1,0,0,0,1,0,0,0,0,0,0,0,0,0,1,0,2,1,0.0,0.2,0.0
1669,One-Arm Dumbbell Row,Strength,Back,Dumbbell,Intermediate,"The single-arm bench dumbbell row is a popular exercise for building the latissimus dorsi, or lat, muscles of the back. The bench is used for support during the rowing motion.",1,0,0,0,1,0,0,0,0,0,0,0,0,0,1,0,2,1,0.7,0.2,0.9375
1670,Incline dumbbell row,Strength,Back,Dumbbell,Intermediate,"The incline dumbbell row is an upper-body exercise targeting the lats (latissimus dorsi) and upper-back muscles, as well as the biceps. Performing it on an incline bench helps target the lower lats in particular. Dumbbell row variations are usually performed for moderate to high reps, such as 8-12 reps per set or more, as part of the upper-body or back-focused portion of a workout.",1,0,0,0,1,0,0,0,0,0,0,0,0,0,1,0,2,1,0.7,0.2,0.9166666666666667
1671,Bent Over Two-Dumbbell Row With Palms In,Strength,Back,Dumbbell,Beginner,,1,0,0,0,1,0,0,0,0,0,0,0,0,0,1,0,1,1,0.7,0.2,0.9166666666666667
1672,Man-maker,Strength,Back,Dumbbell,Intermediate,"The man-maker is a sequence of exercises combining a dumbbell front squat, military press, renegade row, and sprawl. Between these movements it challenges muscles across the body, along with the cardiovascular system. It can be performed for rounds or for time as a single full-body exercise or as part of a fat-loss or athleticism-focused workout.",1,0,0,0,1,0,0,0,0,0,0,0,0,0,1,0,2,0,0.0,0.2,0.8750000000000001
1673,Dumbbell bent-over row,Strength,Back,Dumbbell,Intermediate,"The dumbbell bent-over row is a popular exercise to develop and strengthen the muscles of the upper and middle back, like the latissimus (lat), lower trapezius, and rear deltoids. It can work equally well in strength, muscle-building, or circuit-style fat-loss workouts.",1,0,0,0,1,0,0,0,0,0,0,0,0,0,1,0,2,1,0.7,0.2,0.8645833333333335
1674,Middle Back Shrug,Strength,Back,Dumbbell,Beginner,,1,0,0,0,1,0,0,0,0,0,0,0,0,0,1,0,1,0,0.0,0.2,0.8645833333333335
1675,Dumbbell pull-over to skullcrusher,Strength,Back,Dumbbell,Intermediate,"The dumbbell pull-over to skullcrusher is a complex that combines two popular exercises into one sequence that works much of the upper body, particularly the chest, triceps, and serratus anterior muscles. Because the pull-over will determine the amount of weight you can use, this movement is usually performed for moderate to high reps, such as 8-12 reps per set or more, as part of the upper-body portion of a workout.",1,0,0,0,1,0,0,0,0,0,0,0,0,0,1,0,2,0,0.0,0.2,0.0
1676,Dumbbell Fix Single-Arm Dumbbell Row,Strength,Back,Dumbbell,Intermediate,,1,0,0,0,1,0,0,0,0,0,0,0,0,0,1,0,2,1,0.7,0.2,0.0
1677,Dumbbell Fix Bent-Over Dumbbell Row,Strength,Back,Dumbbell,Intermediate,,1,0,0,0,1,0,0,0,0,0,0,0,0,0,1,0,2,1,0.7,0.2,0.0
1678,Dumbbell Seal Row - Gethin Variation,Strength,Back,Dumbbell,Intermediate,"The dumbbell seal row is a weighted exercise targeting the muscles of the middle back, including the lats (latissimus dorsi) and rhomboids. It can be performed on a special elevated bench, on a bench placed on top of boxes or benches, or on a bench with a slight incline. The higher the bench, the greater the range of motion and stretch at the bottom of the movement. It is usually performed as an assistance movement for back strength and muscle growth, in rep ranges of 8-12 reps per set or higher.",1,0,0,0,1,0,0,0,0,0,0,0,0,0,1,0,2,1,0.7,0.2,0.0
1679,Decline dumbbell chest fly,Strength,Back,Dumbbell,Intermediate,"The decline dumbbell chest fly is an upper-body exercise targeting the muscles of the chest, particularly the lower chest. It will require less weight than a decline press, which makes it a great hypertrophy exercise with high reps. Fly variations are usually performed for moderate to high reps, such as 8-12 reps per set or more.",1,0,0,0,1,0,0,0,0,0,0,0,0,0,1,0,2,0,0.0,0.2,0.0
1680,TBS Bent-Over Dumbbell Row,Strength,Back,Dumbbell,Intermediate,"The dumbbell bent-over row is a popular exercise to develop and strengthen the muscles of the upper and middle back, like the latissimus (lat), lower trapezius, and rear deltoids. It can work equally well in strength, muscle-building, or circuit-style fat-loss workouts.",1,0,0,0,1,0,0,0,0,0,0,0,0,0,1,0,2,1,0.7,0.2,0.0
1681,HM Alternating Bent-Over Quick Row,Strength,Back,Dumbbell,Intermediate,,1,0,0,0,1,0,0,0,0,0,0,0,0,0,1,0,2,1,0.7,0.2,0.0
1682,HM Bent-Over Dumbbell Row,Strength,Back,Dumbbell,Intermediate,,1,0,0,0,1,0,0,0,0,0,0,0,0,0,1,0,2,1,0.7,0.2,0.0
1683,AM Single Arm Row,Strength,Back,Dumbbell,Intermediate,"The single-arm bench dumbbell row is a popular exercise for building the latissimus dorsi, or lat, muscles of the back. The bench is used for support during the rowing motion.",1,0,0,0,1,0,0,0,0,0,0,0,0,0,1,0,2,1,0.7,0.2,0.0
1684,Dumbbell stiff-legged deadlift,Strength,Back,Dumbbell,Intermediate,"The dumbbell stiff-legged deadlift is a dumbbell exercise that targets the hamstrings, glutes, lower and upper back, and core. The difference between a stiff-legged deadlift and a Romanian deadlift is primarily the amount of knee bend. The knees are only slightly bent in a stiff-legged deadlift, while they bend more in a Romanian deadlift. Stiff-legged deadlifts are generally performed for low to moderate reps, such as 8-10 reps per set, with a focus on maximizing the hamstring stretch rather than moving heavy weight. Feel free to wear a weight belt to protect your lower back.",1,0,0,0,1,0,0,0,0,0,0,0,0,0,1,0,2,1,0.0,0.6,0.0
1685,Single-arm bench dumbbell row,Strength,Back,Dumbbell,Intermediate,"The single-arm bench dumbbell row is a popular exercise for building the latissimus dorsi, or lat, muscles of the back. The bench is used for support during the rowing motion.",1,0,0,0,1,0,0,0,0,0,0,0,0,0,1,0,2,1,0.7,0.2,0.0
1686,UN Bent-Over Dumbbell Row,Strength,Back,Dumbbell,Intermediate,,1,0,0,0,1,0,0,0,0,0,0,0,0,0,1,0,2,1,0.7,0.2,0.0
1687,UN Dumbbell RDL,Strength,Back,Dumbbell,Intermediate,,1,0,0,0,1,0,0,0,0,0,0,0,0,0,1,0,2,0,0.0,0.2,0.0
1688,UN Chest Supported Row,Strength,Back,Dumbbell,Intermediate,,1,0,0,0,1,0,0,0,0,0,0,0,0,0,1,0,2,1,0.7,0.2,0.0
1689,MetaBurn Bent-Over Renegade Row,Strength,Back,Dumbbell,Intermediate,,1,0,0,0,1,0,0,0,0,0,0,0,0,0,1,0,2,1,0.7,0.2,0.0
1690,30 Back Bent-Over Dumbbell Row,Strength,Back,Dumbbell,Intermediate,,1,0,0,0,1,0,0,0,0,0,0,0,0,0,1,0,2,1,0.7,0.2,0.0
1691,30 Back Dumbbell Pull-Over,Strength,Back,Dumbbell,Intermediate,,1,0,0,0,1,0,0,0,0,0,0,0,0,0,1,0,2,0,0.0,0.2,0.0
1692,30 Back Incline Dumbbell Row,Strength,Back,Dumbbell,Intermediate,,1,0,0,0,1,0,0,0,0,0,0,0,0,0,1,0,2,1,0.7,0.2,0.0
1693,30 Back Single-Arm Dumbbell Row,Strength,Back,Dumbbell,Intermediate,,1,0,0,0,1,0,0,0,0,0,0,0,0,0,1,0,2,1,0.7,0.2,0.0
1694,30 Back Single-Arm Dumbbell Swing Row,Strength,Back,Dumbbell,Intermediate,,1,0,0,0,1,0,0,0,0,0,0,0,0,0,1,0,2,1,0.7,0.2,0.0
1695,T-Bar Row with Handle,Strength,Back,None,Intermediate,,1,0,0,0,1,0,0,0,0,0,0,1,0,0,0,0,2,1,0.7,0.2,0.9895833333333334
1696,T-Bar Row,Strength,Back,None,Intermediate,,1,0,0,0,1,0,0,0,0,0,0,1,0,0,0,0,2,1,0.7,0.2,0.9270833333333334
1697,Alternating sit-through with crunch,Strength,Back,None,Intermediate,"The alternating sit-through with crunch is a full-body movement that starts in a bear crawl position and ends with a leg kicked out to the side. In between reps, you perform a crunch. It is commonly performed for reps or time in bodyweight circuits and animal-style flows, but can also work on its own or as part of a dynamic warm-up or mobility sequence.",1,0,0,0,1,0,0,0,0,0,0,1,0,0,0,0,2,0,0.7,0.2,0.9270833333333334
1698,Seated Cable Rows,Strength,Back,Machine,Intermediate,"The cable seated row is a popular exercise to train the muscles of the upper back, including the lats (latissimus dorsi), traps, rhomboids, and rear deltoids, using a cable stack. It also targets the biceps to a lesser degree. The cable row can work well in a variety of rep-ranges, but is most popular in muscle-building workouts or as an accessory movement for strength workouts.",1,0,0,0,1,0,0,0,0,0,0,0,0,0,0,1,2,1,0.7,0.2,0.9166666666666667
1699,Upside-down pull-up,Strength,Back,None,Intermediate,"The upside-down pull-up is an advanced bodyweight exercise that is normally performed on a pair of gymnastic rings. It involves pulling the body toward the ceiling in an inverted position. It targets the same muscles as traditional pull-ups, including the lats (latissimus dorsi), biceps, and core. However, the pulling angle is more akin to a bent-over row or upright row, depending on the angle of your hips.",1,0,0,0,1,0,0,0,0,0,0,1,0,0,0,0,2,1,0.0,0.2,0.9166666666666667
1700,Smith machine inverted row,Strength,Back,None,Intermediate,"The Smith machine inverted row is a bodyweight exercise targeting the muscles of the lats (latissimus dorsi) and upper back, using the bar of the Smith machine to hang and pull from. You can change the bar height to customize the difficulty level and desired angle of the row. This variation is usually performed for moderate to high reps, such as 8-12 reps per set or more.",1,0,0,0,1,0,0,0,0,0,0,1,0,0,0,0,2,1,0.7,0.2,0.8541666666666666
1701,Lying T-Bar Row,Strength,Back,None,Intermediate,,1,0,0,0,1,0,0,0,0,0,0,1,0,0,0,0,2,1,0.7,0.2,0.8229166666666667
1702,Suspended row,Strength,Back,None,Intermediate,"The suspended row is a bodyweight pulling exercise that focuses on the muscles of the middle and upper back, as well as the biceps. It can be trained in traditional muscle-building rep ranges or for higher reps. It can also work as part of a dynamic warm-up for a pressing or pulling-focused workout.",1,0,0,0,1,0,0,0,0,0,0,1,0,0,0,0,2,1,0.7,0.2,0.7916666666666666
1703,Inverted Row with Straps,Strength,Back,None,Beginner,,1,0,0,0,1,0,0,0,0,0,0,1,0,0,0,0,1,1,0.7,0.2,0.6666666666666667
1704,One Arm Chin-Up,Strength,Back,None,Beginner,,1,0,0,0,1,0,0,0,0,0,0,1,0,0,0,0,1,0,0.0,0.2,0.65625
1705,Sled Row,Strength,Back,None,Beginner,,1,0,0,0,1,0,0,0,0,0,0,1,0,0,0,0,1,1,0.7,0.2,0.0
1706,Paul Carter T-Bar Row,Strength,Back,None,Intermediate,,1,0,0,0,1,0,0,0,0,0,0,1,0,0,0,0,2,1,0.7,0.2,0.0
1707,Single-Arm Bent-Over Rear Delt Raise - Gethin Variation,Strength,Back,None,Intermediate,"The single-arm bent-over rear delt fly or rear delt raise is a popular upper-body exercise that targets the muscles on the back of the shoulder joint, specifically the rear head of the deltoid. Since pressing movements build the front and (to a lesser degree) side deltoid heads, this move is often done to promote balanced shoulder development. It is usually performed for high reps, such as 10-15 reps per set or more, as part of a shoulder or upper-body workout.",1,0,0,0,1,0,0,0,0,0,0,1,0,0,0,0,2,0,0.0,0.2,0.0
1708,30 Back Plate Hyperextension,Strength,Back,None,Intermediate,,1,0,0,0,1,0,0,0,0,0,0,1,0,0,0,0,2,0,0.0,0.2,0.0
1709,Seated Cable Rows,Strength,Back,Machine,Intermediate,"The cable seated row is a popular exercise to train the muscles of the upper back, including the lats (latissimus dorsi), traps, rhomboids, and rear deltoids, using a cable stack. It also targets the biceps to a lesser degree. The cable row can work well in a variety of rep-ranges, but is most popular in muscle-building workouts or as an accessory movement for strength workouts.",1,0,0,0,1,0,0,0,0,0,0,0,0,0,0,1,2,1,0.7,0.2,0.9166666666666667
1710,Single-arm cable seated row,Strength,Back,Machine,Intermediate,"The single-arm cable seated row is a version of the cable row movement that trains the muscles of the upper back one side at a time. It targets a wide range of muscles including the lats (latissimus dorsi), traps, rhomboids, and rear deltoids. It also targets the biceps to a lesser degree. The single-arm row can work well in a variety of rep ranges but is most popular in muscle-building workouts or as an accessory movement for strength workouts.",1,0,0,0,1,0,0,0,0,0,0,0,0,0,0,1,2,1,0.7,0.2,0.8854166666666667
1711,Paul Carter Lat Pull-Down,Strength,Back,Machine,Intermediate,"The lat pull-down is a cable-based exercise machine that’s ubiquitous in gyms around the world. This back builder is easy to learn and highly effective, allowing for variable resistance depending on where you place the pin in the stack.",1,0,0,0,1,0,0,0,0,0,0,0,0,0,0,1,2,0,0.0,0.2,0.0
1712,TBS Lat Pull-Down,Strength,Back,Machine,Intermediate,,1,0,0,0,1,0,0,0,0,0,0,0,0,0,0,1,2,0,0.0,0.2,0.0
1713,One-Arm Cable Read Delt Fly - Gethin Variation,Strength,Back,Machine,Intermediate,"The single-arm bent-over cable rear delt fly is an exercise targeting the rear deltoids. It is a great way to isolate this area of the shoulder and attack each side independently. It is usually performed for moderate to high reps, at least 8-12 reps per set, as part of an upper-body or shoulder-focused workout.",1,0,0,0,1,0,0,0,0,0,0,0,0,0,0,1,2,0,0.0,0.2,0.0
1714,UP Seated Cable Row,Strength,Back,Machine,Intermediate,"The cable seated row is a popular exercise to train the muscles of the upper back, including the lats (latissimus dorsi), traps, rhomboids, and rear deltoids, using a cable stack. It also targets the biceps to a lesser degree. The cable row can work well in a variety of rep-ranges, but is most popular in muscle-building workouts or as an accessory movement for strength workouts.",1,0,0,0,1,0,0,0,0,0,0,0,0,0,0,1,2,1,0.7,0.2,0.0
1715,UP Cable Straight-Arm Pull-Down,Strength,Back,Machine,Intermediate,"The straight-arm rope pull-down is a variation of the straight-arm lat pull-down performed using a cable stack machine and a rope grip. It can either be performed in an athletic upright stance, or slightly bent-over. It both stretches and contracts the muscles of the lats (latissimus dorsi) as well as providing additional activation to the other upper back muscles and the core. Because the triceps are also isometrically involved in the movement, it is usually performed for higher reps, like 8-15 reps or above.",1,0,0,0,1,0,0,0,0,0,0,0,0,0,0,1,2,0,0.0,0.2,0.0
1716,UN Cable Pull-Through,Strength,Back,Machine,Intermediate,,1,0,0,0,1,0,0,0,0,0,0,0,0,0,0,1,2,0,0.0,0.2,0.0
1717,30 Back Close-Grip Seated Cable Row,Strength,Back,Machine,Intermediate,,1,0,0,0,1,0,0,0,0,0,0,0,0,0,0,1,2,1,0.7,0.2,0.0
1718,30 Back Incline Face-Up Cable Pull-Down,Strength,Back,Machine,Intermediate,,1,0,0,0,1,0,0,0,0,0,0,0,0,0,0,1,2,0,0.0,0.2,0.0
1719,30 Back Kneeling High Cable Pull-Down,Strength,Back,Machine,Intermediate,,1,0,0,0,1,0,0,0,0,0,0,0,0,0,0,1,2,0,0.0,0.2,0.0
1720,30 Back Leaning V-Bar Pull-Down,Strength,Back,Machine,Intermediate,,1,0,0,0,1,0,0,0,0,0,0,0,0,0,0,1,2,0,0.0,0.2,0.0
1721,30 Back Reverse-Grip Pull-Down,Strength,Back,Machine,Intermediate,,1,0,0,0,1,0,0,0,0,0,0,0,0,0,0,1,2,0,0.0,0.2,0.0
1722,30 Back Standing Low Cable Bar Row,Strength,Back,Machine,Intermediate,,1,0,0,0,1,0,0,0,0,0,0,0,0,0,0,1,2,1,0.7,0.2,0.0
1723,30 Back Standing Low Cable Rope Row,Strength,Back,Machine,Intermediate,,1,0,0,0,1,0,0,0,0,0,0,0,0,0,0,1,2,1,0.7,0.2,0.0
1724,30 Back Straight-Arm Bar Pull-Down,Strength,Back,Machine,Intermediate,,1,0,0,0,1,0,0,0,0,0,0,0,0,0,0,1,2,0,0.0,0.2,0.0
1725,30 Back Straight-Arm Rope Pull-Down,Strength,Back,Machine,Intermediate,,1,0,0,0,1,0,0,0,0,0,0,0,0,0,0,1,2,0,0.0,0.2,0.0
1726,30 Back Wide-Grip Behind-The-Head Pull-Down,Strength,Back,Machine,Intermediate,,1,0,0,0,1,0,0,0,0,0,0,0,0,0,0,1,2,0,0.0,0.2,0.0
1727,30 Back Wide-Grip Pull-Down,Strength,Back,Machine,Intermediate,,1,0,0,0,1,0,0,0,0,0,0,0,0,0,0,1,2,0,0.0,0.2,0.0
1728,30 back Wide-Grip Seated Cable Row,Strength,Back,Machine,Intermediate,,1,0,0,0,1,0,0,0,0,0,0,0,0,0,0,1,2,1,0.7,0.2,0.0
1729,Rower,Cardio,Back,Machine,Intermediate,"The rower is a popular gym machine that is serious cardiovascular work, but also targets the legs, back, and arm muscles. It's a great way build overall aerobic and muscular fitness. It is popular in CrossFit-style workouts, but is also a staple in all types of gyms. It can be equally effective for HIIT-style interval workouts or for longer-duration endurance work.",0,1,0,0,1,0,0,0,0,0,0,0,0,0,0,1,2,1,0.8999999999999999,0.2,0.9270833333333334
1730,Seated Cable Rows,Strength,Back,Machine,Intermediate,"The cable seated row is a popular exercise to train the muscles of the upper back, including the lats (latissimus dorsi), traps, rhomboids, and rear deltoids, using a cable stack. It also targets the biceps to a lesser degree. The cable row can work well in a variety of rep-ranges, but is most popular in muscle-building workouts or as an accessory movement for strength workouts.",1,0,0,0,1,0,0,0,0,0,0,0,0,0,0,1,2,1,0.7,0.2,0.9166666666666667
1731,Smith machine bent-over row,Strength,Back,Machine,Intermediate,"The Smith machine bent-over row is an upper-body exercise targeting the muscles of the back, particularly the lats (latissimus dorsi). This movement can be programmed in low reps for strength or higher reps for muscle and strength endurance. It is often performed for moderate to high reps, such as 8-12 reps per set or more, as part of an upper-body or back-focused workout.",1,0,0,0,1,0,0,0,0,0,0,0,0,0,0,1,2,1,0.7,0.2,0.84375
1732,Leverage High Row,Strength,Back,Machine,Beginner,The machine high row is an exercise targeting the lats and works the back overall.,1,0,0,0,1,0,0,0,0,0,0,0,0,0,0,1,1,1,0.7,0.2,0.8229166666666667
1733,Machine Low Row,Strength,Back,Machine,Intermediate,The machine low row is an exercise targeting the back muscles.,1,0,0,0,1,0,0,0,0,0,0,0,0,0,0,1,2,1,0.7,0.2,0.0
1734,Standing lat pull-down,Strength,Back,Machine,Intermediate,"The standing lat pull-down is a variation of the lat pull-down performed standing next to a cable stack rather than sitting on a bench or machine. It has all of the same benefits of a lat pull-down performed on a bench or machine, in addition to providing further activation to the core and lower body. If you are too tall to perform this movement, a kneeling lat pull-down provides all of the same benefits.",1,0,0,0,1,0,0,0,0,0,0,0,0,0,0,1,2,0,0.0,0.2,0.0
1735,30 Back Machine Seated Row,Strength,Back,Machine,Intermediate,,1,0,0,0,1,0,0,0,0,0,0,0,0,0,0,1,2,1,0.7,0.2,0.0
1736,30 Back Smith Machine Push-Up,Strength,Back,Machine,Intermediate,,1,0,0,0,1,0,0,0,0,0,0,0,0,0,0,1,2,1,0.0,0.2,0.0
1737,Mixed Grip Chin,Strength,Back,None,Intermediate,,1,0,0,0,1,0,0,0,0,0,0,1,0,0,0,0,2,0,0.0,0.2,0.8541666666666666
1738,Rhomboids SMR,Flexibility,Back,None,Intermediate,"Rhomboids self-myofascial release (SMR) is a self-administered soft-tissue treatment for the upper body, usually using a foam roller, lacrosse ball, or other ""trigger point"" massage tool. By applying pressure strategically to the rhomboid muscles of the mid back, some people find they can cause this often painful and tight area to relax or ""release."" Rhomboids SMR is often accompanied by SMR on the lats, or by stretches that target the rhomboids or lats.",0,0,1,0,1,0,0,0,0,0,0,1,0,0,0,0,2,0,0.0,0.2,0.59375
1739,Spinal Stretch,Flexibility,Back,None,Intermediate,,0,0,1,0,1,0,0,0,0,0,0,1,0,0,0,0,2,0,0.0,0.2,0.5520833333333334
1740,Upper Back Stretch,Flexibility,Back,None,Intermediate,,0,0,1,0,1,0,0,0,0,0,0,1,0,0,0,0,2,0,0.0,0.2,0.43750000000000006
1741,Middle Back Stretch,Flexibility,Back,None,Intermediate,,0,0,1,0,1,0,0,0,0,0,0,1,0,0,0,0,2,0,0.0,0.2,0.3958333333333333
1742,TBS Pull-Up,Strength,Back,None,Intermediate,,1,0,0,0,1,0,0,0,0,0,0,1,0,0,0,0,2,1,0.0,0.2,0.0
1743,HM Angel Stretch,Strength,Back,None,Intermediate,,1,0,0,0,1,0,0,0,0,0,0,1,0,0,0,0,2,0,0.0,0.2,0.0
1744,UNS Foam Roll Upper Back,Strength,Back,None,Intermediate,,1,0,0,0,1,0,0,0,0,0,0,1,0,0,0,0,2,0,0.0,0.2,0.0
1745,30 Back Neutral-Grip Pull-Down,Strength,Back,None,Intermediate,,1,0,0,0,1,0,0,0,0,0,0,1,0,0,0,0,2,0,0.0,0.2,0.0
1746,30 Back Pull-Up,Strength,Back,None,Intermediate,,1,0,0,0,1,0,0,0,0,0,0,1,0,0,0,0,2,1,0.0,0.2,0.0
1747,30 Back Reverse-Grip Pull-Up,Strength,Back,None,Intermediate,,1,0,0,0,1,0,0,0,0,0,0,1,0,0,0,0,2,1,0.0,0.2,0.0
1748,ACFT Medicine ball overhead power throw,Strength,Back,None,Intermediate,"The medicine ball overhead power throw is an explosive exercise targeting the abdominals and hips. This specific exercise is part of the new Army Combat Fitness Test or ACFT. It can be performed for lower reps with a focus on power or for higher reps with a focus on fat loss and conditioning. It begins in a semi-squat position holding a medicine ball, which then gets ""scooped"" up and thrown overhead in one continuous movement.",1,0,0,0,1,0,0,0,0,0,0,1,0,0,0,0,2,1,0.7,0.2,0.0
1749,Upright Row - With Bands,Strength,Back,Bands,Beginner,,1,0,0,0,1,0,0,0,0,0,0,0,1,0,0,0,1,1,0.7,0.2,0.8125
1750,Band seated row,Strength,Back,Bands,Intermediate,"The band seated row is a band alternative to the popular cable exercise and trains the muscles of the upper back, including the lats (latissimus dorsi), traps, rhomboids, and rear deltoids. It also targets the biceps to a lesser degree. The band row can work well in a variety of rep ranges, requiring a heavier band for muscle-building and strength workouts and a lighter band for weight-loss work and as an accessory movement.",1,0,0,0,1,0,0,0,0,0,0,0,1,0,0,0,2,1,0.7,0.2,0.0
1751,Barbell shrug,Strength,Back,Barbell,Intermediate,"The barbell shrug is an exercise targeting the traps (trapezius muscles). It is popular in strength and muscle-focused upper-body training, and is often trained on a shoulder day. With the assistance of straps, it can be loaded heavily, but it is still usually performed for moderate to high reps, such as 8-10 reps per set.",1,0,0,0,1,0,0,0,0,0,0,0,0,1,0,0,2,0,0.0,0.2,0.8750000000000001
1752,Barbell behind-the-back shrug,Strength,Back,Barbell,Intermediate,"The barbell behind-the-back shrug is an exercise targeting the traps. Having the bar behind you helps keep your shoulders pulled up and back, rather than rounded forward. It is popular in strength and muscle-focused upper-body training, and is often trained on a shoulder day. With the assistance of straps, it can be loaded heavily, but it is still usually performed for moderate to high reps, such as 8-10 reps per set.",1,0,0,0,1,0,0,0,0,0,0,0,0,1,0,0,2,0,0.0,0.2,0.8645833333333335
1753,Clean Shrug,Strength,Back,Barbell,Beginner,,1,0,0,0,1,0,0,0,0,0,0,0,0,1,0,0,1,1,0.0,0.2,0.7083333333333334
1754,Snatch Shrug,Strength,Back,Barbell,Beginner,,1,0,0,0,1,0,0,0,0,0,0,0,0,1,0,0,1,1,0.0,0.6,0.6458333333333334
1755,Single-arm inverted row,Strength,Back,Barbell,Intermediate,"The single-arm inverted row is a bodyweight exercise targeting the muscles of the lats (latissimus dorsi) and upper back, using the bar of the Smith machine to hang and pull from. You can change the bar height to customize the difficulty level and desired angle of the row.",1,0,0,0,1,0,0,0,0,0,0,0,0,1,0,0,2,1,0.7,0.2,0.0
1756,Kettlebell sumo deadlift high pull,Strength,Back,Dumbbell,Intermediate,"The kettlebell sumo deadlift high pull is a dynamic kettlebell exercise that focuses on the muscles of the posterior chain, including the hamstrings, glutes, traps, rear delts, and upper back. It can be done in lower reps for power or strength, or higher reps for conditioning and fat loss. It can also be a component of a circuit-style kettlebell workout, either for time or reps.",1,0,0,0,1,0,0,0,0,0,0,0,0,0,1,0,2,1,0.0,0.6,0.90625
1757,Standing dumbbell shrug,Strength,Back,Dumbbell,Intermediate,"The standing dumbbell shrug is a popular movement to build and strengthen the trapezius muscles. It's often trained on a bodybuilding-style shoulder or back training day, but can also work well in full-body or strength-focused training.",1,0,0,0,1,0,0,0,0,0,0,0,0,0,1,0,2,0,0.0,0.2,0.90625
1758,Standing dumbbell upright row,Strength,Back,Dumbbell,Intermediate,"The standing dumbbell upright row is a popular movement for building stronger and bigger traps and shoulders. Many lifters combine this move with either their back or shoulder workout, since it involves both body parts. It is generally performed for moderate to high reps, such as 8-12 reps per set or more.",1,0,0,0,1,0,0,0,0,0,0,0,0,0,1,0,2,1,0.7,0.2,0.90625
1759,Dumbbell pull-over,Strength,Back,Dumbbell,Intermediate,"The dumbbell pull-over is a popular muscle and strength-building exercise that targets the muscles of the chest, upper back, lats, and the serratus anterior. It was a favorite of old-school bodybuilders, who believed high-rep pull-overs helped build a V-taper shape in the torso.",1,0,0,0,1,0,0,0,0,0,0,0,0,0,1,0,2,0,0.0,0.2,0.0
1760,Standing Dumbbell Shrug - Gethin Variation,Strength,Back,Dumbbell,Intermediate,"The standing dumbbell shrug is a popular movement to build and strengthen the trapezius muscles. It’s a often trained on a bodybuilding-style shoulder or back training day, but can also work well in full-body or strength-focused training.",1,0,0,0,1,0,0,0,0,0,0,0,0,0,1,0,2,0,0.0,0.2,0.0
1761,Single-arm dumbbell row,Strength,Back,Dumbbell,Intermediate,"The single-arm dumbbell row is a popular exercise for building the latissimus dorsi, or lat, muscles of the back. It is most often performed for moderate to high reps, such as 8-12 reps per arm or more, as part of a muscle-building upper-body or back-focused portion of a workout.",1,0,0,0,1,0,0,0,0,0,0,0,0,0,1,0,2,1,0.7,0.2,0.0
1762,Lying Face Down Plate Neck Resistance,Strength,Other,None,Beginner,,1,0,0,0,0,0,0,0,0,0,1,1,0,0,0,0,1,0,0.0,0.2,0.9687500000000001
1763,Lying Face Up Plate Neck Resistance,Strength,Other,None,Beginner,,1,0,0,0,0,0,0,0,0,0,1,1,0,0,0,0,1,0,0.0,0.2,0.8750000000000001
1764,Seated Head Harness Neck Resistance,Strength,Other,None,Beginner,,1,0,0,0,0,0,0,0,0,0,1,1,0,0,0,0,1,0,0.0,0.2,0.7916666666666666
1765,Cable straight-bar upright row,Strength,Back,Machine,Intermediate,"The cable straight-bar upright row is an isolation exercise for the traps and the medial deltoids. It may not be appropriate for all lifters depending on their shoulder health and injury history. It is usually performed for moderate to high reps, such as 8-12 reps per set or more, as part of an upper-body or shoulder-focused workout.",1,0,0,0,1,0,0,0,0,0,0,0,0,0,0,1,2,1,0.7,0.2,0.84375
1766,Cable shrug,Strength,Back,Machine,Intermediate,"The cable shrug is an exercise targeting the traps, as well as hitting the shoulders and upper back. Cables allow for lighter loading which is beneficial for higher-rep sets.",1,0,0,0,1,0,0,0,0,0,0,0,0,0,0,1,2,0,0.0,0.2,0.8229166666666667
1767,Smith machine shrug,Strength,Back,Machine,Intermediate,"The Smith machine shrug is an upper-body exercise targeting the traps (trapezius muscles). It is usually performed for moderate to high reps, such as 8-12 reps per set or more, as part of shoulder or trap-focused training.",1,0,0,0,1,0,0,0,0,0,0,0,0,0,0,1,2,0,0.0,0.2,0.9583333333333333
1768,Leverage Shrug,Strength,Back,Machine,Intermediate,,1,0,0,0,1,0,0,0,0,0,0,0,0,0,0,1,2,0,0.0,0.2,0.9479166666666666
1769,Calf-Machine Shoulder Shrug,Strength,Back,Machine,Beginner,,1,0,0,0,1,0,0,0,0,0,0,0,0,0,0,1,1,0,0.0,0.2,0.90625
1770,Smith machine behind-the-back shrug,Strength,Back,Machine,Intermediate,"The Smith machine behind-the-back shrug is an upper-body exercise targeting the traps (trapezius muscles). It is usually performed for moderate to high reps, such as 8-12 reps per set or more, as part of shoulder or trap-focused training.",1,0,0,0,1,0,0,0,0,0,0,0,0,0,0,1,2,0,0.0,0.2,0.8125
1771,Smith machine upright row,Strength,Back,Machine,Intermediate,"The Smith machine upright row is an upper-body exercise targeting the muscles of the traps and shoulders. This movement is often performed for moderate to high reps, such as 8-12 reps per set or more, as part of an upper-body or shoulder-focused workout.",1,0,0,0,1,0,0,0,0,0,0,0,0,0,0,1,2,1,0.7,0.2,0.7604166666666666
1772,Machine low row-,Strength,Back,Machine,Intermediate,"The machine low row is a popular exercise targeting the back muscles, particularly the lats (latissimus dorsi), rhomboids, and middle and lower trapezius. Machine row variations are often performed for moderate to high reps, such as 8-12 reps per set or more, as part of an upper-body or back-focused portion of a workout.",1,0,0,0,1,0,0,0,0,0,0,0,0,0,0,1,2,1,0.7,0.2,0.0
1773,Machine Shrug - Gethin Variation,Strength,Back,Machine,Intermediate,,1,0,0,0,1,0,0,0,0,0,0,0,0,0,0,1,2,0,0.0,0.2,0.0
1774,Smith machine single-arm shrug,Strength,Back,Machine,Intermediate,"The Smith machine single-arm shrug is an upper-body exercise targeting the traps (trapezius muscles). It is usually performed for moderate to high reps, such as 8-12 reps per set or more, as part of shoulder or trap-focused training.",1,0,0,0,1,0,0,0,0,0,0,0,0,0,0,1,2,0,0.0,0.2,0.0
1775,Isometric Neck Exercise - Sides,Strength,Other,None,Beginner,,1,0,0,0,0,0,0,0,0,0,1,1,0,0,0,0,1,0,0.0,0.2,0.7708333333333334
1776,Isometric Neck Exercise - Front And Back,Strength,Other,None,Beginner,,1,0,0,0,0,0,0,0,0,0,1,1,0,0,0,0,1,0,0.0,0.2,0.6666666666666667
1777,Neck Bridge Prone,Strength,Other,None,Beginner,,1,0,0,0,0,0,0,0,0,0,1,1,0,0,0,0,1,0,0.0,0.2,0.59375
1778,Side Neck Stretch,Flexibility,Other,None,Intermediate,,0,0,1,0,0,0,0,0,0,0,1,1,0,0,0,0,2,0,0.0,0.2,0.5
1779,Neck-SMR,Flexibility,Other,None,Intermediate,,0,0,1,0,0,0,0,0,0,0,1,1,0,0,0,0,2,0,0.0,0.2,0.2916666666666667
1780,Scapular Pull-Up,Strength,Back,None,Beginner,,1,0,0,0,1,0,0,0,0,0,0,1,0,0,0,0,1,1,0.0,0.2,0.6875
1781,Single-leg depth squat,Strength,Legs,Bands,Intermediate,"The single-leg depth squat is an exercise targeting the muscles of the lower body, including the quads, glutes, and hamstrings. It is sometimes used as a substitute for the pistol squat, since it doesn't demand the same level of flexibility to perform. It is usually performed for low to moderate reps with a focus on proper form and control.",1,0,0,0,0,1,0,0,0,0,0,0,1,0,0,0,2,1,0.0,0.2,0.9375
1782,Squats - With Bands,Strength,Legs,Bands,Beginner,,1,0,0,0,0,1,0,0,0,0,0,0,1,0,0,0,1,1,0.0,0.2,0.6041666666666666
1783,Hip Flexion with Band,Strength,Legs,Bands,Beginner,,1,0,0,0,0,1,0,0,0,0,0,0,1,0,0,0,1,0,0.0,0.2,0.0
1784,Forward Band Walk,Strength,Legs,Bands,Beginner,,1,0,0,0,0,1,0,0,0,0,0,0,1,0,0,0,1,0,0.0,0.2,0.0
1785,Boss Everline Resistance-Band Pull Sprint,Strength,Legs,Bands,Intermediate,,1,0,0,0,0,1,0,0,0,0,0,0,1,0,0,0,2,0,0.7,0.2,0.0
1786,Banded jump squat,Strength,Legs,Bands,Intermediate,"The banded jump squat is an explosive bodyweight squat variation performed with a band around the thighs just above the knees. This increases muscle activation in the hips and glutes, while the squat targets the quads, hamstrings, and glutes. The banded jump squat can be performed for low reps as a power-focused exercise, or for higher reps to build muscle in the lower body, challenge conditioning, and burn fat.",1,0,0,0,0,1,0,0,0,0,0,0,1,0,0,0,2,1,0.7,0.2,0.0
1787,Speed Box Squat,Strength,Legs,Bands,Intermediate,"The banded barbell box squat is a strength and power exercise targeting the lower body. It is popular in powerlifting training, either performed with light weights as a power and speed exercise, or heavier for strength. It is usually performed to a box of a height that demands the squatter to decent to around parallel.",1,0,0,0,0,1,0,0,0,0,0,0,1,0,0,0,2,1,0.0,0.2,0.0
1788,HM Banded Squat Toe Tap,Strength,Legs,Bands,Intermediate,,1,0,0,0,0,1,0,0,0,0,0,0,1,0,0,0,2,1,0.0,0.2,0.0
1789,UP Band Abducted Squat,Strength,Legs,Bands,Intermediate,,1,0,0,0,0,1,0,0,0,0,0,0,1,0,0,0,2,1,0.0,0.2,0.0
1790,FYR2 Lateral Band Walk,Strength,Legs,Bands,Intermediate,,1,0,0,0,0,1,0,0,0,0,0,0,1,0,0,0,2,0,0.0,0.2,0.0
1791,FYR2 Banded Squat Hold-Pulse-Jump Complex,Strength,Legs,Bands,Intermediate,,1,0,0,0,0,1,0,0,0,0,0,0,1,0,0,0,2,1,0.7,0.2,0.0
1792,Band split squat,Strength,Legs,Bands,Intermediate,"The band split squat is a band movement targeting the quads, glutes, and hamstrings. It can be performed either for time or reps, and is often included as part of a fat-loss or athleticism-focused circuit workout. Leaning back places more emphasis on the glutes and hamstrings, while standing straight up targets the quads.",1,0,0,0,0,1,0,0,0,0,0,0,1,0,0,0,2,1,0.0,0.2,0.0
1793,Band front squat,Strength,Legs,Bands,Intermediate,"The band front squat is a popular exercise for targeting the muscles of the lower body, including the quadriceps, glutes, and hamstrings. Holding band in the racked position also works the core and upper-back muscles to maintain posture while the lower body moves. Because the tension of the band changes as it stretches, the resistance more closely matches the natural strength curve of the squat. This movement is usually performed for moderate to high reps, at least 8-12 reps per set or more. If this movement hurts your knees, try performing it with a wider stance.",1,0,0,0,0,1,0,0,0,0,0,0,1,0,0,0,2,1,0.0,0.2,0.0
1794,Squat hold with band pull-apart,Strength,Legs,Bands,Intermediate,"The squat hold with band pull-apart is a combination of the squat hold and band pull-apart. It involves holding the squat position with the thighs at or below parallel to the ground while performing a band pull-apart. The band pull-apart is an exercise targeting the upper back muscles, including the trapezius, rear delts, and rhomboids. The squat hold band pull-apart can be performed for mobility purposes or to increase time under tension on lower-body muscles including the quads, glutes, and hamstrings.",1,0,0,0,0,1,0,0,0,0,0,0,1,0,0,0,2,1,0.0,0.2,0.0
1795,Banded squat toe tap,Strength,Legs,Bands,Intermediate,"The banded squat toe tap is a banded variation on the classic bodyweight squat, but with a lateral toe tap to add extra focus to the stabilizer muscles around the hips. It can be performed for time or for reps as part of a dynamic warm-up for the lower body, or in any lower-body portion of a workout.",1,0,0,0,0,1,0,0,0,0,0,0,1,0,0,0,2,1,0.0,0.2,0.0
1796,Band overhead squat,Strength,Legs,Bands,Intermediate,"The band overhead squat is a full-body, functional movement that works to build full-body strength and stability. It is a variation of the classic barbell exercise and can be used to train core strength and stability for Olympic weightlifting or CrossFit.",1,0,0,0,0,1,0,0,0,0,0,0,1,0,0,0,2,1,0.0,0.2,0.0
1797,Quadriceps SMR,Flexibility,Legs,None,Intermediate,"Quadriceps self-myofascial release (SMR) is a self-administered soft-tissue treatment for the lower body, usually using a foam roller, lacrosse ball, or other ""trigger point"" massage tool. By applying pressure strategically to the quad muscles of the upper leg, some people find they can cause this often painful and tight muscle group to relax or ""release."" Quadriceps SMR is often accompanied by SMR on the calf, glute, or hip muscles, or by stretches that target the calves or quads.",0,0,1,0,0,1,0,0,0,0,0,1,0,0,0,0,2,0,0.0,0.2,0.5625000000000001
1798,Clean from Blocks,Strength,Legs,Barbell,Beginner,,1,0,0,0,0,1,0,0,0,0,0,0,0,1,0,0,1,1,0.0,0.2,0.9895833333333334
1799,Barbell Full Squat,Strength,Legs,Barbell,Intermediate,"The barbell back squat is a popular compound movement that emphasizes building the lower-body muscle groups and overall strength. It's the classic way to start a leg day, and is a worthy centerpiece to a lower-body training program. The squat is a competitive lift in the sport of powerlifting, but is also a classic measurement of lower-body strength. With the barbell racked on the traps or upper back, the emphasis is placed on the posterior chain but the entire body gets worked. The back squat can be trained in everything from heavy singles to sets of 20 reps or higher.",1,0,0,0,0,1,0,0,0,0,0,0,0,1,0,0,2,1,0.0,0.2,0.9791666666666667
1800,Barbell back squat to box,Strength,Legs,Barbell,Intermediate,"The barbell back squat to box is a popular version of a classic lower-body exercise that utilizes a box at the bottom position of the movement. This allows the lifter to customize the depth of the squat, as well as limit the stretch reflex at the bottom of the squat. The movement targets the quadriceps, glutes, and hamstrings. The squat to box can be performed for low reps to build strength or power, or for higher reps to build muscle.",1,0,0,0,0,1,0,0,0,0,0,0,0,1,0,0,2,1,0.0,0.2,0.9687500000000001
1801,Push-press,Strength,Legs,Barbell,Intermediate,"The push-press is an overhead press variation in which the barbell is pushed upward with assistance from the lower body. This ""push"" helps the weight travel through the sticking point of a strict press. The push-press is commonly performed as part of barbell complexes, power training for all types of athletics, or as a powerful shoulder exercise.",1,0,0,0,0,1,0,0,0,0,0,0,0,1,0,0,2,0,0.0,0.2,0.9687500000000001
1802,Power snatch-,Strength,Legs,Barbell,Expert,"The power snatch is a full-body lift in which the bar is pulled from the floor with a wide grip to the overhead position in one movement. The bar is received in the ""power"" position, with the hips higher than a full-depth squat position. The power snatch can be used as a learning tool for the full snatch, or to train muscular power and strength on its own. It is usually performed for low reps, focusing on power and movement quality.",1,0,0,0,0,1,0,0,0,0,0,0,0,1,0,0,3,1,0.0,0.7,0.9687500000000001
1803,Hang Clean,Strength,Legs,Barbell,Beginner,,1,0,0,0,0,1,0,0,0,0,0,0,0,1,0,0,1,1,0.0,0.2,0.9687500000000001
1804,Barbell walking lunge,Strength,Legs,Barbell,Intermediate,"The barbell walking lunge tests your ability to maintain balance while challenging the quads, glutes, and hamstrings as well as the core muscles. Using a barbell allows you to overload the exercise. It can be performed for moderate reps, such as 8-15 per set or across the gym, or for higher reps as a conditioning and mental toughness challenge.",1,0,0,0,0,1,0,0,0,0,0,0,0,1,0,0,2,0,0.0,0.2,0.9583333333333333
1805,Olympic Squat,Strength,Legs,Barbell,Beginner,,1,0,0,0,0,1,0,0,0,0,0,0,0,1,0,0,1,1,0.0,0.2,0.9479166666666666
1806,Narrow-stance squat,Strength,Legs,Barbell,Expert,"The narrow-stance squat is an exercise that targets the lower body with an emphasis on the quads. Many people will find they can't go as deep in a narrow-stance squat as with a wider squat, which is normal. The narrow-stance squat can be performed for time or reps in any workout.",1,0,0,0,0,1,0,0,0,0,0,0,0,1,0,0,3,1,0.7,0.30000000000000004,0.9375
1807,Box Squat with Bands,Strength,Legs,Barbell,Beginner,,1,0,0,0,0,1,0,0,0,0,0,0,0,1,0,0,1,1,0.0,0.2,0.9375
1808,Weighted Jump Squat,Strength,Legs,Barbell,Beginner,,1,0,0,0,0,1,0,0,0,0,0,0,0,1,0,0,1,1,0.7,0.2,0.9375
1809,Squat with Chains,Strength,Legs,Barbell,Beginner,,1,0,0,0,0,1,0,0,0,0,0,0,0,1,0,0,1,1,0.0,0.2,0.9375
1810,Barbell Squat,Strength,Legs,Barbell,Intermediate,"The barbell back squat is a popular compound movement that emphasizes building the lower-body muscle groups and overall strength. It's the classic way to start a leg day, and is a worthy centerpiece to a lower-body training program. The squat is a competitive lift in the sport of powerlifting, but is also a classic measurement of lower-body strength. With the barbell racked on the traps or upper back, the emphasis is placed on the posterior chain but the entire body gets worked. The back squat can be trained in everything from heavy singles to sets of 20 reps or higher.",1,0,0,0,0,1,0,0,0,0,0,0,0,1,0,0,2,1,0.0,0.2,0.9270833333333334
1811,Barbell front squat,Strength,Legs,Barbell,Intermediate,"The barbell front squat is a compound movement that emphasizes building the lower-body muscle groups. With the barbell racked in front of the body on the anterior delts, the front squat emphasizes the quads and glutes, but also upper back and core strength to remain upright. Front squats can be trained as an alternative to back squats, as an accessory movement for either squats or deadlifts, or for strength and muscle on their own. Many lifters and athletes prefer them to back squats, although they can be uncomfortable and difficult to learn at first.",1,0,0,0,0,1,0,0,0,0,0,0,0,1,0,0,2,1,0.0,0.2,0.9270833333333334
1812,Barbell forward lunge,Strength,Legs,Barbell,Expert,"The barbell forward lunge is a popular lower-body exercise targeting the quads, glutes, and hamstrings. Using a barbell allows you to overload the exercise beyond body weight and perform the movement in strength or muscle-focused rep ranges. The forward lunge can be performed as part of a barbell complex, in a circuit, or on its own in the lower-body portion of any workout.",1,0,0,0,0,1,0,0,0,0,0,0,0,1,0,0,3,0,0.0,0.30000000000000004,0.9166666666666667
1813,Smith machine box squat,Strength,Legs,Barbell,Intermediate,"The Smith machine box squat is a machine-based exercise targeting the quads, glutes, and hamstrings. The Smith machine mimics a barbell but provides more stability. This movement can be programmed in low reps for strength or power or higher reps for muscle and strength endurance. It is often performed for moderate to high reps, such as 8-12 reps per set or more, as part of a full-body or lower-body workout.",1,0,0,0,0,1,0,0,0,0,0,0,0,1,0,0,2,1,0.0,0.2,0.9166666666666667
1814,Barbell step-up,Strength,Legs,Barbell,Intermediate,"The barbell step-up is a great exercise for building lower-body strength and power. It targets all the same muscles as bodyweight step-ups, such as the quads, glutes, and hamstrings, but allows for greater muscular overload.",1,0,0,0,0,1,0,0,0,0,0,0,0,1,0,0,2,0,0.0,0.2,0.90625
1815,Barbell Bulgarian split squat,Strength,Legs,Barbell,Intermediate,"The barbell Bulgarian split squat is a single-leg exercise targeting the quads, glutes, and hamstrings. It is easier to overload with the barbell than when using dumbbells. If balance is an issue, consider using a Smith machine or holding dumbbells at your side instead.",1,0,0,0,0,1,0,0,0,0,0,0,0,1,0,0,2,1,0.0,0.2,0.8854166666666667
1816,Hang Clean - Below the Knees,Strength,Legs,Barbell,Beginner,,1,0,0,0,0,1,0,0,0,0,0,0,0,1,0,0,1,1,0.0,0.2,0.8854166666666667
1817,Barbell hack squat,Strength,Legs,Barbell,Expert,"The barbell hack squat is a variety of deadlift performed with the barbell behind the legs. This forces the lifter into a body position similar to a squat and targets the quads and glutes. It is named after famed strongman George Hackenschmidt, who performed it as an overall leg-building exercise. The barbell hack squat can be used as a substitute for the machine hack squat, or as a lower-body strength and size movement on its own.",1,0,0,0,0,1,0,0,0,0,0,0,0,1,0,0,3,1,0.0,0.30000000000000004,0.8854166666666667
1818,Hack Squat,Strength,Legs,Barbell,Intermediate,"The hack squat is a machine-based exercise that targets the muscles of the legs, particularly the quadriceps. It is often used as an accessory for squats, but can also be the main lower-body movement in a workout. It is often performed for moderate to high reps, such as 8-12 reps per set or more.",1,0,0,0,0,1,0,0,0,0,0,0,0,1,0,0,2,1,0.0,0.2,0.8750000000000001
1819,Barbell thruster,Strength,Legs,Barbell,Intermediate,"The barbell thruster is a full-body exercise that incorporates both squatting and pressing in one functional movement. It's especially common in contemporary CrossFit workouts, but also in general strength training. The barbell is usually cleaned into place first, but it could be performed taken from a squat rack in a front-rack position. The thruster can be performed in traditional strength-focused rep ranges to build strength in the press, or in higher reps for full-body conditioning.",1,0,0,0,0,1,0,0,0,0,0,0,0,1,0,0,2,1,0.0,0.2,0.8645833333333335
1820,Split Jerk,Strength,Legs,Barbell,Beginner,,1,0,0,0,0,1,0,0,0,0,0,0,0,1,0,0,1,0,0.0,0.2,0.8645833333333335
1821,Push-jerk,Strength,Legs,Barbell,Intermediate,"The push-jerk is a movement in which the barbell is pushed from the front rack position to overhead with help from the legs. It differs from the push-press in that the lifter dips under the bar rather than simply pushing it up. It is popular in CrossFit workouts and Olympic weightlifting, as well as power training for athletics. It is usually performed for low reps, focusing on power and movement quality.",1,0,0,0,0,1,0,0,0,0,0,0,0,1,0,0,2,0,0.0,0.2,0.8541666666666666
1822,Barbell back squat,Strength,Legs,Barbell,Intermediate,"The barbell back squat is a popular compound movement that emphasizes building the lower-body muscle groups and overall strength. It's the classic way to start a leg day, and is a worthy centerpiece to a lower-body training program. The squat is a competitive lift in the sport of powerlifting, but is also a classic measurement of lower-body strength. With the barbell racked on the traps or upper back, the emphasis is placed on the posterior chain but the entire body gets worked. The back squat can be trained in everything from heavy singles to sets of 20 reps or higher.",1,0,0,0,0,1,0,0,0,0,0,0,0,1,0,0,2,1,0.0,0.2,0.8541666666666666
1823,Zercher squat,Strength,Legs,Barbell,Intermediate,The Zercher squat is a barbell exercise in which the bar is placed in the crease of your elbows as you perform a normal squat. This movement can be awkward at first but is extremely effective in building both size and strength.,1,0,0,0,0,1,0,0,0,0,0,0,0,1,0,0,2,1,0.0,0.2,0.84375
1824,Jefferson Squats,Strength,Legs,Barbell,Beginner,,1,0,0,0,0,1,0,0,0,0,0,0,0,1,0,0,1,1,0.0,0.2,0.8333333333333334
1825,Jerk Dip Squat,Strength,Legs,Barbell,Beginner,,1,0,0,0,0,1,0,0,0,0,0,0,0,1,0,0,1,1,0.0,0.2,0.8333333333333334
1826,Barbell side split squat,Strength,Legs,Barbell,Intermediate,"The barbell side split squat is a variation of the split squat that targets the lower body, specifically the quads, and requires good hip mobility.",1,0,0,0,0,1,0,0,0,0,0,0,0,1,0,0,2,1,0.0,0.2,0.8125
1827,Frankenstein Squat,Strength,Legs,Barbell,Beginner,,1,0,0,0,0,1,0,0,0,0,0,0,0,1,0,0,1,1,0.0,0.2,0.8020833333333334
1828,Barbell speed squat,Strength,Legs,Barbell,Intermediate,"The barbell speed squat targets the lower-body muscle groups using lighter weights to perform fast-paced back squats. Speed squats are popular in certain powerlifting training methodologies as a way to engrain form and lifting speed that can carry over to max-effort lifts. In this approach, they are usually performed in numerous sets of 3-5 reps with adequate rest in between. Speed squats are also sometimes performed with bands or chains adding extra resistance to the top half of the lift.",1,0,0,0,0,1,0,0,0,0,0,0,0,1,0,0,2,1,0.0,0.2,0.8020833333333334
1829,Single-arm side deadlift,Strength,Legs,Barbell,Expert,"The single-arm side deadlift is a compound exercise that strengthens the glutes, quads, hamstrings, back, and core. It has more of a core stability and anti-rotational component than other deadlift variations. The side deadlift is usually done for low to moderate reps, such as 5-8 reps per side, with a focus on posture and movement quality.",1,0,0,0,0,1,0,0,0,0,0,0,0,1,0,0,3,1,0.0,0.7,0.78125
1830,Barbell Squat To A Bench,Strength,Legs,Barbell,Intermediate,"The barbell back squat to box takes a classic compound exercise for developing the lower body and adds the box element. Muscles worked include the quads, hips, glutes, and upper hamstrings.",1,0,0,0,0,1,0,0,0,0,0,0,0,1,0,0,2,1,0.0,0.2,0.7708333333333334
1831,Clean Pull,Strength,Legs,Barbell,Beginner,,1,0,0,0,0,1,0,0,0,0,0,0,0,1,0,0,1,1,0.0,0.2,0.75
1832,Front Barbell Squat To A Bench,Strength,Legs,Barbell,Beginner,,1,0,0,0,0,1,0,0,0,0,0,0,0,1,0,0,1,1,0.0,0.2,0.5520833333333334
1833,Barbell reverse lunge,Strength,Legs,Barbell,Intermediate,"The barbell reverse lunge is a popular lower-body exercise targeting the quads, glutes, and hamstrings. Using a barbell allows you to overload the exercise beyond body weight and perform the movement in strength or muscle-focused rep ranges. The reverse lunge can be performed as part of a barbell complex, in a circuit, or on its own in the lower-body portion of any workout.",1,0,0,0,0,1,0,0,0,0,0,0,0,1,0,0,2,0,0.0,0.2,0.0
1834,Split Clean,Strength,Legs,Barbell,Beginner,,1,0,0,0,0,1,0,0,0,0,0,0,0,1,0,0,1,1,0.0,0.2,0.0
1835,Close-stance dumbbell front squat,Strength,Legs,Barbell,Intermediate,"The close-stance dumbbell front squat is a popular exercise for targeting the muscles of the lower body, the quadriceps in particular. Holding dumbbells in the racked position also works the core and upper-back muscles to maintain posture while the lower body moves. Because the amount of weight you can use will be limited by what you can clean to the rack position, this movement is usually performed for moderate to high reps, at least 8-12 reps per set or more. If this movement hurts your knees, try performing it with a wider stance.",1,0,0,0,0,1,0,0,0,0,0,0,0,1,0,0,2,1,0.0,0.2,0.0
1836,Front Squat (Clean Grip),Strength,Legs,Barbell,Beginner,,1,0,0,0,0,1,0,0,0,0,0,0,0,1,0,0,1,1,0.0,0.2,0.0
1837,Barbell front squat to back squat,Strength,Legs,Barbell,Intermediate,"The barbell front squat to back squat is a complex that combines two fundamental barbell squat movements with a press in between to build overall strength, coordination, and endurance. This combo hits every muscle in the lower body, but also seriously challenges the upper-body musculature to control and transition the weight.",1,0,0,0,0,1,0,0,0,0,0,0,0,1,0,0,2,1,0.0,0.2,0.0
1838,Squat Jerk,Strength,Legs,Barbell,Beginner,,1,0,0,0,0,1,0,0,0,0,0,0,0,1,0,0,1,1,0.0,0.2,0.0
1839,Barbell Front-To-Back Squat,Strength,Legs,Barbell,Intermediate,"The barbell front squat to back squat is a complex that combines two fundamental barbell squat movements with a press in between to build overall strength, coordination, and endurance. This combo hits every muscle in the lower body, but also seriously challenges the upper-body musculature to control and transition the weight.",1,0,0,0,0,1,0,0,0,0,0,0,0,1,0,0,2,1,0.0,0.2,0.0
1840,Box Squat with Chains,Strength,Legs,Barbell,Beginner,,1,0,0,0,0,1,0,0,0,0,0,0,0,1,0,0,1,1,0.0,0.2,0.0
1841,Snatch from Blocks,Strength,Legs,Barbell,Beginner,,1,0,0,0,0,1,0,0,0,0,0,0,0,1,0,0,1,1,0.0,0.6,0.0
1842,Power Snatch from Blocks,Strength,Legs,Barbell,Beginner,,1,0,0,0,0,1,0,0,0,0,0,0,0,1,0,0,1,1,0.0,0.6,0.0
1843,Front Squat (Bodybuilder),Strength,Legs,Barbell,Intermediate,"The barbell front squat is a compound movement that emphasizes building the lower-body muscle groups. With the barbell racked in front of the body on the anterior delts, the front squat emphasizes the quads and glutes, but also upper back and core strength to remain upright. Front squats can be trained as an alternative to back squats, as an accessory movement for either squats or deadlifts, or for strength and muscle on their own. Many lifters and athletes prefer them to back squats, although they can be uncomfortable and difficult to learn at first.",1,0,0,0,0,1,0,0,0,0,0,0,0,1,0,0,2,1,0.0,0.2,0.0
1844,Barbell step-down reverse lunge,Strength,Legs,Barbell,Intermediate,"The barbell step-down reverse lunge is an exercise targeting the lower body, particularly the glutes and hamstrings. The front foot is slightly elevated during this movement, making the subsequent step-down more pronounced and difficult. These are usually performed for time or for relatively high reps, such as 10 reps or more per set.",1,0,0,0,0,1,0,0,0,0,0,0,0,1,0,0,2,0,0.0,0.2,0.0
1845,Squat with Bands,Strength,Legs,Barbell,Beginner,,1,0,0,0,0,1,0,0,0,0,0,0,0,1,0,0,1,1,0.0,0.2,0.0
1846,Heaving Snatch Balance,Strength,Legs,Barbell,Beginner,,1,0,0,0,0,1,0,0,0,0,0,0,0,1,0,0,1,1,0.0,0.6,0.0
1847,Snatch Balance,Strength,Legs,Barbell,Beginner,,1,0,0,0,0,1,0,0,0,0,0,0,0,1,0,0,1,1,0.0,0.6,0.0
1848,Reverse Band Power Squat,Strength,Legs,Barbell,Beginner,,1,0,0,0,0,1,0,0,0,0,0,0,0,1,0,0,1,1,0.0,0.2,0.0
1849,Paul Carter Back Squat,Strength,Legs,Barbell,Intermediate,"The barbell back squat is a popular compound movement that emphasizes building the lower-body muscle groups and overall strength. It's the classic way to start a leg day, and is a worthy centerpiece to a lower-body training program. The squat is a competitive lift in the sport of powerlifting, but is also a classic measurement of lower-body strength. With the barbell racked on the traps or upper back, the emphasis is placed on the posterior chain but the entire body gets worked. The back squat can be trained in everything from heavy singles to sets of 20 reps or higher.",1,0,0,0,0,1,0,0,0,0,0,0,0,1,0,0,2,1,0.0,0.2,0.0
1850,Paul Carter Barbell Split Squat,Strength,Legs,Barbell,Intermediate,"The barbell Bulgarian split squat is a single-leg, full-body exercise targeting the quads, glutes, and hamstrings. It is easier to overload with the barbell as opposed to using dumbbells.",1,0,0,0,0,1,0,0,0,0,0,0,0,1,0,0,2,1,0.0,0.2,0.0
1851,TBS High-Bar Back Squat,Strength,Legs,Barbell,Intermediate,"The barbell back squat is a popular compound movement that emphasizes building the lower-body muscle groups and overall strength. It's the classic way to start a leg day, and is a worthy centerpiece to a lower-body training program. The squat is a competitive lift in the sport of powerlifting, but is also a classic measurement of lower-body strength. With the barbell racked on the traps or upper back, the emphasis is placed on the posterior chain but the entire body gets worked. The back squat can be trained in everything from heavy singles to sets of 20 reps or higher.",1,0,0,0,0,1,0,0,0,0,0,0,0,1,0,0,2,1,0.0,0.2,0.0
1852,TBS Barbell Front Squat,Strength,Legs,Barbell,Intermediate,"The barbell front squat is a compound movement that emphasizes building the lower-body muscle groups. With the barbell racked in front of the body on the anterior delts, the front squat emphasizes the quads and glutes, but also upper back and core strength to remain upright. Front squats can be trained as an alternative to back squats, as an accessory movement for either squats or deadlifts, or for strength and muscle on their own. Many lifters and athletes prefer them to back squats, although they can be uncomfortable and difficult to learn at first.",1,0,0,0,0,1,0,0,0,0,0,0,0,1,0,0,2,1,0.0,0.2,0.0
1853,Squat - Gethin Variation,Strength,Legs,Barbell,Intermediate,"The barbell back squat is a popular compound movement that emphasizes building the lower-body muscle groups and overall strength. It's the classic way to start a leg day, and is a worthy centerpiece to a lower-body training program. The squat is a competitive lift in the sport of powerlifting, but is also a classic measurement of lower-body strength. With the barbell racked on the traps or upper back, the emphasis is placed on the posterior chain but the entire body gets worked. The back squat can be trained in everything from heavy singles to sets of 20 reps or higher.",1,0,0,0,0,1,0,0,0,0,0,0,0,1,0,0,2,1,0.0,0.2,0.0
1854,Front-To-Back Barbell Squat,Strength,Legs,Barbell,Intermediate,,1,0,0,0,0,1,0,0,0,0,0,0,0,1,0,0,2,1,0.0,0.2,0.0
1855,Barbell Lunge - Gethin Variation,Strength,Legs,Barbell,Intermediate,"The barbell forward lunge is a popular lower-body exercise targeting the quads, glutes, and hamstrings. Using a barbell allows you to overload the exercise beyond body weight and perform the movement in strength or muscle-focused rep ranges. The forward lunge can be performed as part of a barbell complex, in a circuit, or on its own in the lower-body portion of any workout.",1,0,0,0,0,1,0,0,0,0,0,0,0,1,0,0,2,0,0.0,0.2,0.0
1856,Rack Deadlift - Gethin Variation,Strength,Legs,Barbell,Intermediate,"The rack pull is a variation of the deadlift performed from an elevated height, either using boxes, safety pins, or the safeties in a squat rack. It targets all the same muscles as the deadlift, including the glutes, hamstrings, upper back, lower back, and grip. It can e used to strengthen deadlift lockout, but also as a deadlift alternative for people who can’t deadlift from the floor without pain.",1,0,0,0,0,1,0,0,0,0,0,0,0,1,0,0,2,1,0.0,0.6,0.0
1857,Barbell Squat - Gethin Variation,Strength,Legs,Barbell,Intermediate,"The barbell back squat is a popular compound movement that emphasizes building the lower-body muscle groups and overall strength. It's the classic way to start a leg day, and is a worthy centerpiece to a lower-body training program. The squat is a competitive lift in the sport of powerlifting, but is also a classic measurement of lower-body strength. With the barbell racked on the traps or upper back, the emphasis is placed on the posterior chain but the entire body gets worked. The back squat can be trained in everything from heavy singles to sets of 20 reps or higher.",1,0,0,0,0,1,0,0,0,0,0,0,0,1,0,0,2,1,0.0,0.2,0.0
1858,Barbell Good Morning - Gethin Variation,Strength,Legs,Barbell,Intermediate,"The barbell good morning is an exercise that targets glute, hamstring, and lower back development. It is often trained as an accessory movement to the deadlift, but also has value on its own. It is sometimes performed for reps in traditional strength-focused rep ranges such as 5-8 reps per set, but due to the risk posed to the lower back, is rarely treated as a max-effort single-rep lift.",1,0,0,0,0,1,0,0,0,0,0,0,0,1,0,0,2,0,0.0,0.2,0.0
1859,AM Barbell Squat,Strength,Legs,Barbell,Intermediate,"The barbell back squat is a popular compound movement that emphasizes building the lower-body muscle groups and overall strength. It's the classic way to start a leg day, and is a worthy centerpiece to a lower-body training program. The squat is a competitive lift in the sport of powerlifting, but is also a classic measurement of lower-body strength. With the barbell racked on the traps or upper back, the emphasis is placed on the posterior chain but the entire body gets worked. The back squat can be trained in everything from heavy singles to sets of 20 reps or higher.",1,0,0,0,0,1,0,0,0,0,0,0,0,1,0,0,2,1,0.0,0.2,0.0
1860,Plyometric Power Clean,Strength,Legs,Barbell,Intermediate,,1,0,0,0,0,1,0,0,0,0,0,0,0,1,0,0,2,1,0.0,0.2,0.0
1861,Banded Split Jerk,Strength,Legs,Barbell,Intermediate,,1,0,0,0,0,1,0,0,0,0,0,0,0,1,0,0,2,0,0.0,0.2,0.0
1862,UP Squat,Strength,Legs,Barbell,Intermediate,"The barbell back squat is a popular compound movement that emphasizes building the lower-body muscle groups and overall strength. It's the classic way to start a leg day, and is a worthy centerpiece to a lower-body training program. The squat is a competitive lift in the sport of powerlifting, but is also a classic measurement of lower-body strength. With the barbell racked on the traps or upper back, the emphasis is placed on the posterior chain but the entire body gets worked. The back squat can be trained in everything from heavy singles to sets of 20 reps or higher.",1,0,0,0,0,1,0,0,0,0,0,0,0,1,0,0,2,1,0.0,0.2,0.0
1863,UN Barbell Back Squat,Strength,Legs,Barbell,Intermediate,,1,0,0,0,0,1,0,0,0,0,0,0,0,1,0,0,2,1,0.0,0.2,0.0
1864,UN Barbell Box Squat,Strength,Legs,Barbell,Intermediate,,1,0,0,0,0,1,0,0,0,0,0,0,0,1,0,0,2,1,0.0,0.2,0.0
1865,UN Barbell Front Squat,Strength,Legs,Barbell,Intermediate,,1,0,0,0,0,1,0,0,0,0,0,0,0,1,0,0,2,1,0.0,0.2,0.0
1866,KV Bulgarian Split Squat,Strength,Legs,Barbell,Intermediate,,1,0,0,0,0,1,0,0,0,0,0,0,0,1,0,0,2,1,0.0,0.2,0.0
1867,King Maker Barbell Back Squat,Strength,Legs,Barbell,Intermediate,"The barbell back squat is a popular compound movement that emphasizes building the lower-body muscle groups and overall strength. It's the classic way to start a leg day, and is a worthy centerpiece to a lower-body training program. The squat is a competitive lift in the sport of powerlifting, but is also a classic measurement of lower-body strength. With the barbell racked on the traps or upper back, the emphasis is placed on the posterior chain but the entire body gets worked. The back squat can be trained in everything from heavy singles to sets of 20 reps or higher.",1,0,0,0,0,1,0,0,0,0,0,0,0,1,0,0,2,1,0.0,0.2,0.0
1868,King Maker Barbell Deadlift,Strength,Legs,Barbell,Intermediate,"The barbell deadlift is a compound exercise used to develop overall strength and size in the posterior chain. It is a competition lift in the sport of powerlifting, but is also considered a classic benchmark of overall strength. When performed with the hands outside the knees, it is often called a ""conventional"" deadlift. When the feet are wide and the hands are inside the knees, it is a sumo deadlift.",1,0,0,0,0,1,0,0,0,0,0,0,0,1,0,0,2,1,0.0,0.6,0.0
1869,30 Legs Barbell Back Squat,Strength,Legs,Barbell,Intermediate,,1,0,0,0,0,1,0,0,0,0,0,0,0,1,0,0,2,1,0.0,0.2,0.0
1870,30 Legs Barbell Front Squat,Strength,Legs,Barbell,Intermediate,,1,0,0,0,0,1,0,0,0,0,0,0,0,1,0,0,2,1,0.0,0.2,0.0
1871,Barbell Back Squats,Strength,Legs,Barbell,Intermediate,,1,0,0,0,0,1,0,0,0,0,0,0,0,1,0,0,2,1,0.0,0.2,0.0
1872,Front Squats With Two Kettlebells,Strength,Legs,Dumbbell,Beginner,,1,0,0,0,0,1,0,0,0,0,0,0,0,0,1,0,1,1,0.0,0.2,0.9583333333333333
1873,Kettlebell Pistol Squat,Strength,Legs,Dumbbell,Beginner,,1,0,0,0,0,1,0,0,0,0,0,0,0,0,1,0,1,1,0.0,0.2,0.9479166666666666
1874,Goblet Squat,Strength,Legs,Dumbbell,Intermediate,"The goblet squat is a popular lower-body exercise where you hold a kettlebell or dumbbell in front of your chest as if you are supporting a heavy cup or goblet. It can help lifters of all levels improve their squat technique and hip mobility, but can also work as a muscle-building or strength accessory movement for experienced athletes. It also works well in combinations, complexes, and flows with other kettlebell movements like swings, presses, and cleans.",1,0,0,0,0,1,0,0,0,0,0,0,0,0,1,0,2,1,0.0,0.2,0.90625
1875,Kettlebell Curtsy Lunge,Strength,Legs,Dumbbell,Beginner,,1,0,0,0,0,1,0,0,0,0,0,0,0,0,1,0,1,0,0.0,0.2,0.8020833333333334
1876,Single-arm kettlebell overhead squat,Strength,Legs,Dumbbell,Expert,"The single-arm kettlebell overhead squat is a popular kettlebell movement performed while holding a single kettlebell in a locked-out overhead position. It targets the muscles of the lower body dynamically, while also challenging and building shoulder stability and upper-back mobility. It can be trained in traditional strength or muscle-building rep ranges, in circuit or fat-loss training, or as part of a kettlebell combination or complex.",1,0,0,0,0,1,0,0,0,0,0,0,0,0,1,0,3,1,0.0,0.30000000000000004,0.7291666666666667
1877,Kettlebell side squat,Strength,Legs,Dumbbell,Intermediate,"The kettlebell side squat is a popular movement to build mobility and lateral strength in the hips. It can be performed for time or for reps, either on its own or as part of a kettlebell circuit, complex, or flow.",1,0,0,0,0,1,0,0,0,0,0,0,0,0,1,0,2,1,0.0,0.2,0.0
1878,Kettlebell sumo squat,Strength,Legs,Dumbbell,Intermediate,"The kettlebell sumo squat is a lower-body movement emphasizing the muscles of the hips, glutes, and quads. It shares attributes with both the kettlebell deadlift and the goblet squat, but is usually performed with a wider stance and the feet pointed more outward, similar to a sumo deadlift. Its unique stance helps the lifter keep an upright torso, as well as emphasize stretching the hips and adductor muscles.",1,0,0,0,0,1,0,0,0,0,0,0,0,0,1,0,2,1,0.0,0.2,0.0
1879,Kettlebell thruster progression,Strength,Legs,Dumbbell,Intermediate,"The kettlebell thruster progression is a kettlebell combination movement that includes a squat, curl, press, and overhead extension in a single sequence. It can work well with a light or moderate weight either for time or reps, in circuit-style training, or as a single kettlebell ""flow.""",1,0,0,0,0,1,0,0,0,0,0,0,0,0,1,0,2,1,0.0,0.2,0.0
1880,Kettlebell power clean,Strength,Legs,Dumbbell,Intermediate,"The kettlebell power clean is an explosive kettlebell exercise where the lifter pulls the weight to shoulder level with a slight swing between the legs. It is often used as a drill to teach kettlebell clean technique, but is also a valuable power exercise in its own right. It can be performed in low rep ranges for strength or higher rep ranges for technique practice or muscle growth.",1,0,0,0,0,1,0,0,0,0,0,0,0,0,1,0,2,1,0.0,0.2,0.0
1881,Kettlebell fire feet,Strength,Legs,Dumbbell,Intermediate,"Kettlebell fire feet is a dynamic movement that works most of the major muscle groups in the body simultaneously, while also elevating the heart rate. It's a great movement to include in kettlebell or bodyweight circuit training to increase fatigue and burn serious calories.",1,0,0,0,0,1,0,0,0,0,0,0,0,0,1,0,2,0,0.0,0.2,0.0
1882,Single Arm Overhead Kettlebell Squat,Strength,Legs,Dumbbell,Intermediate,"The single-arm kettlebell overhead squat is a popular kettlebell movement performed while holding a single kettlebell in a locked-out overhead position. It targets the muscles of the lower body dynamically, while also challenging and building shoulder stability and upper-back mobility. It can be trained in traditional strength or muscle-building rep ranges, in circuit or fat-loss training, or as part of a kettlebell combination or complex.",1,0,0,0,0,1,0,0,0,0,0,0,0,0,1,0,2,1,0.0,0.2,0.0
1883,Pulsing goblet squat,Strength,Legs,Dumbbell,Intermediate,"The pulsing goblet squat is a simple way to make a popular squat variation more taxing for the lower body and cardiovascular system. They can be done for time or reps, allowing you to get a significant training effect from a light weight in circuit-style training.",1,0,0,0,0,1,0,0,0,0,0,0,0,0,1,0,2,1,0.0,0.2,0.0
1884,Double-kettlebell alternating lunge to clean,Strength,Legs,Dumbbell,Intermediate,"The double-kettlebell alternating lunge to clean is a combination of kettlebell moves in a single sequence. This combination can be performed for time or for reps, often as circuit-style training for conditioning or fat loss, or in a kettlebell complex or flow.",1,0,0,0,0,1,0,0,0,0,0,0,0,0,1,0,2,1,0.0,0.2,0.0
1885,FYR Goblet Squat,Strength,Legs,Dumbbell,Intermediate,"The goblet squat is a popular lower-body exercise where you hold a kettlebell or dumbbell in front of your chest as if you are supporting a heavy cup or goblet. It can help lifters of all levels improve their squat technique and hip mobility, but can also work as a muscle-building or strength accessory movement for experienced athletes. It also works well in combinations, complexes, and flows with other kettlebell movements like swings, presses, and cleans.",1,0,0,0,0,1,0,0,0,0,0,0,0,0,1,0,2,1,0.0,0.2,0.0
1886,FYR Kettlebell Sumo Squat,Strength,Legs,Dumbbell,Intermediate,"The kettlebell sumo squat is a lower-body movement emphasizing the muscles of the hips, glutes, and quads. It shares attributes with both the kettlebell deadlift and the goblet squat, but is usually performed with a wider stance and the feet pointed more outward, similar to a sumo deadlift. Its unique stance helps the lifter keep an upright torso, as well as emphasize stretching the hips and adductor muscles.",1,0,0,0,0,1,0,0,0,0,0,0,0,0,1,0,2,1,0.0,0.2,0.0
1887,Double-kettlebell front squat,Strength,Legs,Dumbbell,Intermediate,"The double-kettlebell front squat is a popular kettlebell movement performed while holding two kettlebells in the front-racked position. It targets the muscles of the lower body dynamically, and the muscles of the upper back and core isometrically. It can be trained in traditional strength or muscle-building rep ranges, in circuit or fat-loss training, or as part of a larger kettlebell combination or complex.",1,0,0,0,0,1,0,0,0,0,0,0,0,0,1,0,2,1,0.0,0.2,0.0
1888,FYR Kettlebell Squat Clean,Strength,Legs,Dumbbell,Intermediate,"The kettlebell squat clean is an explosive kettlebell exercise where the lifter pulls the weight to shoulder level with a slight swing between the legs. It is often used as a drill to teach kettlebell clean technique, but is also a valuable power exercise in its own right. It can be performed in low rep ranges for strength or higher rep ranges for technique practice or muscle growth.",1,0,0,0,0,1,0,0,0,0,0,0,0,0,1,0,2,1,0.0,0.2,0.0
1889,Single-arm kettlebell front squat,Strength,Legs,Dumbbell,Intermediate,"The single-arm kettlebell front squat is a popular kettlebell movement performed while holding a single kettlebell in the front-racked position. It targets the muscles of the lower body dynamically, and the muscles of the upper back and core isometrically. It can be trained in traditional strength or muscle-building rep ranges, in circuit or fat-loss training, or as part of a kettlebell combination or complex.",1,0,0,0,0,1,0,0,0,0,0,0,0,0,1,0,2,1,0.0,0.2,0.0
1890,Kettlebell front rack lunge,Strength,Legs,Dumbbell,Intermediate,"The kettlebell front rack lunge is a dynamic leg and core exercise in which a lifter performs lunges while holding a single kettlebell in the front-racked position. It is a unique coordination challenge, but also challenging to the musculature of the abdomen, lower body, shoulders, and upper back. It is most commonly performed for higher reps, such as 10-15 reps per side, or for time. It can work in circuit-style workouts, as well as in muscle or strength-focused workouts.",1,0,0,0,0,1,0,0,0,0,0,0,0,0,1,0,2,0,0.0,0.2,0.0
1891,HM Turkish Get-Up,Strength,Legs,Dumbbell,Intermediate,,1,0,0,0,0,1,0,0,0,0,0,0,0,0,1,0,2,0,0.0,0.2,0.0
1892,HM Single-Leg Romanian Deadlift,Strength,Legs,Dumbbell,Intermediate,,1,0,0,0,0,1,0,0,0,0,0,0,0,0,1,0,2,1,0.0,0.6,0.0
1893,Taylor Single-Arm Kettlebell Front Squat,Strength,Legs,Dumbbell,Intermediate,,1,0,0,0,0,1,0,0,0,0,0,0,0,0,1,0,2,1,0.0,0.2,0.0
1894,Taylor Kettlebell Goblet Squat,Strength,Legs,Dumbbell,Intermediate,,1,0,0,0,0,1,0,0,0,0,0,0,0,0,1,0,2,1,0.0,0.2,0.0
1895,Goblet squat-,Strength,Legs,Dumbbell,Intermediate,"The goblet squat is a popular lower-body exercise where you hold a kettlebell or dumbbell in front of your chest as if you are supporting a heavy cup or goblet. It can help lifters of all levels improve their squat technique and hip mobility, but can also work as a muscle-building or strength accessory movement for experienced athletes. It also works well in combinations, complexes, and flows with other kettlebell movements like swings, presses, and cleans.",1,0,0,0,0,1,0,0,0,0,0,0,0,0,1,0,2,1,0.0,0.2,0.0
1896,Holman Kettlebell Squat Clean,Strength,Legs,Dumbbell,Intermediate,,1,0,0,0,0,1,0,0,0,0,0,0,0,0,1,0,2,1,0.0,0.2,0.0
1897,Holman Kettlebell Swing,Strength,Legs,Dumbbell,Intermediate,,1,0,0,0,0,1,0,0,0,0,0,0,0,0,1,0,2,0,0.0,0.2,0.0
1898,Holman Kettlebell Swing Transfer,Strength,Legs,Dumbbell,Intermediate,,1,0,0,0,0,1,0,0,0,0,0,0,0,0,1,0,2,0,0.0,0.2,0.0
1899,Dumbbell goblet squat-,Strength,Legs,Dumbbell,Intermediate,"The goblet squat is a popular lower-body exercise in which a dumbbell or kettlebell is held in front of the chest with two hands, approximating how you might hold a heavy goblet. It is used as a teaching tool to help instruct and develop proper squat form, but is also effective for building size in the quads, glutes, and hamstrings. It can be performed for low reps to build strength, or for higher reps to build muscle and conditioning.",1,0,0,0,0,1,0,0,0,0,0,0,0,0,1,0,2,1,0.0,0.2,0.0
1900,Robertson Kettlebell Jump,Strength,Legs,Dumbbell,Intermediate,,1,0,0,0,0,1,0,0,0,0,0,0,0,0,1,0,2,0,0.7,0.2,0.0
1901,FYR2 Alternating Kettlebell Squat Clean,Strength,Legs,Dumbbell,Intermediate,,1,0,0,0,0,1,0,0,0,0,0,0,0,0,1,0,2,1,0.0,0.2,0.0
1902,FYR2 Banded Double-Kettlebell Squat Pulse,Strength,Legs,Dumbbell,Intermediate,,1,0,0,0,0,1,0,0,0,0,0,0,0,0,1,0,2,1,0.0,0.2,0.0
1903,FYR2 Double-Kettlebell Ballin' Lunge,Strength,Legs,Dumbbell,Intermediate,,1,0,0,0,0,1,0,0,0,0,0,0,0,0,1,0,2,0,0.0,0.2,0.0
1904,FYR2 Double-Kettlebell Front Rack Lunge,Strength,Legs,Dumbbell,Intermediate,,1,0,0,0,0,1,0,0,0,0,0,0,0,0,1,0,2,0,0.0,0.2,0.0
1905,FYR2 Double-Kettlebell Front Squat,Strength,Legs,Dumbbell,Intermediate,,1,0,0,0,0,1,0,0,0,0,0,0,0,0,1,0,2,1,0.0,0.2,0.0
1906,FYR2 Explosive Kettlebell Jump Squat,Strength,Legs,Dumbbell,Intermediate,,1,0,0,0,0,1,0,0,0,0,0,0,0,0,1,0,2,1,0.7,0.2,0.0
1907,FYR2 Kettlebell Goblet Squat,Strength,Legs,Dumbbell,Intermediate,,1,0,0,0,0,1,0,0,0,0,0,0,0,0,1,0,2,1,0.0,0.2,0.0
1908,FYR2 Kettlebell Reverse Lunge Switch Grip,Strength,Legs,Dumbbell,Intermediate,,1,0,0,0,0,1,0,0,0,0,0,0,0,0,1,0,2,0,0.0,0.2,0.0
1909,FYR2 Kettlebell Reverse Lunge to Kneeling Press,Strength,Legs,Dumbbell,Intermediate,,1,0,0,0,0,1,0,0,0,0,0,0,0,0,1,0,2,0,0.0,0.2,0.0
1910,FYR2 Kettlebell Sumo Squat Pulse,Strength,Legs,Dumbbell,Intermediate,,1,0,0,0,0,1,0,0,0,0,0,0,0,0,1,0,2,1,0.0,0.2,0.0
1911,FYR2 Reverse Lunge to Single-Leg Kettlebell Deadlift,Strength,Legs,Dumbbell,Intermediate,,1,0,0,0,0,1,0,0,0,0,0,0,0,0,1,0,2,1,0.0,0.6,0.0
1912,FYR2 Kettlebell Goblet-Squat-Deadlift Complex,Strength,Legs,Dumbbell,Intermediate,,1,0,0,0,0,1,0,0,0,0,0,0,0,0,1,0,2,1,0.0,0.6,0.0
1913,FYR2 Kettlebell Squat-Press-Deadlift Complex,Strength,Legs,Dumbbell,Intermediate,,1,0,0,0,0,1,0,0,0,0,0,0,0,0,1,0,2,1,0.0,0.6,0.0
1914,Goblet Squats,Strength,Legs,Dumbbell,Intermediate,,1,0,0,0,0,1,0,0,0,0,0,0,0,0,1,0,2,1,0.0,0.2,0.0
1915,Dumbbell Goblet Squat,Strength,Legs,Dumbbell,Intermediate,"The goblet squat is a common exercise used in the early stages of learning to squat, or as a movement in general training programs for building size to the quads, glutes, and hamstrings.",1,0,0,0,0,1,0,0,0,0,0,0,0,0,1,0,2,1,0.0,0.2,0.9270833333333334
1916,Dumbbell squat,Strength,Legs,Dumbbell,Intermediate,"The dumbbell squat is a classic lower-body exercise that targets the quadriceps, hamstrings, and glutes. While this variation is usually performed with relatively light weights for high reps, it can also be used as a substitute for squats or the trap-bar deadlift in any workout.",1,0,0,0,0,1,0,0,0,0,0,0,0,0,1,0,2,1,0.0,0.2,0.9270833333333334
1917,Dumbbell Lunges,Strength,Legs,Dumbbell,Intermediate,"The dumbbell split squat is a popular lower-body exercise to build strength and muscle one leg at a time. It can be used to teach proper lunge form, but is also valuable on its own when trained in traditional strength-focused rep ranges, such as 5-8 reps per set, or for higher reps to build muscle or for conditioning.",1,0,0,0,0,1,0,0,0,0,0,0,0,0,1,0,2,0,0.0,0.2,0.9166666666666667
1918,Dumbbell reverse lunge,Strength,Legs,Dumbbell,Intermediate,"The dumbbell reverse lunge is a popular lower-body movement that targets the muscles of the quads, glutes, hamstrings, and hips. It also works the core and upper-back muscles to maintain posture while the lower body moves. Lunge variations are often performed for moderate to high reps, such as 8-12 reps per leg or more, as part of the lower-body portion of a workout. If this movement hurts your knees, try performing split squats instead.",1,0,0,0,0,1,0,0,0,0,0,0,0,0,1,0,2,0,0.0,0.2,0.90625
1919,Split Squat with Dumbbells,Strength,Legs,Dumbbell,Intermediate,"The dumbbell Bulgaria split squat is a single-leg exercise targeting the quads, glutes, and hamstrings.",1,0,0,0,0,1,0,0,0,0,0,0,0,0,1,0,2,1,0.0,0.2,0.8958333333333334
1920,Dumbbell sumo squat,Strength,Legs,Dumbbell,Intermediate,"The dumbbell sumo squat is a popular lower-body movement using a single dumbbell held in front of the legs. It is performed with a wider than shoulder-width stance, which increases the demand on the glutes, hamstrings, and adductors while still benefiting the quads, core, and upper body. It is usually performed for moderate to high reps, at least 8-12 reps per set, as part of the lower-body portion of a workout.",1,0,0,0,0,1,0,0,0,0,0,0,0,0,1,0,2,1,0.0,0.2,0.8645833333333335
1921,Dumbbell seated box jump,Strength,Legs,Dumbbell,Intermediate,"The dumbbell seated box jump is an explosive exercise that builds the quadriceps as well as overall lower-body strength and explosiveness. All you need is a box, a bench, and a light dumbbell. Performing it from a seated position eliminates the stretch reflex in the lower body, forcing you to generate more power. This is an advanced move, so consider starting off with box jumps or squat jumps before progressing to this.",1,0,0,0,0,1,0,0,0,0,0,0,0,0,1,0,2,0,0.7,0.2,0.8645833333333335
1922,Dumbbell step-up,Strength,Legs,Dumbbell,Intermediate,"The dumbbell step-up is a great exercise for building lower-body strength and power. It targets all the same muscles as bodyweight step-ups, such as the quads, glutes, and hamstrings, but allows for greater muscular overload.",1,0,0,0,0,1,0,0,0,0,0,0,0,0,1,0,2,0,0.0,0.2,0.8541666666666666
1923,Dumbbell Walking Lunge,Strength,Legs,Dumbbell,Intermediate,"The dumbbell walking lunge tests your ability to maintain balance while challenging the quads, glutes, and hamstrings as well as core muscles.",1,0,0,0,0,1,0,0,0,0,0,0,0,0,1,0,2,0,0.0,0.2,0.7604166666666666
1924,Dumbbell Squat To A Bench,Strength,Legs,Dumbbell,Beginner,,1,0,0,0,0,1,0,0,0,0,0,0,0,0,1,0,1,1,0.0,0.2,0.7291666666666667
1925,Dumbbell thruster,Strength,Legs,Dumbbell,Intermediate,"The dumbbell thruster, which begins with a squat and ends with an overhead press, works the entire body at once in a single fluid motion. This exercise is often performed with kettlebells, but dumbbells are also a great option.",1,0,0,0,0,1,0,0,0,0,0,0,0,0,1,0,2,1,0.0,0.2,0.0
1926,Dumbbell front squat,Strength,Legs,Dumbbell,Intermediate,"The dumbbell front squat is a popular exercise for targeting the muscles of the lower body, including the quadriceps, glutes, and hamstrings. Holding dumbbells in the racked position also works the core and upper-back muscles to maintain posture while the lower body moves. Because the amount of weight you can use will be limited by what you can clean to the rack position, this movement is usually performed for moderate to high reps, at least 8-12 reps per set or more. If this movement hurts your knees, try performing it with a wider stance.",1,0,0,0,0,1,0,0,0,0,0,0,0,0,1,0,2,1,0.0,0.2,0.0
1927,Single-Arm Dumbbell Overhead Squat,Strength,Legs,Dumbbell,Beginner,,1,0,0,0,0,1,0,0,0,0,0,0,0,0,1,0,1,1,0.0,0.2,0.0
1928,Dumbbell lateral hop,Strength,Legs,Dumbbell,Intermediate,"The dumbbell lateral hop is an explosive exercise that targets the muscles of the hips and legs. Adding dumbbells adds a challenge to the core, as well. Because balance can be a challenge, it is usually performed with relatively light weights, often as a component of fat-loss or athletic training.",1,0,0,0,0,1,0,0,0,0,0,0,0,0,1,0,2,0,0.0,0.2,0.0
1929,Dumbbell lunge with biceps curl,Strength,Legs,Dumbbell,Intermediate,"The dumbbell lunge with biceps curl combines an isometric hold at the bottom of a lunge with a dumbbell biceps curl. The two exercises combine to target the legs, core, and biceps. The curl will determine the amount of weight you can use, but even a light weight will make the lunge hold seriously challenging.",1,0,0,0,0,1,0,0,0,0,0,0,0,0,1,0,2,0,0.0,0.2,0.0
1930,Dumbbell Pistol Squat,Strength,Legs,Dumbbell,Beginner,,1,0,0,0,0,1,0,0,0,0,0,0,0,0,1,0,1,1,0.0,0.2,0.0
1931,Dumbbell Squat Snatch,Strength,Legs,Dumbbell,Beginner,,1,0,0,0,0,1,0,0,0,0,0,0,0,0,1,0,1,1,0.0,0.6,0.0
1932,Dumbbell Alternating Lunge,Strength,Legs,Dumbbell,Beginner,,1,0,0,0,0,1,0,0,0,0,0,0,0,0,1,0,1,0,0.0,0.2,0.0
1933,Dumbbell jump squat,Strength,Legs,Dumbbell,Intermediate,"The dumbbell jump squat is a popular movement combining an explosive lower-body movement with extra upper-body loading in the form of dumbbells held in the hands. Done with heavier weights, it can be trained for low reps with a power focus. With light weights, it is often done for higher reps for fat-loss and conditioning.",1,0,0,0,0,1,0,0,0,0,0,0,0,0,1,0,2,1,0.7,0.2,0.0
1934,Dumbbell Side Lunge,Strength,Legs,Dumbbell,Beginner,,1,0,0,0,0,1,0,0,0,0,0,0,0,0,1,0,1,0,0.0,0.2,0.0
1935,Boss Everline Dumbbell Lunge Jump,Strength,Legs,Dumbbell,Intermediate,,1,0,0,0,0,1,0,0,0,0,0,0,0,0,1,0,2,0,0.7,0.2,0.0
1936,Dumbbell Fix Dumbbell Split Squat,Strength,Legs,Dumbbell,Intermediate,,1,0,0,0,0,1,0,0,0,0,0,0,0,0,1,0,2,1,0.0,0.2,0.0
1937,Single-leg dumbbell Romanian deadlift,Strength,Legs,Dumbbell,Intermediate,"The single-leg dumbbell Romanian deadlift is a movement targeting the muscles of the hamstrings, glutes, and back. The difference between a Romanian deadlift and a stiff-legged deadlift is the amount of knee bend. The knees are only slightly bent in a stiff-legged deadlift, while they bend more in a Romanian deadlift. Single-leg deadlifts are generally performed for low to moderate reps, such as 8-10 reps per set, with a focus on maximizing the hamstring stretch rather than moving heavy weight. If balance is a challenge, this movement is still very effective if performed while holding on to a stable object for support.",1,0,0,0,0,1,0,0,0,0,0,0,0,0,1,0,2,1,0.0,0.6,0.0
1938,Dumbbell Fix Dumbbell Alternating Reverse Lunge,Strength,Legs,Dumbbell,Intermediate,,1,0,0,0,0,1,0,0,0,0,0,0,0,0,1,0,2,0,0.0,0.2,0.0
1939,Dumbbell Fix Turkish Get-Up,Strength,Legs,Dumbbell,Intermediate,,1,0,0,0,0,1,0,0,0,0,0,0,0,0,1,0,2,0,0.0,0.2,0.0
1940,Seesaw lunge,Strength,Legs,Dumbbell,Intermediate,The seesaw lunge is a bodyweight exercise that combines both the forward and the reverse lunge. It can also be performed holding dumbbells or other weights. It can be performed for time or reps in the lower-body portion of any workout.,1,0,0,0,0,1,0,0,0,0,0,0,0,0,1,0,2,0,0.0,0.2,0.0
1941,FYR Dumbbell Front Squat,Strength,Legs,Dumbbell,Intermediate,"The dumbbell front squat targets the quads, glutes, and hamstrings, as well as the upper body and challenging core stability for building total body strength.",1,0,0,0,0,1,0,0,0,0,0,0,0,0,1,0,2,1,0.0,0.2,0.0
1942,Dumbbell split squat,Strength,Legs,Dumbbell,Intermediate,"The dumbbell split squat is a popular lower-body exercise to build strength and muscle one leg at a time. It can be used to teach proper lunge form, but is also valuable on its own when trained in traditional strength-focused rep ranges, such as 5-8 reps per set, or for higher reps to build muscle or for conditioning.",1,0,0,0,0,1,0,0,0,0,0,0,0,0,1,0,2,1,0.0,0.2,0.0
1943,Dumbbell deadlift,Strength,Legs,Dumbbell,Intermediate,"The dumbbell deadlift is a movement that targets the hamstrings, glutes, and back muscles. While it can be performed all the way from the ground, in the style of a barbell deadlift, it is more often performed from the top down as a Romanian deadlift. The dumbbell deadlift can be performed in low rep ranges to build posterior strength, or for moderate to high reps to build muscle and endurance.",1,0,0,0,0,1,0,0,0,0,0,0,0,0,1,0,2,1,0.0,0.6,0.0
1944,Single-arm stiff-legged deadlift,Strength,Legs,Dumbbell,Intermediate,"The single-arm stiff-legged deadlift is a dumbbell exercise that targets the hamstrings, glutes, lower and upper back, and core. The difference between a stiff-legged deadlift and a Romanian deadlift is primarily the amount of knee bend. The knees are only slightly bent in a stiff-legged deadlift, while they bend more in a Romanian deadlift. Stiff-legged deadlifts are generally performed for low to moderate reps, such as 8-10 reps per set, with a focus on maximizing the hamstring stretch rather than moving heavy weight. Feel free to wear a weight belt to protect your lower back.",1,0,0,0,0,1,0,0,0,0,0,0,0,0,1,0,2,1,0.0,0.6,0.0
1945,HM Dumbbell Overhead Squat,Strength,Legs,Dumbbell,Intermediate,,1,0,0,0,0,1,0,0,0,0,0,0,0,0,1,0,2,1,0.0,0.2,0.0
1946,HM Dumbbell Squat,Strength,Legs,Dumbbell,Intermediate,,1,0,0,0,0,1,0,0,0,0,0,0,0,0,1,0,2,1,0.0,0.2,0.0
1947,UNS Dumbbell Goblet Squat,Strength,Legs,Dumbbell,Intermediate,,1,0,0,0,0,1,0,0,0,0,0,0,0,0,1,0,2,1,0.0,0.2,0.0
1948,Single-Arm Dumbbell Snatch,Strength,Legs,Dumbbell,Intermediate,,1,0,0,0,0,1,0,0,0,0,0,0,0,0,1,0,2,1,0.0,0.6,0.0
1949,KV Dumbbell Lunges,Strength,Legs,Dumbbell,Intermediate,,1,0,0,0,0,1,0,0,0,0,0,0,0,0,1,0,2,0,0.0,0.2,0.0
1950,Holman Squat to Biceps Curl,Strength,Legs,Dumbbell,Intermediate,,1,0,0,0,0,1,0,0,0,0,0,0,0,0,1,0,2,1,0.0,0.2,0.0
1951,Holman Burpee to Biceps Curl,Strength,Legs,Dumbbell,Intermediate,,1,0,0,0,0,1,0,0,0,0,0,0,0,0,1,0,2,1,0.7,0.2,0.0
1952,Holman Slow Weighted Reverse Lunge,Strength,Legs,Dumbbell,Intermediate,,1,0,0,0,0,1,0,0,0,0,0,0,0,0,1,0,2,0,0.0,0.2,0.0
1953,Holman Slow Weighted Plie Squat,Strength,Legs,Dumbbell,Intermediate,,1,0,0,0,0,1,0,0,0,0,0,0,0,0,1,0,2,1,0.0,0.2,0.0
1954,Holman Weighted Lunge Jump with Biceps Curl,Strength,Legs,Dumbbell,Intermediate,,1,0,0,0,0,1,0,0,0,0,0,0,0,0,1,0,2,0,0.7,0.2,0.0
1955,Holman Left Reverse Lunge Chest Press to Left Knee-Up Chest Press,Strength,Legs,Dumbbell,Intermediate,,1,0,0,0,0,1,0,0,0,0,0,0,0,0,1,0,2,0,0.0,0.2,0.0
1956,Holman Weighted Lunge Jump with Chest Press,Strength,Legs,Dumbbell,Intermediate,,1,0,0,0,0,1,0,0,0,0,0,0,0,0,1,0,2,0,0.7,0.2,0.0
1957,Holman Weighted Half Jack to Biceps Curl,Strength,Legs,Dumbbell,Intermediate,,1,0,0,0,0,1,0,0,0,0,0,0,0,0,1,0,2,0,0.0,0.2,0.0
1958,Holman Weighted Half Jack to Chest Press,Strength,Legs,Dumbbell,Intermediate,,1,0,0,0,0,1,0,0,0,0,0,0,0,0,1,0,2,0,0.0,0.2,0.0
1959,Holman 180 Jump to Renegade Side Raise,Strength,Legs,Dumbbell,Intermediate,,1,0,0,0,0,1,0,0,0,0,0,0,0,0,1,0,2,0,0.7,0.2,0.0
1960,Holman Right Reverse Lunge Biceps Curl to Right Knee-Up Biceps Curl,Strength,Legs,Dumbbell,Intermediate,,1,0,0,0,0,1,0,0,0,0,0,0,0,0,1,0,2,0,0.0,0.2,0.0
1961,Holman Roll-Back to Squat Thrust to Renegade Row,Strength,Legs,Dumbbell,Intermediate,,1,0,0,0,0,1,0,0,0,0,0,0,0,0,1,0,2,1,0.7,0.2,0.0
1962,Holman Roll-Back to Squat Thrust to Renegade Triceps Press,Strength,Legs,Dumbbell,Intermediate,,1,0,0,0,0,1,0,0,0,0,0,0,0,0,1,0,2,1,0.0,0.2,0.0
1963,Holman Weighted Narrow Squat Jump,Strength,Legs,Dumbbell,Intermediate,,1,0,0,0,0,1,0,0,0,0,0,0,0,0,1,0,2,1,0.8999999999999999,0.2,0.0
1964,Holman Diagonal Deadlift,Strength,Legs,Dumbbell,Intermediate,,1,0,0,0,0,1,0,0,0,0,0,0,0,0,1,0,2,1,0.0,0.6,0.0
1965,Holman Weighted Burpee to Triceps Press,Strength,Legs,Dumbbell,Intermediate,,1,0,0,0,0,1,0,0,0,0,0,0,0,0,1,0,2,1,0.7,0.2,0.0
1966,Holman Squat Thrust Overhead Press,Strength,Legs,Dumbbell,Intermediate,,1,0,0,0,0,1,0,0,0,0,0,0,0,0,1,0,2,1,0.0,0.2,0.0
1967,Holman Weighted Burpee to Chest Press,Strength,Legs,Dumbbell,Intermediate,,1,0,0,0,0,1,0,0,0,0,0,0,0,0,1,0,2,1,0.7,0.2,0.0
1968,Holman Squat to Right-Arm Overhead Press,Strength,Legs,Dumbbell,Intermediate,,1,0,0,0,0,1,0,0,0,0,0,0,0,0,1,0,2,1,0.0,0.2,0.0
1969,Holman Right Lunge Jump with Right Overhead Press,Strength,Legs,Dumbbell,Intermediate,,1,0,0,0,0,1,0,0,0,0,0,0,0,0,1,0,2,0,0.7,0.2,0.0
1970,Holman Left Lunge Jump with Left Overhead Press,Strength,Legs,Dumbbell,Intermediate,,1,0,0,0,0,1,0,0,0,0,0,0,0,0,1,0,2,0,0.7,0.2,0.0
1971,Holman Heavy Hip Drive,Strength,Legs,Dumbbell,Intermediate,,1,0,0,0,0,1,0,0,0,0,0,0,0,0,1,0,2,0,0.0,0.2,0.0
1972,Holman Squat to Left-Arm Overhead Press,Strength,Legs,Dumbbell,Intermediate,,1,0,0,0,0,1,0,0,0,0,0,0,0,0,1,0,2,1,0.0,0.2,0.0
1973,Holman Weighted Lunge Jump to Floor Lunge Jump,Strength,Legs,Dumbbell,Intermediate,,1,0,0,0,0,1,0,0,0,0,0,0,0,0,1,0,2,0,0.7,0.2,0.0
1974,Holman Alternating Weighted Lunge Jump to Chest Press,Strength,Legs,Dumbbell,Intermediate,,1,0,0,0,0,1,0,0,0,0,0,0,0,0,1,0,2,0,0.7,0.2,0.0
1975,Holman Weighted Burpee to Overhead Alternating Reverse Lunge,Strength,Legs,Dumbbell,Intermediate,,1,0,0,0,0,1,0,0,0,0,0,0,0,0,1,0,2,1,0.7,0.2,0.0
1976,Holman Weighted 180 Jump to Chest Press,Strength,Legs,Dumbbell,Intermediate,,1,0,0,0,0,1,0,0,0,0,0,0,0,0,1,0,2,0,0.7,0.2,0.0
1977,Holman Alternating Side Squat Overhead Press,Strength,Legs,Dumbbell,Intermediate,,1,0,0,0,0,1,0,0,0,0,0,0,0,0,1,0,2,1,0.0,0.2,0.0
1978,Holman Right Lunge with Right Biceps Curl,Strength,Legs,Dumbbell,Intermediate,,1,0,0,0,0,1,0,0,0,0,0,0,0,0,1,0,2,0,0.0,0.2,0.0
1979,Holman Left Lunge with Left Biceps Curl,Strength,Legs,Dumbbell,Intermediate,,1,0,0,0,0,1,0,0,0,0,0,0,0,0,1,0,2,0,0.0,0.2,0.0
1980,Holman Squat Thrust to Alternating Front Raise,Strength,Legs,Dumbbell,Intermediate,,1,0,0,0,0,1,0,0,0,0,0,0,0,0,1,0,2,1,0.0,0.2,0.0
1981,Dumbbell racked reverse lunge,Strength,Legs,Dumbbell,Intermediate,"The dumbbell racked reverse lunge is a popular lower-body movement that targets the muscles of the quads, glutes, hamstrings, and hips. Holding dumbbells in the racked position further challenges the core and upper-back muscles to maintain posture while the lower body moves. Lunge variations are often performed for moderate to high reps, such as 8-12 reps per leg or more, as part of the lower-body portion of a workout. If this movement hurts your knees, try performing split squats instead.",1,0,0,0,0,1,0,0,0,0,0,0,0,0,1,0,2,0,0.0,0.2,0.0
1982,Total Fitness Dumbbell Reverse Lunge,Strength,Legs,Dumbbell,Intermediate,"The dumbbell reverse lunge is a great single-leg movement that strengthens and builds the quads, hamstrings, and glutes.",1,0,0,0,0,1,0,0,0,0,0,0,0,0,1,0,2,0,0.0,0.2,0.0
1983,Single-arm dumbbell snatch-,Strength,Legs,Dumbbell,Intermediate,"The single-arm dumbbell snatch is an explosive exercise that builds full-body power and targets the muscles of the hips, back, and shoulders. It involves lifting a dumbbell from the ground to overhead in a single movement. It can be performed for low reps with a focus on power and speed, or for higher reps to build muscle or as part of a metabolic conditioning circuit.",1,0,0,0,0,1,0,0,0,0,0,0,0,0,1,0,2,1,0.0,0.6,0.0
1984,Total Fitness Dumbbell Step-Up,Strength,Legs,Dumbbell,Intermediate,"The dumbbell step-up is a great exercise for building lower-body strength and power. The dumbbell version is better for intermediate and advanced lifters than beginners, who should begin by performing these unweighted.",1,0,0,0,0,1,0,0,0,0,0,0,0,0,1,0,2,0,0.0,0.2,0.0
1985,Single-arm dumbbell front squat,Strength,Legs,Dumbbell,Intermediate,"The single-arm dumbbell front squat is an exercise that targets the quads, glutes, and hamstrings, as well as the upper body. It also challenges oblique strength due to the offset loading. It can be performed in strength and muscle-focused workouts, in circuit training, or as part of a larger dumbbell complex with movements like single-arm dumbbell clean and presses.",1,0,0,0,0,1,0,0,0,0,0,0,0,0,1,0,2,1,0.0,0.2,0.0
1986,King Maker Weighted Jump Squat,Strength,Legs,Dumbbell,Intermediate,"The dumbbell jump squat takes a classic bodybuilding move, the squat, and adds a plyometric element, the jump. It builds not only lower-body strength but also explosiveness.",1,0,0,0,0,1,0,0,0,0,0,0,0,0,1,0,2,1,0.7,0.2,0.0
1987,3D dumbbell lunge,Strength,Legs,Dumbbell,Intermediate,"The 3D dumbbell lunge is a sequence of lower-body exercises that target the muscles of the glutes, quads, and hamstrings from a variety of angles. It consists of one curtsy lunge with each leg, followed by one reverse lunge with each leg. This lunge variation is most commonly performed for multiple rounds as part of a lower-body circuit or workout.",1,0,0,0,0,1,0,0,0,0,0,0,0,0,1,0,2,0,0.0,0.2,0.0
1988,MetaBurn Dumbbell Burpee,Strength,Legs,Dumbbell,Intermediate,,1,0,0,0,0,1,0,0,0,0,0,0,0,0,1,0,2,1,0.7,0.2,0.0
1989,Dumbbell jump squat with rotation,Strength,Legs,Dumbbell,Intermediate,"The dumbbell jump squat with rotation is a popular movement combining an explosive lower-body movement with extra upper-body loading in the form of dumbbells held in the hands. Each jump ends with the body turned 90 degrees, adding a rotational power component to the lift. It is usually performed with light weights for high reps in fat-loss and conditioning workouts.",1,0,0,0,0,1,0,0,0,0,0,0,0,0,1,0,2,1,0.7,0.2,0.0
1990,MetaBurn Dumbbell Wide Squat to Rack,Strength,Legs,Dumbbell,Intermediate,,1,0,0,0,0,1,0,0,0,0,0,0,0,0,1,0,2,1,0.0,0.2,0.0
1991,MetaBurn Reverse Lunge To High Pull,Strength,Legs,Dumbbell,Intermediate,,1,0,0,0,0,1,0,0,0,0,0,0,0,0,1,0,2,0,0.0,0.2,0.0
1992,MetaBurn Reverse Lunge With Overhead Raise,Strength,Legs,Dumbbell,Intermediate,,1,0,0,0,0,1,0,0,0,0,0,0,0,0,1,0,2,0,0.0,0.2,0.0
1993,MetaBurn Squat to Triceps Extension,Strength,Legs,Dumbbell,Intermediate,,1,0,0,0,0,1,0,0,0,0,0,0,0,0,1,0,2,1,0.0,0.2,0.0
1994,30 Legs Dumbbell Goblet Squat,Strength,Legs,Dumbbell,Intermediate,,1,0,0,0,0,1,0,0,0,0,0,0,0,0,1,0,2,1,0.0,0.2,0.0
1995,30 Legs Dumbbell Squat,Strength,Legs,Dumbbell,Intermediate,,1,0,0,0,0,1,0,0,0,0,0,0,0,0,1,0,2,1,0.0,0.2,0.0
1996,Dumbbell step-down reverse lunge,Strength,Legs,Dumbbell,Intermediate,"The dumbbell step-down reverse lunge is an exercise targeting the lower body, particularly the glutes and hamstrings. The front foot is slightly elevated during this movement, making the subsequent step-down more pronounced and difficult. These are usually performed for time or for relatively high reps, such as 10 reps or more per side.",1,0,0,0,0,1,0,0,0,0,0,0,0,0,1,0,2,0,0.0,0.2,0.0
1997,Tire flip,Strength,Legs,None,Intermediate,"The tire flip is an exercise that works the entire body, starting from a deadlift position and ending with a giant tire being flipped over. Each flip moves the tire farther in one direction until a set has been completed. It can be performed for time or reps as part of a functional fitness or athleticism-focused workout.",1,0,0,0,0,1,0,0,0,0,0,1,0,0,0,0,2,0,0.0,0.2,0.9791666666666667
1998,Single Leg Push-off,Strength,Legs,None,Beginner,,1,0,0,0,0,1,0,0,0,0,0,1,0,0,0,0,1,0,0.0,0.2,0.9583333333333333
1999,Bear crawl sled drag,Strength,Legs,None,Intermediate,"The bear crawl sled drag is an advanced variation of the bear crawl exercise involving added resistance from a sled or other weight. If no sled is available, other viable options include dragging chain, a barbell plate, or a tire. The bear crawl sled drag is an intense full-body movement that targets the cardiovascular system as well as a wide range of muscle groups, particularly the shoulders, core, and legs. It can be done in short bursts for power or circuit training, or for longer durations as cardiovascular conditioning.",1,0,0,0,0,1,0,0,0,0,0,1,0,0,0,0,2,0,0.0,0.2,0.9375
2000,Bicycling,Cardio,Legs,None,Intermediate,,0,1,0,0,0,1,0,0,0,0,0,1,0,0,0,0,2,0,0.7,0.2,0.9270833333333334
2001,Hex-bar deadlift,Strength,Legs,None,Intermediate,"The hex bar deadlift is a variety of deadlift performed in a hexagonal barbell also known as a trap bar. The bar is held with a parallel (palms in) grip outside of the legs. It is biomechanically different from a barbell deadlift in that it lines up with a lifter's center of gravity, rather than placing the weight in front of their body. It activates all of the same muscle groups as conventional or sumo deadlifts, including the glutes, quads, hamstrings, lower back, lats, upper back, and grip.",1,0,0,0,0,1,0,0,0,0,0,1,0,0,0,0,2,1,0.0,0.6,0.9166666666666667
2002,Skating,Cardio,Legs,None,Beginner,,0,1,0,0,0,1,0,0,0,0,0,1,0,0,0,0,1,0,0.7,0.2,0.8750000000000001
2003,Weighted sissy squat,Strength,Legs,None,Intermediate,"The weighted sissy squat is an exercise primarily targeting the quadriceps. In sissy squats, the knees travel over the toes, placing the quads under a fairly extreme stretch. They are usually performed for moderate to high reps as part of a lower-body training session.",1,0,0,0,0,1,0,0,0,0,0,1,0,0,0,0,2,1,0.0,0.2,0.8750000000000001
2004,Dumbbell step-up,Strength,Legs,Dumbbell,Intermediate,"The dumbbell step-up is a great exercise for building lower-body strength and power. It targets all the same muscles as bodyweight step-ups, such as the quads, glutes, and hamstrings, but allows for greater muscular overload.",1,0,0,0,0,1,0,0,0,0,0,0,0,0,1,0,2,0,0.0,0.2,0.8541666666666666
2005,Yoke Walk,Strength,Legs,None,Beginner,,1,0,0,0,0,1,0,0,0,0,0,1,0,0,0,0,1,0,0.0,0.2,0.8333333333333334
2006,Front Cone Hops (or hurdle hops),Strength,Legs,None,Beginner,,1,0,0,0,0,1,0,0,0,0,0,1,0,0,0,0,1,0,0.0,0.2,0.7604166666666666
2007,Weighted Squat,Strength,Legs,None,Beginner,,1,0,0,0,0,1,0,0,0,0,0,1,0,0,0,0,1,1,0.0,0.2,0.75
2008,Bench skip,Strength,Legs,None,Intermediate,"The bench skip is an explosive lower-body exercise that involves alternating the position of the feet on top of a bench. It primarily targets the muscles of the lower body, but is also a serious cardiovascular challenge. It is often performed for high reps or for time as part of a fat-loss or athleticism-focused workout or circuit.",1,0,0,0,0,1,0,0,0,0,0,1,0,0,0,0,2,0,0.0,0.2,0.7291666666666667
2009,Backward Drag,Strength,Legs,None,Beginner,,1,0,0,0,0,1,0,0,0,0,0,1,0,0,0,0,1,0,0.0,0.2,0.7187500000000001
2010,Sled Push,Strength,Legs,None,Intermediate,"The sled push is a conditioning exercise that targets the cardiovascular system and the muscles of the lower body. It involves pushing a sled along a turf or other flat surface either for time or distance. Depending on your type of equipment, you may be pushing handles or straps in front of the sled. It can be used as part of a dynamic warm-up or for power training, as a finisher, or as part of a conditioning workout or circuit.",1,0,0,0,0,1,0,0,0,0,0,1,0,0,0,0,2,0,0.0,0.2,0.7083333333333334
2011,Barbell squat with plate slide,Strength,Legs,None,Intermediate,"The barbell squat with plate slide is an exercise targeting the quadriceps, with the plate slide also working the adductors and abductors. It can help you get more total-leg and hip development out of squats, but is probably not the sort of thing you want to do with a seriously heavy load on your back.",1,0,0,0,0,1,0,0,0,0,0,1,0,0,0,0,2,1,0.0,0.2,0.6979166666666667
2012,Suspended split squat,Strength,Legs,None,Intermediate,"The suspended split squat is a single-leg squat variation performed with the rear leg in a suspension strap system. This allows the rear leg to move slightly more naturally than it would be able to on a bench. The exercise targets the quads, hamstring, and glute muscles on the front leg, but also taxes and stretches the quads on the rear leg.",1,0,0,0,0,1,0,0,0,0,0,1,0,0,0,0,2,1,0.0,0.2,0.6770833333333334
2013,Intermediate Hip Flexor and Quad Stretch,Flexibility,Legs,None,Beginner,,0,0,1,0,0,1,0,0,0,0,0,1,0,0,0,0,1,0,0.0,0.2,0.65625
2014,Sled Drag - Harness,Strength,Legs,None,Intermediate,,1,0,0,0,0,1,0,0,0,0,0,1,0,0,0,0,2,0,0.0,0.2,0.0
2015,Burpee over barbell,Strength,Legs,None,Intermediate,"The burpee over barbell is an exercise that takes the burpee, a popular functional fitness move, and separates each rep with a lateral jump across the barbell. It works the cardiovascular system, but also the chest, quads, glutes, hamstrings, and abs. This exercise is a favorite of many athletes, including obstacle race participants.",1,0,0,0,0,1,0,0,0,0,0,1,0,0,0,0,2,1,0.7,0.2,0.0
2016,Dumbbell walking lunge-,Strength,Legs,None,Intermediate,"The dumbbell walking lunge is a popular lower-body movement that targets the muscles of the quads, glutes, hamstrings, and hips. It also works the core and upper-back muscles to maintain posture while the lower body moves. The dumbbell walking lunge is often performed for moderate to high reps, such as 8-12 reps per leg or more, as part of the lower-body portion of a workout. If this movement hurts your knees, try performing reverse lunges or split squats instead.",1,0,0,0,0,1,0,0,0,0,0,1,0,0,0,0,2,0,0.0,0.2,0.0
2017,Single-Leg Box Jump,Strength,Legs,None,Beginner,,1,0,0,0,0,1,0,0,0,0,0,1,0,0,0,0,1,0,0.7,0.2,0.0
2018,Conan's Wheel,Strength,Legs,None,Beginner,,1,0,0,0,0,1,0,0,0,0,0,1,0,0,0,0,1,0,0.0,0.2,0.0
2019,Single-Leg Hop Progression,Strength,Legs,None,Beginner,,1,0,0,0,0,1,0,0,0,0,0,1,0,0,0,0,1,0,0.0,0.2,0.0
2020,Rickshaw Deadlift,Strength,Legs,None,Beginner,,1,0,0,0,0,1,0,0,0,0,0,1,0,0,0,0,1,1,0.0,0.6,0.0
2021,Single-cone sprint drill,Strength,Legs,None,Intermediate,"The single-cone sprint drill is an agility drill that involves moving quickly around a single cone. It demands that an athlete start, stop, and change directions all in a short period of time and a small space. It can be beneficial for football players and other athletes where quick changes of direction are important.",1,0,0,0,0,1,0,0,0,0,0,1,0,0,0,0,2,0,0.7,0.2,0.0
2022,Single-Leg Stride Jump,Strength,Legs,None,Beginner,,1,0,0,0,0,1,0,0,0,0,0,1,0,0,0,0,1,0,0.7,0.2,0.0
2023,Trap Bar Jump,Strength,Legs,None,Beginner,,1,0,0,0,0,1,0,0,0,0,0,1,0,0,0,0,1,0,0.7,0.2,0.0
2024,Single-Leg Lateral Hop,Strength,Legs,None,Beginner,,1,0,0,0,0,1,0,0,0,0,0,1,0,0,0,0,1,0,0.0,0.2,0.0
2025,Burpee Box-Jumps,Strength,Legs,None,Intermediate,,1,0,0,0,0,1,0,0,0,0,0,1,0,0,0,0,2,1,0.8999999999999999,0.2,0.0
2026,Sandbag Load,Strength,Legs,None,Beginner,,1,0,0,0,0,1,0,0,0,0,0,1,0,0,0,0,1,0,0.0,0.2,0.0
2027,Single-leg knee-tap squat,Strength,Legs,None,Intermediate,"The single-leg knee-tap squat is a single-leg squat variation that involves “floating” the back leg over the ground on the descent until touching just the knee to the ground or a pad. It is similar to a lunge, but without touching the back foot to the ground. It is an intense strength and coordination challenge that can work in any strength- or athleticism-focused workout.",1,0,0,0,0,1,0,0,0,0,0,1,0,0,0,0,2,1,0.0,0.2,0.0
2028,Car Deadlift,Strength,Legs,None,Beginner,,1,0,0,0,0,1,0,0,0,0,0,1,0,0,0,0,1,1,0.0,0.6,0.0
2029,Barbell Squat To A Box,Strength,Legs,None,Beginner,,1,0,0,0,0,1,0,0,0,0,0,1,0,0,0,0,1,1,0.0,0.2,0.0
2030,Double Under,Cardio,Legs,None,Beginner,,0,1,0,0,0,1,0,0,0,0,0,1,0,0,0,0,1,0,0.7,0.2,0.0
2031,Plate push,Cardio,Legs,None,Intermediate,"The plate push is a conditioning exercise that targets the cardiovascular system and the muscles of the lower body. It involves pushing a plate along turf or another flat surface either for time or distance. It can be used as part of a dynamic warm-up or for power training, as a finisher, or as part of a conditioning workout or circuit.",0,1,0,0,0,1,0,0,0,0,0,1,0,0,0,0,2,0,0.7,0.2,0.0
2032,Hybrid deadlift,Strength,Legs,None,Intermediate,"The hybrid deadlift is a version of the barbell deadlift in which the lifter's stance is wider than a conventional position, but narrower than a wide sumo deadlift. The feet are just outside the shoulders and grip placement is just inside of the legs. Many non-competitive lifters find this position to be more spine friendly and strong than either of the other traditional stances. This variation of the deadlift has all the same benefits as the others, and is capable of building serious full-body and posterior chain strength.",1,0,0,0,0,1,0,0,0,0,0,1,0,0,0,0,2,1,0.0,0.6,0.0
2033,Boss Everline Suspension Side Run,Strength,Legs,None,Intermediate,,1,0,0,0,0,1,0,0,0,0,0,1,0,0,0,0,2,0,0.7,0.2,0.0
2034,Boss Everline Lunge Sled Push,Strength,Legs,None,Intermediate,,1,0,0,0,0,1,0,0,0,0,0,1,0,0,0,0,2,0,0.0,0.2,0.0
2035,Squat Bottom Position Hold,Strength,Legs,None,Intermediate,,1,0,0,0,0,1,0,0,0,0,0,1,0,0,0,0,2,1,0.0,0.2,0.0
2036,TRX Squat Jump,Strength,Legs,None,Intermediate,,1,0,0,0,0,1,0,0,0,0,0,1,0,0,0,0,2,1,0.7,0.2,0.0
2037,Landmine squat,Strength,Legs,None,Intermediate,"The landmine squat is a lower-body exercise that uses an angled barbell anchored at floor level in a landmine device. It can also be performed by sticking a barbell in the corner of a room, preferably in a towel to protect the walls. The landmine squat is similar in many ways to a goblet squat, but with slight differences due to the angle of the barbell. It can be trained in traditional muscle and strength-focused rep ranges or for higher reps.",1,0,0,0,0,1,0,0,0,0,0,1,0,0,0,0,2,1,0.0,0.2,0.0
2038,Dumbbell Bulgarian split squat,Strength,Legs,None,Intermediate,"The dumbbell Bulgarian split squat is a single-leg exercise targeting the quads, glutes, and hamstrings. Overloading the movement with dumbbells usually presents less of a balance challenge than putting a barbell on the back. Dumbbell split squats are usually performed for moderate to high reps, such as 8-12 reps per leg, but they are also effective done with heavier weights in lower rep ranges.",1,0,0,0,0,1,0,0,0,0,0,1,0,0,0,0,2,1,0.0,0.2,0.0
2039,Holman Towel Alternating Prisoner Reverse Lunge,Strength,Legs,None,Intermediate,,1,0,0,0,0,1,0,0,0,0,0,1,0,0,0,0,2,0,0.0,0.2,0.0
2040,Holman Weighted Burpee to Belly Touch,Strength,Legs,None,Intermediate,,1,0,0,0,0,1,0,0,0,0,0,1,0,0,0,0,2,1,0.7,0.2,0.0
2041,Holman Weighted Burpee to Front Punch,Strength,Legs,None,Intermediate,,1,0,0,0,0,1,0,0,0,0,0,1,0,0,0,0,2,1,0.7,0.2,0.0
2042,Holman Weighted Low Squat Punch,Strength,Legs,None,Intermediate,,1,0,0,0,0,1,0,0,0,0,0,1,0,0,0,0,2,1,0.0,0.2,0.0
2043,Holman Weighted Hook Punch to Squat Thrust,Strength,Legs,None,Intermediate,,1,0,0,0,0,1,0,0,0,0,0,1,0,0,0,0,2,1,0.0,0.2,0.0
2044,Holman Towel Alternating Side Lunge Squat,Strength,Legs,None,Intermediate,,1,0,0,0,0,1,0,0,0,0,0,1,0,0,0,0,2,1,0.0,0.2,0.0
2045,Holman Weighted Burpee to Renegade Side Punch,Strength,Legs,None,Intermediate,,1,0,0,0,0,1,0,0,0,0,0,1,0,0,0,0,2,1,0.7,0.2,0.0
2046,Holman Weighted Reverse Lunge to Knee-Up Overhead Press,Strength,Legs,None,Intermediate,,1,0,0,0,0,1,0,0,0,0,0,1,0,0,0,0,2,0,0.0,0.2,0.0
2047,Holman Lunge Jump with Overhead Press,Strength,Legs,None,Intermediate,,1,0,0,0,0,1,0,0,0,0,0,1,0,0,0,0,2,0,0.7,0.2,0.0
2048,Holman Weighted Burpee to Belly Touch to Standing T,Strength,Legs,None,Intermediate,,1,0,0,0,0,1,0,0,0,0,0,1,0,0,0,0,2,1,0.7,0.2,0.0
2049,Holman Weighted Squat Jump,Strength,Legs,None,Intermediate,,1,0,0,0,0,1,0,0,0,0,0,1,0,0,0,0,2,1,0.7,0.2,0.0
2050,Holman Weighted Plie Squat,Strength,Legs,None,Intermediate,,1,0,0,0,0,1,0,0,0,0,0,1,0,0,0,0,2,1,0.0,0.2,0.0
2051,Holman Heels-Elevated Sissy Squat,Strength,Legs,None,Intermediate,,1,0,0,0,0,1,0,0,0,0,0,1,0,0,0,0,2,1,0.0,0.2,0.0
2052,Holman Squat Jump to Overhead Press,Strength,Legs,None,Intermediate,,1,0,0,0,0,1,0,0,0,0,0,1,0,0,0,0,2,1,0.7,0.2,0.0
2053,Holman 180 Jump to Overhead Press,Strength,Legs,None,Intermediate,,1,0,0,0,0,1,0,0,0,0,0,1,0,0,0,0,2,0,0.7,0.2,0.0
2054,Holman Weighted Burpee to Row,Strength,Legs,None,Intermediate,,1,0,0,0,0,1,0,0,0,0,0,1,0,0,0,0,2,1,0.8999999999999999,0.2,0.0
2055,Holman Weighted Burpee to 180 Jump,Strength,Legs,None,Intermediate,,1,0,0,0,0,1,0,0,0,0,0,1,0,0,0,0,2,1,0.8999999999999999,0.2,0.0
2056,Holman Weighted 180 Jump,Strength,Legs,None,Intermediate,,1,0,0,0,0,1,0,0,0,0,0,1,0,0,0,0,2,0,0.7,0.2,0.0
2057,Holman Weighted Narrow-Mid-Wide Hop,Strength,Legs,None,Intermediate,,1,0,0,0,0,1,0,0,0,0,0,1,0,0,0,0,2,1,0.7,0.2,0.0
2058,Holman Alternating Weighted Diagonal Burpee,Strength,Legs,None,Intermediate,,1,0,0,0,0,1,0,0,0,0,0,1,0,0,0,0,2,1,0.7,0.2,0.0
2059,Holman Towel Burpee to Push-Up,Strength,Legs,None,Intermediate,,1,0,0,0,0,1,0,0,0,0,0,1,0,0,0,0,2,1,0.7,0.2,0.0
2060,Holman Towel Right Side Squat,Strength,Legs,None,Intermediate,,1,0,0,0,0,1,0,0,0,0,0,1,0,0,0,0,2,1,0.0,0.2,0.0
2061,ACFT Sprint-drag-carry,Strength,Legs,None,Intermediate,"The sprint-drag-carry is a strength and endurance relay that is part of the new Army Combat Fitness Test or ACFT. It combines sprinting, reverse sled drag, side shuffle, and a farmer's carry to test overall strength and athletic conditioning. Practicing this relay as a drill is great for developing strenght, speed, endurance, and power, and can also be great conditioning work for lifters and athletes of all ability levels.",1,0,0,0,0,1,0,0,0,0,0,1,0,0,0,0,2,0,0.7,0.2,0.0
2062,Cable Hip Adduction,Strength,Legs,Machine,Beginner,,1,0,0,0,0,1,0,0,0,0,0,0,0,0,0,1,1,0,0.0,0.2,0.8541666666666666
2063,Cable Deadlifts,Strength,Legs,Machine,Beginner,,1,0,0,0,0,1,0,0,0,0,0,0,0,0,0,1,1,1,0.0,0.6,0.8020833333333334
2064,KV Cable Squat,Strength,Legs,Machine,Intermediate,,1,0,0,0,0,1,0,0,0,0,0,0,0,0,0,1,2,1,0.0,0.2,0.0
2065,Single-Leg Press,Strength,Legs,Machine,Intermediate,"The single-leg leg press is an exercise targeting the quadriceps one leg at a time. Many lifters prefer the leg press to squatting for several reasons, including the perception that it’s safer for the spine.",1,0,0,0,0,1,0,0,0,0,0,0,0,0,0,1,2,0,0.0,0.2,1.0
2066,Stair climber,Cardio,Legs,Machine,Intermediate,"The stair climber is a popular cardio machine found in most commercial gyms. Along with burning a ton of calories, the stair climber also helps build strength in the lower body, especially the glutes. It can work well at higher speeds for interval-style conditioning training, but also works well at slower paces for steady-state cardio.",0,1,0,0,0,1,0,0,0,0,0,0,0,0,0,1,2,0,0.7,0.2,0.9479166666666666
2067,Leg Press,Strength,Legs,Machine,Intermediate,The leg press is a machine exercise targeting the quadriceps. It’s favorite among lifters who prefer the seated position to standing with a load on the spine.,1,0,0,0,0,1,0,0,0,0,0,0,0,0,0,1,2,0,0.0,0.2,0.9166666666666667
2068,Elliptical trainer,Cardio,Legs,Machine,Intermediate,"The elliptical trainer is a popular machine for cardiovascular training without the significant impact on your joints of running. On many machines, you can adjust the resistance level to make the movement more difficult for all four limbs. The elliptical is a mainstay in most commercial gyms, and can be equally effective for HIIT-style interval workouts or for longer-duration endurance work.",0,1,0,0,0,1,0,0,0,0,0,0,0,0,0,1,2,0,0.7,0.2,0.9166666666666667
2069,Narrow-stance leg press,Strength,Legs,Machine,Intermediate,"The narrow-stance leg press is a machine-based exercise that targets the muscles of the legs. It emphasizes the quads, particularly the muscles of the outer quads and hips. It is often used as an accessory for squats, or as a muscle-building movement during lower-body training when it is usually performed for moderate to high reps, such as 8-12 reps per set or more.",1,0,0,0,0,1,0,0,0,0,0,0,0,0,0,1,2,1,0.7,0.2,0.9166666666666667
2070,Narrow Stance Hack Squats,Strength,Legs,Machine,Beginner,,1,0,0,0,0,1,0,0,0,0,0,0,0,0,0,1,1,1,0.7,0.2,0.9166666666666667
2071,Stairmaster,Cardio,Legs,Machine,Intermediate,"The stair climber is a popular cardio machine found in most commercial gyms. Along with burning a ton of calories, the stair climber also helps build strength in the lower body, especially the glutes. It can work well at higher speeds for interval-style conditioning training, but also works well at slower paces for steady-state cardio.",0,1,0,0,0,1,0,0,0,0,0,0,0,0,0,1,2,0,0.7,0.2,0.9166666666666667
2072,Machine Squat,Strength,Legs,Machine,Intermediate,,1,0,0,0,0,1,0,0,0,0,0,0,0,0,0,1,2,1,0.0,0.2,0.9166666666666667
2073,Smith machine back squat,Strength,Legs,Machine,Intermediate,"The Smith machine back squat is a machine-based exercise targeting the muscles of the lower body. The Smith machine mimics a barbell but provides more stability. This movement can be programmed in low reps for strength or higher reps for muscle and strength endurance. It is often performed for moderate to high reps, such as 8-12 reps per set or more, as part of a full-body or lower-body workout.",1,0,0,0,0,1,0,0,0,0,0,0,0,0,0,1,2,1,0.0,0.2,0.90625
2074,Leg Extensions,Strength,Legs,Machine,Intermediate,The leg extension is an isolation exercise for the quads.,1,0,0,0,0,1,0,0,0,0,0,0,0,0,0,1,2,0,0.0,0.2,0.8854166666666667
2075,Treadmill running,Cardio,Legs,Machine,Intermediate,"Treadmill running is a popular cardiovascular exercise performed on a machine that is available in most gyms. Performing this exercise on a treadmill allows you to adjust the speed of your running and, depending on the machine, perform it on an adjustable incline. Many machines also have built-in heart rate monitors and timers to help you track your progress.",0,1,0,0,0,1,0,0,0,0,0,0,0,0,0,1,2,0,0.8999999999999999,0.2,0.8750000000000001
2076,Stationary bike,Cardio,Legs,Machine,Intermediate,"The stationary bike is a popular cardio machine found in most commercial gyms. Along with burning a ton of calories, the stationary bike also helps develop the lower body. Stationary bikes come in multiple variations, ranging from ones that resemble riding a bike, to recumbent bikes, to fan bikes that work both the arms and the legs. No matter the variation, a stationary bike can work well at higher speeds for interval-style conditioning training, but also works well at slower paces for steady-state cardio.",0,1,0,0,0,1,0,0,0,0,0,0,0,0,0,1,2,0,0.7,0.2,0.8645833333333335
2077,Treadmill jogging,Cardio,Legs,Machine,Intermediate,"Treadmill jogging is a popular cardiovascular exercise performed on a machine that is available in most gyms. Performing this exercise on a treadmill allows you to adjust the speed of your jogging and, depending on the machine, perform it on an adjustable incline. Many machines also have built-in heart rate monitors and timers to help you track your progress.",0,1,0,0,0,1,0,0,0,0,0,0,0,0,0,1,2,0,0.7,0.2,0.8645833333333335
2078,Recumbent Bike,Cardio,Legs,Machine,Beginner,,0,1,0,0,0,1,0,0,0,0,0,0,0,0,0,1,1,0,0.7,0.2,0.8541666666666666
2079,Smith machine leg press,Strength,Legs,Machine,Intermediate,"The Smith machine leg press is a machine-based movement that targets the quads, glutes, and hamstrings. It can serve as a substitute for the leg press or be programmed similarly to the leg press. It is usually performed for moderate to high reps, such as 8-12 reps per set or more, as part of lower-body training. If your Smith machine has safety bars, set them at a height that allows you a full range of motion while giving adequate protection from the weight potentially falling.",1,0,0,0,0,1,0,0,0,0,0,0,0,0,0,1,2,0,0.0,0.2,0.8333333333333334
2080,Lying Machine Squat,Strength,Legs,Machine,Intermediate,,1,0,0,0,0,1,0,0,0,0,0,0,0,0,0,1,2,1,0.0,0.2,0.8333333333333334
2081,Seated Leg Press,Strength,Legs,Machine,Intermediate,"The seated leg press is a lower body exercise that targets the quads, adductors, glutes, and hamstrings.",1,0,0,0,0,1,0,0,0,0,0,0,0,0,0,1,2,0,0.0,0.2,0.8020833333333334
2082,Smith machine pistol squat,Strength,Legs,Machine,Intermediate,"The Smith machine pistol squat is a machine-based exercise that targets the quads, glutes, and hamstrings. It is similar in form to a pistol squat but is performed with a bar on the shoulders. This adds extra resistance, but also eliminates some of the balance challenge of single-leg squats. This squat variation can be performed in low reps for strength or for higher reps for muscle gain.",1,0,0,0,0,1,0,0,0,0,0,0,0,0,0,1,2,1,0.0,0.2,0.7291666666666667
2083,Leverage Deadlift,Strength,Legs,Machine,Beginner,,1,0,0,0,0,1,0,0,0,0,0,0,0,0,0,1,1,1,0.0,0.6,0.0
2084,Leg press-,Strength,Legs,Machine,Intermediate,"The leg press is a machine exercise targeting the leg muscles, including the quads, glutes, and hamstrings. It's a favorite among lifters who prefer the seated position to standing with a load on the spine. The leg press is often used as an accessory for squats or deadlifts, but can also be the main lower-body movement in a workout. It is often performed for moderate to high reps, such as 8-12 reps per set or more.",1,0,0,0,0,1,0,0,0,0,0,0,0,0,0,1,2,0,0.0,0.2,0.0
2085,TBS Hack Squat,Strength,Legs,Machine,Intermediate,"The hack squat is a machine-based exercise that targets the muscles of the legs, particularly the quadriceps. It is often used as an accessory for squats, but can also be the main lower-body movement in a workout. It is often performed for moderate to high reps, such as 8-12 reps per set or more.",1,0,0,0,0,1,0,0,0,0,0,0,0,0,0,1,2,1,0.0,0.2,0.0
2086,Leg Extensions - Gethin Variation,Strength,Legs,Machine,Intermediate,The leg extension is an isolation exercise for the quads.,1,0,0,0,0,1,0,0,0,0,0,0,0,0,0,1,2,0,0.0,0.2,0.0
2087,Seated leg press-,Strength,Legs,Machine,Intermediate,"The seated leg press is a machine-based exercise that targets the quads, glutes, and hamstrings. It is similar in many ways to larger leg press machines, but often utilizes a selectorized weight stack rather than plate loading. Leg press variations are often used as an accessory for squats or deadlifts, but can also be the main lower-body movement in a workout. This movement is often performed for moderate to high reps, such as 8-12 reps per set or more.",1,0,0,0,0,1,0,0,0,0,0,0,0,0,0,1,2,0,0.0,0.2,0.0
2088,Smith machine front squat,Strength,Legs,Machine,Intermediate,"The Smith machine front squat is a machine-based exercise targeting the muscles of the lower body. The Smith machine mimics a barbell but provides more stability. This movement can be programmed in low reps for strength or higher reps for muscle and strength endurance. It is often performed for moderate to high reps, such as 8-12 reps per set or more, as part of a full-body or lower-body workout.",1,0,0,0,0,1,0,0,0,0,0,0,0,0,0,1,2,1,0.0,0.2,0.0
2089,Machine Deadlift - Gethin Variation,Strength,Legs,Machine,Intermediate,,1,0,0,0,0,1,0,0,0,0,0,0,0,0,0,1,2,1,0.0,0.6,0.0
2090,Single-leg hack squat,Strength,Legs,Machine,Intermediate,"The single-leg hack squat is a lower-body exercise mainly targeting the quads, performed one side at a time per set. It is often used as an accessory for squats, or as a muscle-building movement during lower-body training, and is usually performed for moderate to high reps, such as 8-12 reps per set or more.",1,0,0,0,0,1,0,0,0,0,0,0,0,0,0,1,2,1,0.0,0.2,0.0
2091,Narrow-stance hack squat,Strength,Legs,Machine,Intermediate,"The narrow-stance hack squat is a machine-based exercise that targets the muscles of the legs, particularly the quadriceps. It is often used as an accessory for squats, or as a muscle-building movement during lower-body training, and is usually performed for moderate to high reps, such as 8-12 reps per set or more.",1,0,0,0,0,1,0,0,0,0,0,0,0,0,0,1,2,1,0.7,0.2,0.0
2092,Alternating Single-Leg Curl - Gethin Variation,Strength,Legs,Machine,Intermediate,,1,0,0,0,0,1,0,0,0,0,0,0,0,0,0,1,2,0,0.0,0.2,0.0
2093,Stiff-Legged Deadlift - Gethin Variation,Strength,Legs,Machine,Intermediate,"The barbell stiff-legged deadlift targets the hamstrings, glutes, lower and upper back, as well as the core. It is a popular accessory movement for the deadlift, but also a muscle-building hamstring movement.",1,0,0,0,0,1,0,0,0,0,0,0,0,0,0,1,2,1,0.0,0.6,0.0
2094,Single-Leg Press - Gethin Variation,Strength,Legs,Machine,Intermediate,"The single-leg leg press is an exercise targeting the quadriceps one leg at a time. Many lifters prefer the leg press to squatting for several reasons, including the perception that it’s safer for the spine.",1,0,0,0,0,1,0,0,0,0,0,0,0,0,0,1,2,0,0.0,0.2,0.0
2095,Hack squat-,Strength,Legs,Machine,Intermediate,"The hack squat is a machine-based exercise that targets the muscles of the legs, particularly the quadriceps. It is often used as an accessory for squats, but can also be the main lower-body movement in a workout. It is often performed for moderate to high reps, such as 8-12 reps per set or more.",1,0,0,0,0,1,0,0,0,0,0,0,0,0,0,1,2,1,0.0,0.2,0.0
2096,Smith machine lunge squat,Strength,Legs,Machine,Intermediate,"The Smith machine lunge squat is an exercise targeting the quads, glutes, and hamstrings. Using added weight allows you to overload the exercise beyond body weight and perform the movement in strength ranges. The Smith machine mimics a barbell but provides more stability.",1,0,0,0,0,1,0,0,0,0,0,0,0,0,0,1,2,1,0.0,0.2,0.0
2097,Hack Squat - Gethin Variation,Strength,Legs,Machine,Expert,"The hack squat is a machine-based exercise that targets the muscles of the legs, particularly the quadriceps. It is often used as an accessory for squats, but can also be the main lower-body movement in a workout. It is often performed for moderate to high reps, such as 8-12 reps per set or more.",1,0,0,0,0,1,0,0,0,0,0,0,0,0,0,1,3,1,0.0,0.30000000000000004,0.0
2098,Leg Press - Gethin Variation,Strength,Legs,Machine,Intermediate,The leg press is a machine exercise targeting the quadriceps. It’s favorite among lifters who prefer the seated position to standing with a load on the spine.,1,0,0,0,0,1,0,0,0,0,0,0,0,0,0,1,2,0,0.0,0.2,0.0
2099,AM Leg Press,Strength,Legs,Machine,Intermediate,The leg press is a machine exercise targeting the quadriceps. It’s favorite among lifters who prefer the seated position to standing with a load on the spine.,1,0,0,0,0,1,0,0,0,0,0,0,0,0,0,1,2,0,0.0,0.2,0.0
2100,Leg extension,Strength,Legs,Machine,Intermediate,"The leg extension is a popular machine-based exercise for the legs, particularly the quadriceps. It is usually performed for moderate to high reps, such as 8-12 reps per set or more, as part of a leg pre-exhaust or as a muscle-building movement for lower-body training.",1,0,0,0,0,1,0,0,0,0,0,0,0,0,0,1,2,0,0.0,0.2,0.0
2101,UP Quad Extension,Strength,Legs,Machine,Intermediate,The leg extension is an isolation exercise for the quads.,1,0,0,0,0,1,0,0,0,0,0,0,0,0,0,1,2,0,0.0,0.2,0.0
2102,UP Single-Leg Press,Strength,Legs,Machine,Intermediate,"The single-leg leg press is an exercise targeting the quadriceps one leg at a time. Many lifters prefer the leg press to squatting for several reasons, including the perception that it’s safer for the spine.",1,0,0,0,0,1,0,0,0,0,0,0,0,0,0,1,2,0,0.0,0.2,0.0
2103,UP Leg Press,Strength,Legs,Machine,Intermediate,The leg press is a machine exercise targeting the quadriceps. It’s favorite among lifters who prefer the seated position to standing with a load on the spine.,1,0,0,0,0,1,0,0,0,0,0,0,0,0,0,1,2,0,0.0,0.2,0.0
2104,Pop Squat On Leg Press,Strength,Legs,Machine,Intermediate,,1,0,0,0,0,1,0,0,0,0,0,0,0,0,0,1,2,1,0.0,0.2,0.0
2105,King Maker Leg Press,Strength,Legs,Machine,Intermediate,The leg press is a machine exercise targeting the quadriceps. It’s favorite among lifters who prefer the seated position to standing with a load on the spine.,1,0,0,0,0,1,0,0,0,0,0,0,0,0,0,1,2,0,0.0,0.2,0.0
2106,Single-leg leg press,Strength,Legs,Machine,Intermediate,"The single-leg leg press is a machine exercise targeting the leg muscles, including the quads, glutes, and hamstrings. The leg press is often used as an accessory for squats or deadlifts, but can also be the main lower-body movement in a workout. It is often performed for moderate to high reps, such as 8-12 reps per set or more.",1,0,0,0,0,1,0,0,0,0,0,0,0,0,0,1,2,0,0.0,0.2,0.0
2107,King Maker Hack Squat,Strength,Legs,Machine,Intermediate,"The hack squat is a machine-based exercise that targets the muscles of the legs, particularly the quadriceps. It is often used as an accessory for squats, but can also be the main lower-body movement in a workout. It is often performed for moderate to high reps, such as 8-12 reps per set or more.",1,0,0,0,0,1,0,0,0,0,0,0,0,0,0,1,2,1,0.0,0.2,0.0
2108,30 Legs Feet-High Leg Press,Strength,Legs,Machine,Intermediate,,1,0,0,0,0,1,0,0,0,0,0,0,0,0,0,1,2,0,0.0,0.2,0.0
2109,30 Legs Leg Press,Strength,Legs,Machine,Intermediate,,1,0,0,0,0,1,0,0,0,0,0,0,0,0,0,1,2,0,0.0,0.2,0.0
2110,30 Legs Leg Press Calf Raise,Strength,Legs,Machine,Intermediate,,1,0,0,0,0,1,0,0,0,0,0,0,0,0,0,1,2,0,0.0,0.2,0.0
2111,30 Legs Lying Leg Curl,Strength,Legs,Machine,Intermediate,,1,0,0,0,0,1,0,0,0,0,0,0,0,0,0,1,2,0,0.0,0.2,0.0
2112,30 Legs Machine Hack Squat,Strength,Legs,Machine,Intermediate,,1,0,0,0,0,1,0,0,0,0,0,0,0,0,0,1,2,1,0.0,0.2,0.0
2113,30 Legs Single-Leg Leg Extension,Strength,Legs,Machine,Intermediate,,1,0,0,0,0,1,0,0,0,0,0,0,0,0,0,1,2,0,0.0,0.2,0.0
2114,30 Legs Single-Leg Leg Press,Strength,Legs,Machine,Intermediate,,1,0,0,0,0,1,0,0,0,0,0,0,0,0,0,1,2,0,0.0,0.2,0.0
2115,30 Legs Single-Leg Lying Leg Curl,Strength,Legs,Machine,Intermediate,,1,0,0,0,0,1,0,0,0,0,0,0,0,0,0,1,2,0,0.0,0.2,0.0
2116,30 Legs Smith Machine Split Squat,Strength,Legs,Machine,Intermediate,,1,0,0,0,0,1,0,0,0,0,0,0,0,0,0,1,2,1,0.0,0.2,0.0
2117,30 Legs Smith Machine Squat,Strength,Legs,Machine,Intermediate,,1,0,0,0,0,1,0,0,0,0,0,0,0,0,0,1,2,1,0.0,0.2,0.0
2118,Jumping rope,Cardio,Legs,None,Intermediate,"Jumping rope is a classic conditioning exercise that is popular with everyone from children to boxers to CrossFit athletes. It targets many different muscles, including the calves, glutes, shoulders, and upper back, and is great for everything from fat loss to improving overall athletic performance.",0,1,0,0,0,1,0,0,0,0,0,1,0,0,0,0,2,0,0.8999999999999999,0.2,0.9583333333333333
2119,Forward lunge,Strength,Legs,None,Intermediate,"The forward lunge is a lower-body bodyweight exercise targeting the quads, glutes, and hamstrings. It can also be performed holding dumbbells or other weights. The forward lunge places more emphasis on the quads than other lunge variations. It can be performed for time or reps in the lower-body portion of any workout.",1,0,0,0,0,1,0,0,0,0,0,1,0,0,0,0,2,0,0.0,0.2,0.9375
2120,Side-to-side box skip,Strength,Legs,None,Intermediate,"The side-to-side box skip is an explosive lower-body exercise that involves jumping laterally over a bench or box, landing with one foot on top of the surface, and then switching positions. It primarily targets the muscles of the lower body, but is also a serious cardiovascular challenge. It is often performed for high reps or for time as part of a fat-loss or athleticism-focused workout or circuit.",1,0,0,0,0,1,0,0,0,0,0,1,0,0,0,0,2,0,0.0,0.2,0.9270833333333334
2121,Bodyweight squat,Strength,Legs,None,Intermediate,"The bodyweight squat is a fundamental exercise that strengthens the quads, glutes, and hamstrings. It can be performed as part of a dynamic warm-up, for time or reps during a workout, or for hip and spine mobility any time.",1,0,0,0,0,1,0,0,0,0,0,1,0,0,0,0,2,1,0.0,0.2,0.9166666666666667
2122,Broad jump,Strength,Legs,None,Intermediate,"The broad jump is an explosive lower-body exercise. It is a common way to measure explosive hip and lower-body strength in athletes. The more explosive you are, the farther you'll be able to jump.",1,0,0,0,0,1,0,0,0,0,0,1,0,0,0,0,2,0,0.7,0.2,0.9166666666666667
2123,Burpee,Cardio,Legs,None,Intermediate,"The burpee is a high-intensity exercise that recruits the entire body to build strength and aerobic capacity. It is common in CrossFit workouts and group fitness classes, but can also be performed for time or reps in any fat-loss or athleticism-focused circuit or workout.",0,1,0,0,0,1,0,0,0,0,0,1,0,0,0,0,2,1,0.8999999999999999,0.2,0.9166666666666667
2124,Trail Running/Walking,Cardio,Legs,None,Intermediate,,0,1,0,0,0,1,0,0,0,0,0,1,0,0,0,0,2,0,0.8999999999999999,0.2,0.90625
2125,Scissors Jump,Strength,Legs,None,Expert,"The alternating lunge jump is an explosive bodyweight exercise that targets the lower-body muscles, including the quads, glutes, and hamstrings. It can be performed for time or reps in power training, and is also effective in any fat-loss or athleticism-focused workout.",1,0,0,0,0,1,0,0,0,0,0,1,0,0,0,0,3,0,0.7,0.30000000000000004,0.8854166666666667
2126,Jumping jack-,Strength,Legs,None,Intermediate,"The jumping jack is a classic calisthenics exercise to improve overall conditioning. It’s one the most recognizable exercises on the planet, and it’s almost synonymous with training for military recruits. It can be done for time or reps, often in dynamic warm-ups or to mobilize the hips and shoulders.",1,0,0,0,0,1,0,0,0,0,0,1,0,0,0,0,2,0,0.7,0.2,0.8854166666666667
2127,Arms-crossed jump squat,Strength,Legs,None,Intermediate,"The arms-crossed jump squat is an explosive version of the jump squat. Crossing your arms eliminates any extra power that could come from swinging your arms, making the movement extra strict and challenging for the lower body. It can be performed for time or reps and is especially effective in a fat-loss or athleticism-focused circuit or workout.",1,0,0,0,0,1,0,0,0,0,0,1,0,0,0,0,2,1,0.7,0.2,0.8750000000000001
2128,Bodyweight Reverse Lunge,Strength,Legs,None,Intermediate,"The reverse lunge is a lower-body exercise targeting the quads, glutes, and hamstrings. The reverse lunge places more emphasis on the glutes than other lunge variations.",1,0,0,0,0,1,0,0,0,0,0,1,0,0,0,0,2,0,0.0,0.2,0.8645833333333335
2129,Alien Squat,Strength,Legs,None,Beginner,,1,0,0,0,0,1,0,0,0,0,0,1,0,0,0,0,1,1,0.0,0.2,0.8541666666666666
2130,Treadmill walking,Cardio,Legs,None,Intermediate,"Treadmill walking is a popular cardiovascular exercise performed on a machine that is available in most gyms. Performing this exercise on a treadmill allows you to adjust the speed of your walking and, depending on the machine, perform it on an adjustable incline. Many machines also have built-in heart rate monitors and timers to help you track your progress.",0,1,0,0,0,1,0,0,0,0,0,1,0,0,0,0,2,0,0.7,0.2,0.8541666666666666
2131,Rocket Jump,Strength,Legs,None,Beginner,,1,0,0,0,0,1,0,0,0,0,0,1,0,0,0,0,1,0,0.7,0.2,0.8333333333333334
2132,Depth jump box jump,Strength,Legs,None,Intermediate,"The depth jump box jump is a plyometric exercise that entails jumping off one box, dropping into a squat, and then jumping up onto another box. These are all performed fluidly to complete one rep. Depth jumps have been a staple of high-level athletic programming for decades. They are usually performed for low reps with a focus on power and technique. If they hurt your knees or back, consider performing box jumps or squat jumps instead.",1,0,0,0,0,1,0,0,0,0,0,1,0,0,0,0,2,0,0.7,0.2,0.8333333333333334
2133,Bodyweight Walking Lunge,Strength,Legs,None,Intermediate,"The walking lunge is a lower-body exercise that targets the glutes, quads, and hamstrings while challenging stability and balance. It can be performed for reps, time, or distance in the lower-body portion of any workout.",1,0,0,0,0,1,0,0,0,0,0,1,0,0,0,0,2,0,0.0,0.2,0.8333333333333334
2134,Walking High Knees,Cardio,Legs,None,Intermediate,,0,1,0,0,0,1,0,0,0,0,0,1,0,0,0,0,2,0,0.7,0.2,0.8125
2135,Lateral lunge,Strength,Legs,None,Intermediate,"The lateral lunge is a lower-body bodyweight movement that works the quads, glutes, and hamstrings. It can also be performed holding dumbbells or other weights. It is often performed for reps as part of a dynamic warm-up or mobility routine but can also work in a circuit or other workouts.",1,0,0,0,0,1,0,0,0,0,0,1,0,0,0,0,2,0,0.0,0.2,0.8125
2136,Jump Squat,Strength,Legs,None,Intermediate,"The jump squat is an explosive bodyweight exercise targeting the quads, hamstrings, and glutes. It is also a serious cardiovascular challenge when done for reps. It can be performed as a power exercise to build jumping power, or in any fat-loss or athleticism-focused workout.",1,0,0,0,0,1,0,0,0,0,0,1,0,0,0,0,2,1,0.7,0.2,0.7916666666666666
2137,Over bench jump,Strength,Legs,None,Intermediate,The over bench jump is a plyometric exercise requiring only a weight bench to perform. It improves jumping ability and athleticism while burning a lot of calories.,1,0,0,0,0,1,0,0,0,0,0,1,0,0,0,0,2,0,0.7,0.2,0.78125
2138,Split Jump,Strength,Legs,None,Intermediate,"The alternating lunge jump is an explosive bodyweight exercise that targets the lower-body muscles, including the quads, glutes, and hamstrings. It can be performed for time or reps in power training, and is also effective in any fat-loss or athleticism-focused workout.",1,0,0,0,0,1,0,0,0,0,0,1,0,0,0,0,2,0,0.7,0.2,0.78125
2139,90-degree jump squat,Strength,Legs,None,Intermediate,"The 90-degree jump squat is an explosive bodyweight exercise that targets the muscles of the lower body, including the quads, glutes, and hamstrings, as well as the cardiovascular system. It can be performed for time or reps, usually in a fat-loss or athleticism-focused circuit workout.",1,0,0,0,0,1,0,0,0,0,0,1,0,0,0,0,2,1,0.7,0.2,0.7291666666666667
2140,Skip,Strength,Legs,None,Intermediate,"The skip is an exercise that builds power and explosiveness in the legs. It's commonly performed by children and in gym classes, but is also great for working the legs and hip flexors, making it a favorite warm-up for athletes who need to explode vertically.",1,0,0,0,0,1,0,0,0,0,0,1,0,0,0,0,2,0,0.0,0.2,0.5729166666666667
2141,Kneeling hip flexor stretch,Flexibility,Legs,None,Intermediate,"The kneeling hip flexor stretch is a stretch targeting greater flexibility in the front side of the hips. It targets a chronically tight muscle group and is often performed as part of a dynamic warm-up, a cool-down, or as recovery work after training.",0,0,1,0,0,1,0,0,0,0,0,1,0,0,0,0,2,0,0.0,0.2,0.5625000000000001
2142,Iron Crosses (stretch),Flexibility,Legs,None,Intermediate,,0,0,1,0,0,1,0,0,0,0,0,1,0,0,0,0,2,0,0.0,0.2,0.5416666666666667
2143,All Fours Quad Stretch,Flexibility,Legs,None,Beginner,,0,0,1,0,0,1,0,0,0,0,0,1,0,0,0,0,1,0,0.0,0.2,0.5208333333333334
2144,Lying quad stretch with band,Flexibility,Legs,None,Intermediate,"The lying quad stretch with band is a simple way to stretch a chronically tight muscle group of the lower body. It is common in stretching and yoga classes but can also be performed individually as part of a warm-up, paired with movements in a workout, or as part of a cool-down or recovery strategy.",0,0,1,0,0,1,0,0,0,0,0,1,0,0,0,0,2,0,0.0,0.2,0.5104166666666667
2145,One Half Locust,Flexibility,Legs,None,Intermediate,,0,0,1,0,0,1,0,0,0,0,0,1,0,0,0,0,2,0,0.0,0.2,0.48958333333333337
2146,Standing Hip Flexors,Flexibility,Legs,None,Intermediate,,0,0,1,0,0,1,0,0,0,0,0,1,0,0,0,0,2,0,0.0,0.2,0.45833333333333337
2147,Looking At Ceiling,Flexibility,Legs,None,Intermediate,,0,0,1,0,0,1,0,0,0,0,0,1,0,0,0,0,2,0,0.0,0.2,0.4479166666666667
2148,Rear Leg Raises,Flexibility,Legs,None,Beginner,,0,0,1,0,0,1,0,0,0,0,0,1,0,0,0,0,1,0,0.0,0.2,0.3541666666666667
2149,On Your Side Quad Stretch,Flexibility,Legs,None,Intermediate,,0,0,1,0,0,1,0,0,0,0,0,1,0,0,0,0,2,0,0.0,0.2,0.34375
2150,On-Your-Back Quad Stretch,Flexibility,Legs,None,Intermediate,,0,0,1,0,0,1,0,0,0,0,0,1,0,0,0,0,2,0,0.0,0.2,0.34375
2151,Standing Elevated Quad Stretch,Flexibility,Legs,None,Intermediate,,0,0,1,0,0,1,0,0,0,0,0,1,0,0,0,0,2,0,0.0,0.2,0.28125000000000006
2152,Thigh killa,Strength,Legs,None,Intermediate,"The thigh killa is a challenging lower-body bodyweight exercise that builds muscular endurance with a series of hops and bodyweight squats. It can be performed for time or reps, usually in a circuit workout or as a lower-body finisher.",1,0,0,0,0,1,0,0,0,0,0,1,0,0,0,0,2,0,0.0,0.2,0.0
2153,Southpaw sprawl,Strength,Legs,None,Intermediate,"The southpaw sprawl is a full-body movement that combines elements of a single-arm plank and a sprawl. It also has a rotational component, with a jumping leg-cross and torso twist in a single-arm plank position. It is a challenging move that trains balance, core strength, and many muscle groups, making it work well in a time-efficient bodyweight circuit workout.",1,0,0,0,0,1,0,0,0,0,0,1,0,0,0,0,2,0,0.0,0.2,0.0
2154,Stride Jump Crossover,Strength,Legs,None,Intermediate,,1,0,0,0,0,1,0,0,0,0,0,1,0,0,0,0,2,0,0.7,0.2,0.0
2155,Side Standing Long Jump,Strength,Legs,None,Intermediate,,1,0,0,0,0,1,0,0,0,0,0,1,0,0,0,0,2,0,0.7,0.2,0.0
2156,Wall squat,Strength,Legs,None,Intermediate,"The wall squat is a bodyweight exercise targeting the quadriceps, as well as other muscles in the lower body and core. The lifter's back is flat against a wall, and the back slides down and up the wall during each rep. If you don't have a smooth wall to slide on, the exercise can also be performed with an exercise ball between the back and the wall.",1,0,0,0,0,1,0,0,0,0,0,1,0,0,0,0,2,1,0.0,0.2,0.0
2157,Slide Jump Shot,Strength,Legs,None,Beginner,,1,0,0,0,0,1,0,0,0,0,0,1,0,0,0,0,1,0,0.7,0.2,0.0
2158,Sprawl frog kick,Strength,Legs,None,Intermediate,"The sprawl frog kick is an explosive bodyweight exercise that targets multiple muscle groups across the upper and lower body. It is similar to a traditional sprawl, but with an extra hop in the middle of each rep. It can be performed for time or reps in any fat-loss or athleticism-focused circuit or workout.",1,0,0,0,0,1,0,0,0,0,0,1,0,0,0,0,2,0,0.0,0.2,0.0
2159,Lateral Speed Step,Cardio,Legs,None,Intermediate,,0,1,0,0,0,1,0,0,0,0,0,1,0,0,0,0,2,0,0.7,0.2,0.0
2160,Side Hop-Sprint,Strength,Legs,None,Intermediate,,1,0,0,0,0,1,0,0,0,0,0,1,0,0,0,0,2,0,0.7,0.2,0.0
2161,Pop squat,Strength,Legs,None,Intermediate,"The pop squat is an explosive bodyweight exercise that targets the lower-body muscles, including the quads, glutes, and hamstrings. It is similar to a jump squat, but alternates between a narrow and wide stance with each jump. It can be performed for time or reps in power training and is also effective in any fat-loss or athleticism-focused workout.",1,0,0,0,0,1,0,0,0,0,0,1,0,0,0,0,2,1,0.0,0.2,0.0
2162,Star Jump,Strength,Legs,None,Beginner,,1,0,0,0,0,1,0,0,0,0,0,1,0,0,0,0,1,0,0.7,0.2,0.0
2163,Side Lunge Touching Heel,Strength,Legs,None,Intermediate,"The side lunge cross-body heel-touch is a lower-body exercise targeting the quads, glutes, and hamstrings. The heel-touch adds a slight rotational challenge.",1,0,0,0,0,1,0,0,0,0,0,1,0,0,0,0,2,0,0.0,0.2,0.0
2164,Lying Prone Quadriceps,Flexibility,Legs,None,Beginner,,0,0,1,0,0,1,0,0,0,0,0,1,0,0,0,0,1,0,0.0,0.2,0.0
2165,Fast Kick With Arm Circles,Cardio,Legs,None,Beginner,,0,1,0,0,0,1,0,0,0,0,0,1,0,0,0,0,1,0,0.7,0.2,0.0
2166,Single-leg box squat,Strength,Legs,None,Intermediate,"The single-leg box squat is a bodyweight exercise that targets the muscles of the lower body, including the quads, glutes, and hamstrings. It is similar in form to a pistol squat, except that you sit to a box. This allows you to customize the depth of the movement to your movement abilities and mobility level. For this reason, the single-leg box squat is a popular movement for building leg strength in beginning trainees. It can be performed in lower strength-focused rep ranges, such as 5-8 reps per leg, or for higher reps for muscle building.",1,0,0,0,0,1,0,0,0,0,0,1,0,0,0,0,2,1,0.0,0.2,0.0
2167,Defensive Slide,Cardio,Legs,None,Beginner,,0,1,0,0,0,1,0,0,0,0,0,1,0,0,0,0,1,0,0.7,0.2,0.0
2168,Quick Leap,Strength,Legs,None,Intermediate,,1,0,0,0,0,1,0,0,0,0,0,1,0,0,0,0,2,0,0.0,0.2,0.0
2169,Vertical Mountain Climber,Cardio,Legs,None,Beginner,,0,1,0,0,0,1,0,0,0,0,0,1,0,0,0,0,1,0,0.7,0.2,0.0
2170,Reverse Burpee,Strength,Legs,None,Beginner,,1,0,0,0,0,1,0,0,0,0,0,1,0,0,0,0,1,1,0.7,0.2,0.0
2171,Football Up-Down,Cardio,Legs,None,Beginner,,0,1,0,0,0,1,0,0,0,0,0,1,0,0,0,0,1,0,0.7,0.2,0.0
2172,Jump lunge heel kick,Strength,Legs,None,Intermediate,"The jump lunge heel kick is a high-intensity, full-body exercise targeting the quads, glutes, and hamstrings. It combines a jump lunge with a standing hamstring stretch in a unique combo that also challenges balance. It can be performed for time or reps as part of a fat-loss or athleticism-focused circuit or workout.",1,0,0,0,0,1,0,0,0,0,0,1,0,0,0,0,2,0,0.7,0.2,0.0
2173,Burpee box jump,Strength,Legs,None,Intermediate,"The burpee box jump is an explosive bodyweight exercise that combines a burpee with a leap onto a box or step. First, you perform a traditional burpee, and then instead of jumping into the air, you jump onto a box. This makes you focus on power generation in the jump, making each rep more challenging. Burpee box jumps are often performed for high reps as part of metabolic conditioning circuits or workouts.",1,0,0,0,0,1,0,0,0,0,0,1,0,0,0,0,2,1,0.8999999999999999,0.2,0.0
2174,Linear Depth Jump,Strength,Legs,None,Intermediate,,1,0,0,0,0,1,0,0,0,0,0,1,0,0,0,0,2,0,0.7,0.2,0.0
2175,Slow Jog,Cardio,Legs,None,Beginner,,0,1,0,0,0,1,0,0,0,0,0,1,0,0,0,0,1,0,0.7,0.2,0.0
2176,High knees,Cardio,Legs,None,Intermediate,"High knees is a full-body, cardio-based exercise with an emphasis on the lower body. It is often performed for reps or time as part of a dynamic warm-up.",0,1,0,0,0,1,0,0,0,0,0,1,0,0,0,0,2,0,0.7,0.2,0.0
2177,Jumping Jack,Cardio,Legs,None,Intermediate,"The jumping jack is a classic calisthenics exercise to improve overall conditioning. It’s one the most recognizable exercises on the planet, and it’s almost synonymous with training for military recruits. It can be done for time or reps, often in dynamic warm-ups or to mobilize the hips and shoulders.",0,1,0,0,0,1,0,0,0,0,0,1,0,0,0,0,2,0,0.8999999999999999,0.2,0.0
2178,Square Hop,Strength,Legs,None,Beginner,,1,0,0,0,0,1,0,0,0,0,0,1,0,0,0,0,1,0,0.0,0.2,0.0
2179,Running lunge,Strength,Legs,None,Intermediate,"The running lunge is a dynamic exercise that targets the lower body. It combines elements of a reverse lunge with a step-up, in that the front leg fully extends and the rear leg flexes up in front of the body. It targets a wide range of muscles in the lower body, including the quads, glutes, and hamstrings. It can be performed for time or reps in any lower-body workout, or in a fat-loss or athleticism-focused circuit.",1,0,0,0,0,1,0,0,0,0,0,1,0,0,0,0,2,0,0.7,0.2,0.0
2180,In-out jump squat,Strength,Legs,None,Intermediate,"The in-out jump squat is a bodyweight squat variation that alternates wide and narrow jump squats. It targets the lower-body muscles, including the quads, glutes, adductors, and hamstrings, and also provides a serious cardiovascular challenge. It can be performed for time or reps and is especially effective in a fat-loss or athleticism-focused circuit or workout.",1,0,0,0,0,1,0,0,0,0,0,1,0,0,0,0,2,1,0.7,0.2,0.0
2181,Gorilla squat,Strength,Legs,None,Intermediate,"The gorilla squat is a bodyweight sequence that combines two reverse lunges and a bodyweight squat. It could also be performed with dumbbells, kettlebells, or other weights. It targets most of the muscles of the lower body, including the quads, glutes, and hamstrings. It can be performed for time or reps in the lower-body portion of any workout.",1,0,0,0,0,1,0,0,0,0,0,1,0,0,0,0,2,1,0.0,0.2,0.0
2182,Burpee tuck jump,Strength,Legs,None,Intermediate,The burpee tuck jump is an explosive version of the burpee exercise that adds a tuck jump to the top of each rep. It can be performed for time or reps in any fat-loss or athleticism-focused circuit or workout.,1,0,0,0,0,1,0,0,0,0,0,1,0,0,0,0,2,1,0.8999999999999999,0.2,0.0
2183,Speed skater,Strength,Legs,None,Intermediate,"The speed skater is an explosive version of the lateral lunge that involves jumping from side to side and landing on a single leg, then touching the ground. It challenges the lower-body muscles, including the quads, hips, and glutes, and the cardiovascular system, while training lateral movement.",1,0,0,0,0,1,0,0,0,0,0,1,0,0,0,0,2,0,0.0,0.2,0.0
2184,Jumping knee up-down,Strength,Legs,None,Intermediate,"The jumping knee up-down is an explosive bodyweight movement that consists of a knee up-down followed by a jump squat. It targets the muscles of the lower body, including the quads, glutes, and hamstrings, but is also a challenging power and conditioning exercise.",1,0,0,0,0,1,0,0,0,0,0,1,0,0,0,0,2,0,0.7,0.2,0.0
2185,Jump Lunge To Feet Jack,Strength,Legs,None,Intermediate,,1,0,0,0,0,1,0,0,0,0,0,1,0,0,0,0,2,0,0.7,0.2,0.0
2186,Reverse Lunge Rotation,Strength,Legs,None,Intermediate,,1,0,0,0,0,1,0,0,0,0,0,1,0,0,0,0,2,0,0.0,0.2,0.0
2187,Alternating standing knee-pull stretch,Flexibility,Legs,None,Intermediate,"The alternating standing knee-pull stretch targets range of motion in the hips, hamstrings, and lower back. It's a common movement in dynamic warm-ups for athletics or lower-body training, but can also be used to ""limber up"" for activity anytime.",0,0,1,0,0,1,0,0,0,0,0,1,0,0,0,0,2,0,0.0,0.2,0.0
2188,Seal jack,Strength,Legs,None,Intermediate,"The seal jack is a variation on the jumping jack, one the most common calisthenic exercises on the planet. The difference between this movement and the jumping jack has to do with the arm motion. Instead of the arms coming together overhead, they come together in front of the body, like a seal clapping its fins.",1,0,0,0,0,1,0,0,0,0,0,1,0,0,0,0,2,0,0.0,0.2,0.0
2189,Kneeling quad thoracic stretch,Strength,Legs,None,Intermediate,"The kneeling quad thoracic stretch is a stretch targeting greater range of motion in your thoracic spine. It is commonly included in dynamic warm-ups or cool-downs, but can also be performed as full-body mobility work any time.",1,0,0,0,0,1,0,0,0,0,0,1,0,0,0,0,2,0,0.0,0.2,0.0
2190,Single-Leg Squat With Knee Tap,Strength,Legs,None,Expert,"The single-leg knee-tap squat is a single-leg squat variation that involves “floating” the back leg over the ground on the descent until touching just the knee to the ground or a pad. It is similar to a lunge, but without touching the back foot to the ground. It is an intense strength and coordination challenge that can work in any strength- or athleticism-focused workout.",1,0,0,0,0,1,0,0,0,0,0,1,0,0,0,0,3,1,0.0,0.30000000000000004,0.0
2191,Shuttle run,Cardio,Legs,None,Intermediate,"The shuttle run is an athletic conditioning drill that’s great for developing speed and power, as well as changing direction. It’s a favorite of football and basketball players, but it can also be great conditioning work for lifters and athletes of all ability levels.",0,1,0,0,0,1,0,0,0,0,0,1,0,0,0,0,2,0,0.8999999999999999,0.2,0.0
2192,Squat Isometric Hold,Strength,Legs,None,Expert,"The hack squat is a machine-based exercise that targets the muscles of the legs, particularly the quadriceps. It is often used as an accessory for squats, but can also be the main lower-body movement in a workout. It is often performed for moderate to high reps, such as 8-12 reps per set or more.",1,0,0,0,0,1,0,0,0,0,0,1,0,0,0,0,3,1,0.0,0.30000000000000004,0.0
2193,Wall sit,Strength,Legs,None,Intermediate,"The wall sit is an exercise targeting the quadriceps and core muscle. It involves descending into a squat position while leaning against a wall, then holding that position for a predetermined length of time. It's a classic leg endurance-building exercise for basketball players and gymnasts.",1,0,0,0,0,1,0,0,0,0,0,1,0,0,0,0,2,0,0.0,0.2,0.0
2194,Walking lunge with hip extension,Strength,Legs,None,Intermediate,"The walking lunge with hip extension is a combination of two movements, both targeting the lower body. The added hip extension places more of an emphasis on the glutes. It is a great inclusion in a dynamic warm-up for the lower body, but can also be performed for time or reps in any workout.",1,0,0,0,0,1,0,0,0,0,0,1,0,0,0,0,2,0,0.0,0.2,0.0
2195,Squat with alternating side leg raise,Strength,Legs,None,Intermediate,"The squat with alternating side leg raise is a bodyweight version of the squat, but with a lateral leg lift to add extra focus to the abductor muscles. It can be performed for time or for reps as part of a dynamic warm-up for the lower body, or in any lower-body portion of a workout.",1,0,0,0,0,1,0,0,0,0,0,1,0,0,0,0,2,1,0.0,0.2,0.0
2196,Lateral Squats,Strength,Legs,None,Intermediate,"The lateral lunge is a lower-body bodyweight movement that works the quads, glutes, and hamstrings. It can also be performed holding dumbbells or other weights. It is often performed for reps as part of a dynamic warm-up or mobility routine but can also work in a circuit or other workouts.",1,0,0,0,0,1,0,0,0,0,0,1,0,0,0,0,2,1,0.0,0.2,0.0
2197,Walking lunge with twist,Strength,Legs,None,Intermediate,"The walking lunge with twist is an exercise that targets the lower body and the obliques. The twist not only works the obliques, it also opens up the thoracic spine. It is a great inclusion in a dynamic warm-up for a lower-body or full-body workout, but can also be performed for time or reps in any workout.",1,0,0,0,0,1,0,0,0,0,0,1,0,0,0,0,2,0,0.0,0.2,0.0
2198,Boss Everline Backward Lunge Walk,Strength,Legs,None,Intermediate,,1,0,0,0,0,1,0,0,0,0,0,1,0,0,0,0,2,0,0.0,0.2,0.0
2199,Reverse Diagonal Skaters,Strength,Legs,None,Intermediate,,1,0,0,0,0,1,0,0,0,0,0,1,0,0,0,0,2,0,0.0,0.2,0.0
2200,FYR Air Squat,Strength,Legs,None,Intermediate,"The bodyweight squat is a fundamental exercise that strengthens the quads, glutes, and hamstrings. It can be performed as part of a dynamic warm-up, for time or reps during a workout, or for hip and spine mobility any time.",1,0,0,0,0,1,0,0,0,0,0,1,0,0,0,0,2,1,0.0,0.2,0.0
2201,FYR Tuck Jump,Strength,Legs,None,Intermediate,"The tuck jump is a vertical jump, an explosive lower-body exercise that is a common way to measure explosive hip and lower-body strength in athletes. The more explosive you are, the higher you'll be able to jump.",1,0,0,0,0,1,0,0,0,0,0,1,0,0,0,0,2,0,0.7,0.2,0.0
2202,Push-up sprawl tuck jump,Strength,Legs,None,Intermediate,"The push-up sprawl tuck jump is an explosive bodyweight sequence that combines three movements: the push-up, the sprawl, and the tuck jump. It is similar to a burpee, but with a tuck jump at the top. It can be performed for time or reps in any fat-loss or athleticism-focused circuit or workout.",1,0,0,0,0,1,0,0,0,0,0,1,0,0,0,0,2,1,0.7,0.2,0.0
2203,FYR Running Lunge,Strength,Legs,None,Intermediate,"The running lunge is a dynamic exercise that targets the lower body. It combines elements of a reverse lunge with a step-up, in that the front leg fully extends and the rear leg flexes up in front of the body. It targets a wide range of muscles in the lower body, including the quads, glutes, and hamstrings. It can be performed for time or reps in any lower-body workout, or in a fat-loss or athleticism-focused circuit.",1,0,0,0,0,1,0,0,0,0,0,1,0,0,0,0,2,0,0.7,0.2,0.0
2204,FYR Jumping Lunge,Strength,Legs,None,Intermediate,"The alternating lunge jump is an explosive bodyweight exercise that targets the lower-body muscles, including the quads, glutes, and hamstrings. It can be performed for time or reps in power training, and is also effective in any fat-loss or athleticism-focused workout.",1,0,0,0,0,1,0,0,0,0,0,1,0,0,0,0,2,0,0.7,0.2,0.0
2205,FYR Sprawl Frog Kick,Strength,Legs,None,Intermediate,"The sprawl frog kick is an explosive bodyweight exercise that targets multiple muscle groups across the upper and lower body. It is similar to a traditional sprawl, but with an extra hop in the middle of each rep. It can be performed for time or reps in any fat-loss or athleticism-focused circuit or workout.",1,0,0,0,0,1,0,0,0,0,0,1,0,0,0,0,2,0,0.0,0.2,0.0
2206,Jump squat-,Strength,Legs,None,Intermediate,"The jump squat is an explosive bodyweight exercise targeting the quads, hamstrings, and glutes. It is also a serious cardiovascular challenge when done for reps. It can be performed as a power exercise to build jumping power, or in any fat-loss or athleticism-focused workout.",1,0,0,0,0,1,0,0,0,0,0,1,0,0,0,0,2,1,0.7,0.2,0.0
2207,FYR Sprinter Burpee,Cardio,Legs,None,Intermediate,,0,1,0,0,0,1,0,0,0,0,0,1,0,0,0,0,2,1,1.0,0.2,0.0
2208,Single-leg burpee,Strength,Legs,None,Intermediate,"The single-leg burpee is an advanced variation of the burpee exercise that involves performing all parts of the sequence with one leg at a time. It is usually performed alternating legs with each rep, but could be performed one side at a time. Performing one leg at a time increases the challenge to all parts of the body, especially the working leg, core, and shoulders.",1,0,0,0,0,1,0,0,0,0,0,1,0,0,0,0,2,1,0.7,0.2,0.0
2209,FYR Gorilla Squat,Strength,Legs,None,Intermediate,"The gorilla squat is a bodyweight sequence that combines two reverse lunges and a bodyweight squat. It could also be performed with dumbbells, kettlebells, or other weights. It targets most of the muscles of the lower body, including the quads, glutes, and hamstrings. It can be performed for time or reps in the lower-body portion of any workout.",1,0,0,0,0,1,0,0,0,0,0,1,0,0,0,0,2,1,0.0,0.2,0.0
2210,Banded compass jump squat,Strength,Legs,None,Intermediate,"The banded compass jump squat is an explosive squat variation performed with a band around the thighs just above the knees. This increases muscle activation in the hips and glutes, while the squat targets the quads, hamstrings, and glutes. The landing for each jump is a 90-degree rotation from the starting position. The banded compass jump squat can be performed for low reps as a power-focused exercise, or for higher reps to build muscle in the lower body, challenge conditioning, and burn fat.",1,0,0,0,0,1,0,0,0,0,0,1,0,0,0,0,2,1,0.7,0.2,0.0
2211,In-out sprawl,Strength,Legs,None,Intermediate,"The in-out sprawl is a full-body movement that combines elements of a plank and a sprawl. It demands an explosive full-body jump from a plank position. It is a challenging move that trains balance, core strength, and many muscle groups, making it work well in a time-efficient bodyweight circuit workout.",1,0,0,0,0,1,0,0,0,0,0,1,0,0,0,0,2,0,0.0,0.2,0.0
2212,Knee-tuck kick-up,Strength,Legs,None,Intermediate,"The knee-tuck kick-up is a bodyweight movement that targets the muscles of the abs, the rectus abdominis or ""six-pack"" muscles in particular. It can be performed for time or reps in the ab-focused portion of any workout.",1,0,0,0,0,1,0,0,0,0,0,1,0,0,0,0,2,0,0.0,0.2,0.0
2213,Bear crawl donkey kick,Strength,Legs,None,Intermediate,"The bear crawl donkey kick is a more advanced version of the bear crawl exercise that adds a donkey kick. It adds an extra coordination and shoulder challenge to an already intense full-body movement that targets the cardiovascular system as well as a wide range of muscle groups, the shoulders, core, and legs in particular. It can be done as a full-body warm-up, in short bursts for power or circuit training, or for longer durations as cardiovascular conditioning.",1,0,0,0,0,1,0,0,0,0,0,1,0,0,0,0,2,0,0.0,0.2,0.0
2214,Southpaw sprawl with push-up,Strength,Legs,None,Intermediate,"The southpaw sprawl with push-up is a full-body movement that combines elements of a plank and a sprawl, with the addition of a push-up. It also has a rotational component, with a jumping leg-cross and torso twist in a straight-arm plank position. It is a challenging move that trains balance, core strength, and many muscle groups, making it work well in a time-efficient bodyweight circuit workout.",1,0,0,0,0,1,0,0,0,0,0,1,0,0,0,0,2,1,0.0,0.2,0.0
2215,Bouncing lunge,Strength,Legs,None,Intermediate,"The bouncing lunge is a bodyweight movement targeting the quads. It can be performed either for time or reps, and is often included as part of a fat-loss or athleticism-focused circuit workout.",1,0,0,0,0,1,0,0,0,0,0,1,0,0,0,0,2,0,0.0,0.2,0.0
2216,Bodyweight Squat - Gethin Variation,Strength,Legs,None,Intermediate,"The bodyweight squat is a fundamental exercise that strengthens the quads, glutes, and hamstrings. It can be performed as part of a dynamic warm-up, for time or reps during a workout, or for hip and spine mobility any time.",1,0,0,0,0,1,0,0,0,0,0,1,0,0,0,0,2,1,0.0,0.2,0.0
2217,FYR Alternating Lunge,Strength,Legs,None,Intermediate,"The forward lunge is a lower-body bodyweight exercise targeting the quads, glutes, and hamstrings. It can also be performed holding dumbbells or other weights. The forward lunge places more emphasis on the quads than other lunge variations. It can be performed for time or reps in the lower-body portion of any workout.",1,0,0,0,0,1,0,0,0,0,0,1,0,0,0,0,2,0,0.0,0.2,0.0
2218,Bodyweight Walking Lunge - Gethin Variation,Strength,Legs,None,Intermediate,"The walking lunge is a lower-body exercise that targets the glutes, quads, and hamstrings while challenging stability and balance. It can be performed for reps, time, or distance in the lower-body portion of any workout.",1,0,0,0,0,1,0,0,0,0,0,1,0,0,0,0,2,0,0.0,0.2,0.0
2219,Seated Quad Contraction,Strength,Legs,None,Intermediate,,1,0,0,0,0,1,0,0,0,0,0,1,0,0,0,0,2,0,0.0,0.2,0.0
2220,HM Squat with Alternating Leg Extension,Strength,Legs,None,Intermediate,,1,0,0,0,0,1,0,0,0,0,0,1,0,0,0,0,2,1,0.0,0.2,0.0
2221,HM Air Squat,Strength,Legs,None,Intermediate,,1,0,0,0,0,1,0,0,0,0,0,1,0,0,0,0,2,1,0.0,0.2,0.0
2222,HM Alternating Jump Lunge,Strength,Legs,None,Intermediate,,1,0,0,0,0,1,0,0,0,0,0,1,0,0,0,0,2,0,0.7,0.2,0.0
2223,HM Alternating Lunge-In-Place,Strength,Legs,None,Intermediate,,1,0,0,0,0,1,0,0,0,0,0,1,0,0,0,0,2,0,0.0,0.2,0.0
2224,HM Alternating Side Lunge,Strength,Legs,None,Intermediate,,1,0,0,0,0,1,0,0,0,0,0,1,0,0,0,0,2,0,0.0,0.2,0.0
2225,HM Sumo Pulse,Strength,Legs,None,Intermediate,,1,0,0,0,0,1,0,0,0,0,0,1,0,0,0,0,2,0,0.0,0.2,0.0
2226,HM Sumo Squat,Strength,Legs,None,Intermediate,,1,0,0,0,0,1,0,0,0,0,0,1,0,0,0,0,2,1,0.0,0.2,0.0
2227,HM Alternating Side-Kick,Strength,Legs,None,Intermediate,,1,0,0,0,0,1,0,0,0,0,0,1,0,0,0,0,2,0,0.0,0.2,0.0
2228,HM Tuck-Up Burpee,Strength,Legs,None,Intermediate,,1,0,0,0,0,1,0,0,0,0,0,1,0,0,0,0,2,1,0.7,0.2,0.0
2229,HM Bear Crawl,Strength,Legs,None,Intermediate,,1,0,0,0,0,1,0,0,0,0,0,1,0,0,0,0,2,0,0.0,0.2,0.0
2230,HM Bear Stance Fire Hydrant,Strength,Legs,None,Intermediate,,1,0,0,0,0,1,0,0,0,0,0,1,0,0,0,0,2,0,0.0,0.2,0.0
2231,HM Walking Frankenstein,Strength,Legs,None,Intermediate,,1,0,0,0,0,1,0,0,0,0,0,1,0,0,0,0,2,0,0.0,0.2,0.0
2232,HM Walking Hip Stretch,Flexibility,Legs,None,Intermediate,,0,0,1,0,0,1,0,0,0,0,0,1,0,0,0,0,2,0,0.0,0.2,0.0
2233,HM Wide Jump Squat,Strength,Legs,None,Intermediate,,1,0,0,0,0,1,0,0,0,0,0,1,0,0,0,0,2,1,0.7,0.2,0.0
2234,HM Boxer Shuffle,Strength,Legs,None,Intermediate,,1,0,0,0,0,1,0,0,0,0,0,1,0,0,0,0,2,0,0.0,0.2,0.0
2235,HM Running Lunge,Cardio,Legs,None,Intermediate,,0,1,0,0,0,1,0,0,0,0,0,1,0,0,0,0,2,0,0.8999999999999999,0.2,0.0
2236,HM Bulgarian Split Squat On Chair,Strength,Legs,None,Intermediate,,1,0,0,0,0,1,0,0,0,0,0,1,0,0,0,0,2,1,0.0,0.2,0.0
2237,HM Burpee,Strength,Legs,None,Intermediate,,1,0,0,0,0,1,0,0,0,0,0,1,0,0,0,0,2,1,0.7,0.2,0.0
2238,HM Butterfly,Strength,Legs,None,Intermediate,,1,0,0,0,0,1,0,0,0,0,0,1,0,0,0,0,2,0,0.0,0.2,0.0
2239,HM Alternating Lunge Push-Up,Strength,Legs,None,Intermediate,,1,0,0,0,0,1,0,0,0,0,0,1,0,0,0,0,2,1,0.0,0.2,0.0
2240,HM Comet,Strength,Legs,None,Intermediate,,1,0,0,0,0,1,0,0,0,0,0,1,0,0,0,0,2,0,0.0,0.2,0.0
2241,HM Couch Stretch,Strength,Legs,None,Intermediate,,1,0,0,0,0,1,0,0,0,0,0,1,0,0,0,0,2,0,0.0,0.2,0.0
2242,HM Down Up,Strength,Legs,None,Intermediate,,1,0,0,0,0,1,0,0,0,0,0,1,0,0,0,0,2,0,0.0,0.2,0.0
2243,HM Duck Walk,Strength,Legs,None,Intermediate,,1,0,0,0,0,1,0,0,0,0,0,1,0,0,0,0,2,0,0.0,0.2,0.0
2244,HM Fragon,Strength,Legs,None,Intermediate,,1,0,0,0,0,1,0,0,0,0,0,1,0,0,0,0,2,0,0.0,0.2,0.0
2245,HM Frankenstein,Strength,Legs,None,Intermediate,,1,0,0,0,0,1,0,0,0,0,0,1,0,0,0,0,2,0,0.0,0.2,0.0
2246,HM Single-Leg Squat on Chair,Strength,Legs,None,Intermediate,,1,0,0,0,0,1,0,0,0,0,0,1,0,0,0,0,2,1,0.0,0.2,0.0
2247,HM Single-Leg Touchdown,Strength,Legs,None,Intermediate,,1,0,0,0,0,1,0,0,0,0,0,1,0,0,0,0,2,0,0.0,0.2,0.0
2248,HM Speed Skater,Strength,Legs,None,Intermediate,,1,0,0,0,0,1,0,0,0,0,0,1,0,0,0,0,2,0,0.0,0.2,0.0
2249,HM Squat Jump,Strength,Legs,None,Intermediate,,1,0,0,0,0,1,0,0,0,0,0,1,0,0,0,0,2,1,0.7,0.2,0.0
2250,HM Squat Lunge,Strength,Legs,None,Intermediate,,1,0,0,0,0,1,0,0,0,0,0,1,0,0,0,0,2,1,0.0,0.2,0.0
2251,HM Garland Pose,Strength,Legs,None,Intermediate,,1,0,0,0,0,1,0,0,0,0,0,1,0,0,0,0,2,0,0.0,0.2,0.0
2252,HM High Knees,Strength,Legs,None,Intermediate,,1,0,0,0,0,1,0,0,0,0,0,1,0,0,0,0,2,0,0.0,0.2,0.0
2253,HM In-And-Out Squat,Strength,Legs,None,Intermediate,,1,0,0,0,0,1,0,0,0,0,0,1,0,0,0,0,2,1,0.0,0.2,0.0
2254,HM In-And-Out Squat Jump,Strength,Legs,None,Intermediate,,1,0,0,0,0,1,0,0,0,0,0,1,0,0,0,0,2,1,0.7,0.2,0.0
2255,HM Jumping Jack,Strength,Legs,None,Intermediate,,1,0,0,0,0,1,0,0,0,0,0,1,0,0,0,0,2,0,0.7,0.2,0.0
2256,HM Jumping Knee-Up,Strength,Legs,None,Intermediate,,1,0,0,0,0,1,0,0,0,0,0,1,0,0,0,0,2,0,0.7,0.2,0.0
2257,HM Jumping Rope,Strength,Legs,None,Intermediate,,1,0,0,0,0,1,0,0,0,0,0,1,0,0,0,0,2,0,0.7,0.2,0.0
2258,HM Right Calf-Spike Sumo Pulse,Strength,Legs,None,Intermediate,,1,0,0,0,0,1,0,0,0,0,0,1,0,0,0,0,2,0,0.0,0.2,0.0
2259,HM Reverse Lunge with Kick,Strength,Legs,None,Intermediate,,1,0,0,0,0,1,0,0,0,0,0,1,0,0,0,0,2,0,0.0,0.2,0.0
2260,HM Left Knee-Up,Strength,Legs,None,Intermediate,,1,0,0,0,0,1,0,0,0,0,0,1,0,0,0,0,2,0,0.0,0.2,0.0
2261,HM Left-Leg Lunge And Kick-Out,Strength,Legs,None,Intermediate,,1,0,0,0,0,1,0,0,0,0,0,1,0,0,0,0,2,0,0.0,0.2,0.0
2262,HM Mountain Pose,Strength,Legs,None,Intermediate,,1,0,0,0,0,1,0,0,0,0,0,1,0,0,0,0,2,0,0.0,0.2,0.0
2263,HM Butt Kickers,Strength,Legs,None,Intermediate,,1,0,0,0,0,1,0,0,0,0,0,1,0,0,0,0,2,0,0.0,0.2,0.0
2264,HM Right-Leg Lunge And Kick-Out,Strength,Legs,None,Intermediate,,1,0,0,0,0,1,0,0,0,0,0,1,0,0,0,0,2,0,0.0,0.2,0.0
2265,HM Sumo Get-Up,Strength,Legs,None,Intermediate,,1,0,0,0,0,1,0,0,0,0,0,1,0,0,0,0,2,0,0.0,0.2,0.0
2266,AM Jump Squat,Strength,Legs,None,Intermediate,"The jump squat is an explosive bodyweight exercise targeting the quads, hamstrings, and glutes. It is also a serious cardiovascular challenge when done for reps. It can be performed as a power exercise to build jumping power, or in any fat-loss or athleticism-focused workout.",1,0,0,0,0,1,0,0,0,0,0,1,0,0,0,0,2,1,0.7,0.2,0.0
2267,AM Bodyweight Squat,Strength,Legs,None,Intermediate,"The bodyweight squat is a fundamental exercise that strengthens the quads, glutes, and hamstrings. It can be performed as part of a dynamic warm-up, for time or reps during a workout, or for hip and spine mobility any time.",1,0,0,0,0,1,0,0,0,0,0,1,0,0,0,0,2,1,0.0,0.2,0.0
2268,High knees sprawl drill,Strength,Legs,None,Intermediate,"The high knees sprawl drill is a full-body, cardio and strength-focused exercise. It can be performed for reps or time in a fast-paced circuit or other workout.",1,0,0,0,0,1,0,0,0,0,0,1,0,0,0,0,2,0,0.0,0.2,0.0
2269,UP Bulgarian Split Squat,Strength,Legs,None,Intermediate,"The dumbbell Bulgaria split squat is a single-leg exercise targeting the quads, glutes, and hamstrings.",1,0,0,0,0,1,0,0,0,0,0,1,0,0,0,0,2,1,0.0,0.2,0.0
2270,UN Forward Lunge,Strength,Legs,None,Intermediate,,1,0,0,0,0,1,0,0,0,0,0,1,0,0,0,0,2,0,0.0,0.2,0.0
2271,UN Front Foot Elevated Split Squat,Strength,Legs,None,Intermediate,,1,0,0,0,0,1,0,0,0,0,0,1,0,0,0,0,2,1,0.0,0.2,0.0
2272,UNS Half-Kneeling Hip Flexor Stretch,Strength,Legs,None,Intermediate,,1,0,0,0,0,1,0,0,0,0,0,1,0,0,0,0,2,0,0.0,0.2,0.0
2273,UNS Low Depth Jump,Strength,Legs,None,Intermediate,,1,0,0,0,0,1,0,0,0,0,0,1,0,0,0,0,2,0,0.7,0.2,0.0
2274,UNS Forward-To-Reverse Lunge,Strength,Legs,None,Intermediate,,1,0,0,0,0,1,0,0,0,0,0,1,0,0,0,0,2,0,0.0,0.2,0.0
2275,Holman Towel Squat Thrust,Strength,Legs,None,Intermediate,,1,0,0,0,0,1,0,0,0,0,0,1,0,0,0,0,2,1,0.0,0.2,0.0
2276,Holman Towel Alternating Prisoner Squat,Strength,Legs,None,Intermediate,,1,0,0,0,0,1,0,0,0,0,0,1,0,0,0,0,2,1,0.0,0.2,0.0
2277,Holman Towel Alternating Lateral Lunge,Strength,Legs,None,Intermediate,,1,0,0,0,0,1,0,0,0,0,0,1,0,0,0,0,2,0,0.0,0.2,0.0
2278,Holman Squat Pull-Through Jump,Strength,Legs,None,Intermediate,,1,0,0,0,0,1,0,0,0,0,0,1,0,0,0,0,2,1,0.7,0.2,0.0
2279,Holman 180 Jump,Strength,Legs,None,Intermediate,,1,0,0,0,0,1,0,0,0,0,0,1,0,0,0,0,2,0,0.7,0.2,0.0
2280,Holman Foot-Elevated Knee-Up to Squat,Strength,Legs,None,Intermediate,,1,0,0,0,0,1,0,0,0,0,0,1,0,0,0,0,2,1,0.0,0.2,0.0
2281,Holman Feet-Elevated Squat Thrust,Strength,Legs,None,Intermediate,,1,0,0,0,0,1,0,0,0,0,0,1,0,0,0,0,2,1,0.0,0.2,0.0
2282,Holman Hands-Elevated Lunge Jump,Strength,Legs,None,Intermediate,,1,0,0,0,0,1,0,0,0,0,0,1,0,0,0,0,2,0,0.7,0.2,0.0
2283,Holman Hands-Elevated Jack to Split Jump,Strength,Legs,None,Intermediate,,1,0,0,0,0,1,0,0,0,0,0,1,0,0,0,0,2,0,0.7,0.2,0.0
2284,Holman Hands-Elevated Wide Squat Thrust,Strength,Legs,None,Intermediate,,1,0,0,0,0,1,0,0,0,0,0,1,0,0,0,0,2,1,0.0,0.2,0.0
2285,Holman Hands-Elevated Squat Thrust to Split Jack,Strength,Legs,None,Intermediate,,1,0,0,0,0,1,0,0,0,0,0,1,0,0,0,0,2,1,0.0,0.2,0.0
2286,Holman Squat Jump,Strength,Legs,None,Intermediate,,1,0,0,0,0,1,0,0,0,0,0,1,0,0,0,0,2,1,0.7,0.2,0.0
2287,Holman Squat Pulse,Strength,Legs,None,Intermediate,,1,0,0,0,0,1,0,0,0,0,0,1,0,0,0,0,2,1,0.0,0.2,0.0
2288,Holman Jump-Out Push-Up,Strength,Legs,None,Intermediate,,1,0,0,0,0,1,0,0,0,0,0,1,0,0,0,0,2,1,0.7,0.2,0.0
2289,Holman Alternating Forward Lunge,Strength,Legs,None,Intermediate,,1,0,0,0,0,1,0,0,0,0,0,1,0,0,0,0,2,0,0.0,0.2,0.0
2290,Holman Burpee to Jump,Strength,Legs,None,Intermediate,,1,0,0,0,0,1,0,0,0,0,0,1,0,0,0,0,2,1,0.8999999999999999,0.2,0.0
2291,Holman Pilates Single-Leg Stretch,Strength,Legs,None,Intermediate,,1,0,0,0,0,1,0,0,0,0,0,1,0,0,0,0,2,0,0.0,0.2,0.0
2292,Holman Alternating Reverse Prisoner Lunge,Strength,Legs,None,Intermediate,,1,0,0,0,0,1,0,0,0,0,0,1,0,0,0,0,2,0,0.0,0.2,0.0
2293,Holman Narrow-Wide Squat Jump to 180 Jump,Strength,Legs,None,Intermediate,,1,0,0,0,0,1,0,0,0,0,0,1,0,0,0,0,2,1,0.8999999999999999,0.2,0.0
2294,Holman 180 Jump to Lunge,Strength,Legs,None,Intermediate,,1,0,0,0,0,1,0,0,0,0,0,1,0,0,0,0,2,0,0.7,0.2,0.0
2295,Holman Imaginary Jump Rope,Strength,Legs,None,Intermediate,,1,0,0,0,0,1,0,0,0,0,0,1,0,0,0,0,2,0,0.7,0.2,0.0
2296,Holman Fast Feet with Hands Up,Strength,Legs,None,Intermediate,,1,0,0,0,0,1,0,0,0,0,0,1,0,0,0,0,2,0,0.0,0.2,0.0
2297,Holman Hands-Elevated Alternating Lunge Jump,Strength,Legs,None,Intermediate,,1,0,0,0,0,1,0,0,0,0,0,1,0,0,0,0,2,0,0.7,0.2,0.0
2298,Holman Right Split Lunge,Strength,Legs,None,Intermediate,,1,0,0,0,0,1,0,0,0,0,0,1,0,0,0,0,2,0,0.0,0.2,0.0
2299,Holman Left Split Lunge,Strength,Legs,None,Intermediate,,1,0,0,0,0,1,0,0,0,0,0,1,0,0,0,0,2,0,0.0,0.2,0.0
2300,Holman Plyometric Jump,Strength,Legs,None,Intermediate,,1,0,0,0,0,1,0,0,0,0,0,1,0,0,0,0,2,0,0.7,0.2,0.0
2301,Holman Quad Touch Jump,Strength,Legs,None,Intermediate,,1,0,0,0,0,1,0,0,0,0,0,1,0,0,0,0,2,0,0.7,0.2,0.0
2302,Holman Skate,Strength,Legs,None,Intermediate,,1,0,0,0,0,1,0,0,0,0,0,1,0,0,0,0,2,0,0.0,0.2,0.0
2303,Holman Lunge Jump,Strength,Legs,None,Intermediate,,1,0,0,0,0,1,0,0,0,0,0,1,0,0,0,0,2,0,0.7,0.2,0.0
2304,Holman Flying Squat Thrust,Strength,Legs,None,Intermediate,,1,0,0,0,0,1,0,0,0,0,0,1,0,0,0,0,2,1,0.0,0.2,0.0
2305,Holman 90-Degree Jump,Strength,Legs,None,Intermediate,,1,0,0,0,0,1,0,0,0,0,0,1,0,0,0,0,2,0,0.7,0.2,0.0
2306,Holman Half Jack to 180 Jump,Strength,Legs,None,Intermediate,,1,0,0,0,0,1,0,0,0,0,0,1,0,0,0,0,2,0,0.7,0.2,0.0
2307,Holman Quick Feet to Quad Touch Jump,Strength,Legs,None,Intermediate,,1,0,0,0,0,1,0,0,0,0,0,1,0,0,0,0,2,0,0.7,0.2,0.0
2308,Holman Squat Thrust to Push-Up to Super Woman,Strength,Legs,None,Intermediate,,1,0,0,0,0,1,0,0,0,0,0,1,0,0,0,0,2,1,0.0,0.2,0.0
2309,Holman Plyometric Jump to 180 Jump,Strength,Legs,None,Intermediate,,1,0,0,0,0,1,0,0,0,0,0,1,0,0,0,0,2,0,0.7,0.2,0.0
2310,Holman Standing Heel Click to Hands Down Heel Click,Strength,Legs,None,Intermediate,,1,0,0,0,0,1,0,0,0,0,0,1,0,0,0,0,2,0,0.0,0.2,0.0
2311,Holman Burpee to 180 Jump,Strength,Legs,None,Intermediate,,1,0,0,0,0,1,0,0,0,0,0,1,0,0,0,0,2,1,0.8999999999999999,0.2,0.0
2312,Holman Traveling Low Jack to Belly Touch,Strength,Legs,None,Intermediate,,1,0,0,0,0,1,0,0,0,0,0,1,0,0,0,0,2,0,0.0,0.2,0.0
2313,Holman Flying Squat Thrust to Shoulder Tap,Strength,Legs,None,Intermediate,,1,0,0,0,0,1,0,0,0,0,0,1,0,0,0,0,2,1,0.0,0.2,0.0
2314,Holman Squat Jump to Alternating Side Lunge Jump,Strength,Legs,None,Intermediate,,1,0,0,0,0,1,0,0,0,0,0,1,0,0,0,0,2,1,0.7,0.2,0.0
2315,Holman Low Squat with Low Diagonal Dumbbell Punch,Strength,Legs,None,Intermediate,,1,0,0,0,0,1,0,0,0,0,0,1,0,0,0,0,2,1,0.0,0.2,0.0
2316,Holman Right Leg Hop to Right Reverse Lunge,Strength,Legs,None,Intermediate,,1,0,0,0,0,1,0,0,0,0,0,1,0,0,0,0,2,0,0.0,0.2,0.0
2317,Holman Left Leg Hop to Left Reverse Lunge,Strength,Legs,None,Intermediate,,1,0,0,0,0,1,0,0,0,0,0,1,0,0,0,0,2,0,0.0,0.2,0.0
2318,Holman Burpee to Open Stance,Strength,Legs,None,Intermediate,,1,0,0,0,0,1,0,0,0,0,0,1,0,0,0,0,2,1,0.7,0.2,0.0
2319,Holman Diagonal Squat Thrust to Renegade Forward Punch,Strength,Legs,None,Intermediate,,1,0,0,0,0,1,0,0,0,0,0,1,0,0,0,0,2,1,0.0,0.2,0.0
2320,Holman Bear Crawl,Strength,Legs,None,Intermediate,,1,0,0,0,0,1,0,0,0,0,0,1,0,0,0,0,2,0,0.0,0.2,0.0
2321,Holman Bear Crawl to Donkey Kick,Strength,Legs,None,Intermediate,,1,0,0,0,0,1,0,0,0,0,0,1,0,0,0,0,2,0,0.0,0.2,0.0
2322,Holman Bear Crawl to Froggy Push-Up,Strength,Legs,None,Intermediate,,1,0,0,0,0,1,0,0,0,0,0,1,0,0,0,0,2,1,0.0,0.2,0.0
2323,Holman Bear Crawl to Shoulder Tap,Strength,Legs,None,Intermediate,,1,0,0,0,0,1,0,0,0,0,0,1,0,0,0,0,2,0,0.0,0.2,0.0
2324,Holman Burpee to Tuck Jump,Strength,Legs,None,Intermediate,,1,0,0,0,0,1,0,0,0,0,0,1,0,0,0,0,2,1,0.8999999999999999,0.2,0.0
2325,Holman Burpee to Flying Squat Thrust to Tuck Jump,Strength,Legs,None,Intermediate,,1,0,0,0,0,1,0,0,0,0,0,1,0,0,0,0,2,1,0.8999999999999999,0.2,0.0
2326,Holman Forward Lunge to Reverse Lunge,Strength,Legs,None,Intermediate,,1,0,0,0,0,1,0,0,0,0,0,1,0,0,0,0,2,0,0.0,0.2,0.0
2327,Holman Renegade Lunge Jump,Strength,Legs,None,Intermediate,,1,0,0,0,0,1,0,0,0,0,0,1,0,0,0,0,2,0,0.7,0.2,0.0
2328,Holman Squat Jump to Lunge Jump,Strength,Legs,None,Intermediate,,1,0,0,0,0,1,0,0,0,0,0,1,0,0,0,0,2,1,0.7,0.2,0.0
2329,Holman Prisoner Reverse Lunge,Strength,Legs,None,Intermediate,,1,0,0,0,0,1,0,0,0,0,0,1,0,0,0,0,2,0,0.0,0.2,0.0
2330,Holman Wide-to-Narrow Squat Jump,Strength,Legs,None,Intermediate,,1,0,0,0,0,1,0,0,0,0,0,1,0,0,0,0,2,1,0.8999999999999999,0.2,0.0
2331,Holman Donkey Run,Strength,Legs,None,Intermediate,,1,0,0,0,0,1,0,0,0,0,0,1,0,0,0,0,2,0,0.7,0.2,0.0
2332,Holman Weighted Wide-to-Narrow Squat Jump,Strength,Legs,None,Intermediate,,1,0,0,0,0,1,0,0,0,0,0,1,0,0,0,0,2,1,0.8999999999999999,0.2,0.0
2333,Holman Wide-to-Narrow Donkey Kick,Strength,Legs,None,Intermediate,,1,0,0,0,0,1,0,0,0,0,0,1,0,0,0,0,2,1,0.7,0.2,0.0
2334,Holman Mule Kick,Strength,Legs,None,Intermediate,,1,0,0,0,0,1,0,0,0,0,0,1,0,0,0,0,2,0,0.0,0.2,0.0
2335,Holman Goal Post to Squat,Strength,Legs,None,Intermediate,,1,0,0,0,0,1,0,0,0,0,0,1,0,0,0,0,2,1,0.0,0.2,0.0
2336,Holman Frogger Squat to Heel Click,Strength,Legs,None,Intermediate,,1,0,0,0,0,1,0,0,0,0,0,1,0,0,0,0,2,1,0.0,0.2,0.0
2337,Holman Stair Sprint,Strength,Legs,None,Intermediate,,1,0,0,0,0,1,0,0,0,0,0,1,0,0,0,0,2,0,0.7,0.2,0.0
2338,Holman Stair Bear Crawl,Strength,Legs,None,Intermediate,,1,0,0,0,0,1,0,0,0,0,0,1,0,0,0,0,2,0,0.0,0.2,0.0
2339,Holman Burpee to Flying Squat Thrust,Strength,Legs,None,Intermediate,,1,0,0,0,0,1,0,0,0,0,0,1,0,0,0,0,2,1,0.7,0.2,0.0
2340,Holman Flying Squat Thrust to Push-Up,Strength,Legs,None,Intermediate,,1,0,0,0,0,1,0,0,0,0,0,1,0,0,0,0,2,1,0.0,0.2,0.0
2341,Holman Foot-Elevated Step-To-Lunge,Strength,Legs,None,Intermediate,,1,0,0,0,0,1,0,0,0,0,0,1,0,0,0,0,2,0,0.0,0.2,0.0
2342,Holman Split Lunge,Strength,Legs,None,Intermediate,,1,0,0,0,0,1,0,0,0,0,0,1,0,0,0,0,2,0,0.0,0.2,0.0
2343,Holman Stair Climb,Strength,Legs,None,Intermediate,,1,0,0,0,0,1,0,0,0,0,0,1,0,0,0,0,2,0,0.0,0.2,0.0
2344,Holman Burpee to Flying Jack,Strength,Legs,None,Intermediate,,1,0,0,0,0,1,0,0,0,0,0,1,0,0,0,0,2,1,0.7,0.2,0.0
2345,Holman Right Reverse Lunge,Strength,Legs,None,Intermediate,,1,0,0,0,0,1,0,0,0,0,0,1,0,0,0,0,2,0,0.0,0.2,0.0
2346,Holman Left Reverse Lunge,Strength,Legs,None,Intermediate,,1,0,0,0,0,1,0,0,0,0,0,1,0,0,0,0,2,0,0.0,0.2,0.0
2347,Holman Squat Tap to Hop,Strength,Legs,None,Intermediate,,1,0,0,0,0,1,0,0,0,0,0,1,0,0,0,0,2,1,0.0,0.2,0.0
2348,Holman Squat Tap to Jump-Forward-Jump-Back,Strength,Legs,None,Intermediate,,1,0,0,0,0,1,0,0,0,0,0,1,0,0,0,0,2,1,0.7,0.2,0.0
2349,Holman Squat Hip Drive,Strength,Legs,None,Intermediate,,1,0,0,0,0,1,0,0,0,0,0,1,0,0,0,0,2,1,0.0,0.2,0.0
2350,Holman Alternating Double Lunge Hop,Strength,Legs,None,Intermediate,,1,0,0,0,0,1,0,0,0,0,0,1,0,0,0,0,2,0,0.0,0.2,0.0
2351,Holman Right Reverse Lunge to Front Kick,Strength,Legs,None,Intermediate,,1,0,0,0,0,1,0,0,0,0,0,1,0,0,0,0,2,0,0.0,0.2,0.0
2352,Holman Right Leg Forward Lunge Hop,Strength,Legs,None,Intermediate,,1,0,0,0,0,1,0,0,0,0,0,1,0,0,0,0,2,0,0.0,0.2,0.0
2353,Holman Right Squat Thrust,Strength,Legs,None,Intermediate,,1,0,0,0,0,1,0,0,0,0,0,1,0,0,0,0,2,1,0.0,0.2,0.0
2354,Holman Left Reverse Lunge to Front Kick,Strength,Legs,None,Intermediate,,1,0,0,0,0,1,0,0,0,0,0,1,0,0,0,0,2,0,0.0,0.2,0.0
2355,Holman Left Leg Forward Lunge Hop,Strength,Legs,None,Intermediate,,1,0,0,0,0,1,0,0,0,0,0,1,0,0,0,0,2,0,0.0,0.2,0.0
2356,Holman Left Side Diagonal Burpee,Strength,Legs,None,Intermediate,,1,0,0,0,0,1,0,0,0,0,0,1,0,0,0,0,2,1,0.7,0.2,0.0
2357,Holman Left Squat Thrust,Strength,Legs,None,Intermediate,,1,0,0,0,0,1,0,0,0,0,0,1,0,0,0,0,2,1,0.0,0.2,0.0
2358,Holman Wide Squat Thrust,Strength,Legs,None,Intermediate,,1,0,0,0,0,1,0,0,0,0,0,1,0,0,0,0,2,1,0.0,0.2,0.0
2359,Holman Alternating Single-Leg Hop to Squat to 180 Jump,Strength,Legs,None,Intermediate,,1,0,0,0,0,1,0,0,0,0,0,1,0,0,0,0,2,1,0.7,0.2,0.0
2360,Holman Right Lunge Hop to Chest Press,Strength,Legs,None,Intermediate,,1,0,0,0,0,1,0,0,0,0,0,1,0,0,0,0,2,0,0.0,0.2,0.0
2361,Holman Left Lunge Hop to Overhead Press,Strength,Legs,None,Intermediate,,1,0,0,0,0,1,0,0,0,0,0,1,0,0,0,0,2,0,0.0,0.2,0.0
2362,Holman 180 Jump Hop Forward Hop Back,Strength,Legs,None,Intermediate,,1,0,0,0,0,1,0,0,0,0,0,1,0,0,0,0,2,0,0.7,0.2,0.0
2363,Holman Right Split Squat,Strength,Legs,None,Intermediate,,1,0,0,0,0,1,0,0,0,0,0,1,0,0,0,0,2,1,0.0,0.2,0.0
2364,Holman Left Split Squat,Strength,Legs,None,Intermediate,,1,0,0,0,0,1,0,0,0,0,0,1,0,0,0,0,2,1,0.0,0.2,0.0
2365,Holman Double Squat Pulse to 180 Jump,Strength,Legs,None,Intermediate,,1,0,0,0,0,1,0,0,0,0,0,1,0,0,0,0,2,1,0.7,0.2,0.0
2366,Holman Towel Left Side Squat,Strength,Legs,None,Intermediate,,1,0,0,0,0,1,0,0,0,0,0,1,0,0,0,0,2,1,0.0,0.2,0.0
2367,Holman Alternating Lunge Jump,Strength,Legs,None,Intermediate,,1,0,0,0,0,1,0,0,0,0,0,1,0,0,0,0,2,0,0.7,0.2,0.0
2368,Holman Lunge Jump to Squat Jump,Strength,Legs,None,Intermediate,,1,0,0,0,0,1,0,0,0,0,0,1,0,0,0,0,2,1,0.7,0.2,0.0
2369,Holman Burpee with Belly Touch,Strength,Legs,None,Intermediate,,1,0,0,0,0,1,0,0,0,0,0,1,0,0,0,0,2,1,0.7,0.2,0.0
2370,Bootstrapper squat,Strength,Legs,None,Intermediate,"The bootstrapper squat is a movement that improves mobility, muscular strength, and flexibility in the hips and hamstrings. It is usually performed as part of a dynamic warm-up for the lower body to mobilize the hips and improve squat form.",1,0,0,0,0,1,0,0,0,0,0,1,0,0,0,0,2,1,0.0,0.2,0.0
2371,Total Fitness Broad Jump,Strength,Legs,None,Intermediate,"The broad jump is an explosive lower-body exercise. It is a common way to measure explosive hip and lower-body strength in athletes. The more explosive you are, the farther you'll be able to jump.",1,0,0,0,0,1,0,0,0,0,0,1,0,0,0,0,2,0,0.7,0.2,0.0
2372,Total Fitness Lateral Lunge,Strength,Legs,None,Intermediate,"The lateral lunge is a lower-body bodyweight movement that works the quads, glutes, and hamstrings. It can also be performed holding dumbbells or other weights. It is often performed for reps as part of a dynamic warm-up or mobility routine but can also work in a circuit or other workouts.",1,0,0,0,0,1,0,0,0,0,0,1,0,0,0,0,2,0,0.0,0.2,0.0
2373,Lateral shuffle,Strength,Legs,None,Intermediate,"The lateral shuffle is a common exercise in sports training and gym classes. It involves taking steps to one side and then steps to the other side. It can be performed as part of a circuit for athletes of any level, but is also a great movement for beginners.",1,0,0,0,0,1,0,0,0,0,0,1,0,0,0,0,2,0,0.0,0.2,0.0
2374,Total Fitness Skip,Strength,Legs,None,Intermediate,"The skip is an exercise that builds power and explosiveness in the legs. It's commonly performed by children and in gym classes, but is also great for working the legs and hip flexors, making it a favorite warm-up for athletes who need to explode vertically.",1,0,0,0,0,1,0,0,0,0,0,1,0,0,0,0,2,0,0.0,0.2,0.0
2375,Total Fitness Spider Lunge,Strength,Legs,None,Intermediate,"The spider lunge stretch is a lower-body stretch targeting the hips, groin, and quads. It can be part of a dynamic warm-up or mobility work performed anytime.",1,0,0,0,0,1,0,0,0,0,0,1,0,0,0,0,2,0,0.0,0.2,0.0
2376,Spider lunge stretch,Strength,Legs,None,Intermediate,"The spider lunge stretch is a lower-body stretch targeting the hips, groin, and quads. It can be part of a dynamic warm-up or mobility work performed anytime.",1,0,0,0,0,1,0,0,0,0,0,1,0,0,0,0,2,0,0.0,0.2,0.0
2377,Spider lunge with T-rotation,Strength,Legs,None,Intermediate,"The spider lunge with T-rotation is an exercise that produces a deep stretch in the glutes and hamstrings while also rotating and mobilizing the thoracic spine region. It is a great movement to include in a dynamic warm-up, or as mobility work anytime.",1,0,0,0,0,1,0,0,0,0,0,1,0,0,0,0,2,0,0.0,0.2,0.0
2378,Standing quad stretch,Strength,Legs,None,Intermediate,"The standing quad stretch is a simple exercise designed to stretch the quadriceps, the big muscles that cover most of the thighs. This is a static stretch, meaning it’s usually performed by holding the stretched position for a certain length of time.",1,0,0,0,0,1,0,0,0,0,0,1,0,0,0,0,2,0,0.0,0.2,0.0
2379,Vertical jump,Strength,Legs,None,Intermediate,"The vertical jump is an explosive lower-body exercise that is a common way to measure explosive hip and lower-body strength in athletes. The more explosive you are, the higher you'll be able to jump.",1,0,0,0,0,1,0,0,0,0,0,1,0,0,0,0,2,0,0.7,0.2,0.0
2380,King Maker Burpee,Strength,Legs,None,Intermediate,"The burpee is a high-intensity exercise that recruits the entire body to build strength and aerobic capacity. It is common in CrossFit workouts and group fitness classes, but can also be performed for time or reps in any fat-loss or athleticism-focused circuit or workout.",1,0,0,0,0,1,0,0,0,0,0,1,0,0,0,0,2,1,0.7,0.2,0.0
2381,King Maker Explosive High Jump,Strength,Legs,None,Intermediate,"The tuck jump is a vertical jump, an explosive lower-body exercise that is a common way to measure explosive hip and lower-body strength in athletes. The more explosive you are, the higher you'll be able to jump.",1,0,0,0,0,1,0,0,0,0,0,1,0,0,0,0,2,0,0.7,0.2,0.0
2382,Muscle Beach Skip,Strength,Legs,None,Intermediate,,1,0,0,0,0,1,0,0,0,0,0,1,0,0,0,0,2,0,0.0,0.2,0.0
2383,Muscle Beach Broad Jump,Strength,Legs,None,Intermediate,,1,0,0,0,0,1,0,0,0,0,0,1,0,0,0,0,2,0,0.7,0.2,0.0
2384,Muscle Beach Sprint,Strength,Legs,None,Intermediate,,1,0,0,0,0,1,0,0,0,0,0,1,0,0,0,0,2,0,0.7,0.2,0.0
2385,Muscle Beach Front Kick,Strength,Legs,None,Intermediate,,1,0,0,0,0,1,0,0,0,0,0,1,0,0,0,0,2,0,0.0,0.2,0.0
2386,Muscle Beach Side Kick,Strength,Legs,None,Intermediate,,1,0,0,0,0,1,0,0,0,0,0,1,0,0,0,0,2,0,0.0,0.2,0.0
2387,Muscle Beach Spin Kick,Strength,Legs,None,Intermediate,,1,0,0,0,0,1,0,0,0,0,0,1,0,0,0,0,2,0,0.0,0.2,0.0
2388,Muscle Beach Freestyle Kick,Strength,Legs,None,Intermediate,,1,0,0,0,0,1,0,0,0,0,0,1,0,0,0,0,2,0,0.0,0.2,0.0
2389,MetaBurn Alternating Curtsy Lunge To Squat,Strength,Legs,None,Intermediate,,1,0,0,0,0,1,0,0,0,0,0,1,0,0,0,0,2,1,0.0,0.2,0.0
2390,MetaBurn Alternating Curtsy Lunge With High Knee,Strength,Legs,None,Intermediate,,1,0,0,0,0,1,0,0,0,0,0,1,0,0,0,0,2,0,0.0,0.2,0.0
2391,MetaBurn Alternating Diagonal Sprawl,Strength,Legs,None,Intermediate,,1,0,0,0,0,1,0,0,0,0,0,1,0,0,0,0,2,0,0.0,0.2,0.0
2392,MetaBurn Alternating Lateral Sprawl,Strength,Legs,None,Intermediate,,1,0,0,0,0,1,0,0,0,0,0,1,0,0,0,0,2,0,0.0,0.2,0.0
2393,MetaBurn Curtsy Lunge,Strength,Legs,None,Intermediate,,1,0,0,0,0,1,0,0,0,0,0,1,0,0,0,0,2,0,0.0,0.2,0.0
2394,MetaBurn Frogger,Strength,Legs,None,Intermediate,,1,0,0,0,0,1,0,0,0,0,0,1,0,0,0,0,2,0,0.0,0.2,0.0
2395,MetaBurn High Knee Rotation,Strength,Legs,None,Intermediate,,1,0,0,0,0,1,0,0,0,0,0,1,0,0,0,0,2,0,0.0,0.2,0.0
2396,MetaBurn Side-To-Side Lunge,Strength,Legs,None,Intermediate,,1,0,0,0,0,1,0,0,0,0,0,1,0,0,0,0,2,0,0.0,0.2,0.0
2397,MetaBurn Star Jump,Strength,Legs,None,Intermediate,,1,0,0,0,0,1,0,0,0,0,0,1,0,0,0,0,2,0,0.7,0.2,0.0
2398,MetaBurn Tuck Jump With Knee Slap,Strength,Legs,None,Intermediate,,1,0,0,0,0,1,0,0,0,0,0,1,0,0,0,0,2,0,0.7,0.2,0.0
2399,MetaBurn Lateral Bounding Hop,Strength,Legs,None,Intermediate,,1,0,0,0,0,1,0,0,0,0,0,1,0,0,0,0,2,0,0.0,0.2,0.0
2400,MetaBurn Double Lunge,Strength,Legs,None,Intermediate,,1,0,0,0,0,1,0,0,0,0,0,1,0,0,0,0,2,0,0.0,0.2,0.0
2401,Robertson Sprinter Step-Up,Strength,Legs,None,Intermediate,,1,0,0,0,0,1,0,0,0,0,0,1,0,0,0,0,2,0,0.7,0.2,0.0
2402,FYR2 Front Kick-Through,Strength,Legs,None,Intermediate,,1,0,0,0,0,1,0,0,0,0,0,1,0,0,0,0,2,0,0.0,0.2,0.0
2403,Lunge high-knee clap,Strength,Legs,None,Intermediate,"The lunge high-knee clap is a full-body, cardio-based exercise with emphasis on the lower body. It includes a clap under the front leg to make the movement more powerful and strict. It can be performed either for time or reps and is a great inclusion in a fat-loss or athleticism-focused circuit workout.",1,0,0,0,0,1,0,0,0,0,0,1,0,0,0,0,2,0,0.0,0.2,0.0
2404,FYR2 Plyo Split Squat,Strength,Legs,None,Intermediate,,1,0,0,0,0,1,0,0,0,0,0,1,0,0,0,0,2,1,0.0,0.2,0.0
2405,FYR2 Reverse Burpee,Strength,Legs,None,Intermediate,,1,0,0,0,0,1,0,0,0,0,0,1,0,0,0,0,2,1,0.7,0.2,0.0
2406,FYR2 Reverse Burpee to Regular Burpee,Strength,Legs,None,Intermediate,,1,0,0,0,0,1,0,0,0,0,0,1,0,0,0,0,2,1,0.7,0.2,0.0
2407,FYR2 Reverse Burpee Tuck Jump,Strength,Legs,None,Intermediate,,1,0,0,0,0,1,0,0,0,0,0,1,0,0,0,0,2,1,0.8999999999999999,0.2,0.0
2408,FYR2 Sprawlee,Strength,Legs,None,Intermediate,,1,0,0,0,0,1,0,0,0,0,0,1,0,0,0,0,2,0,0.0,0.2,0.0
2409,FYR2 Squat Hold,Strength,Legs,None,Intermediate,,1,0,0,0,0,1,0,0,0,0,0,1,0,0,0,0,2,1,0.0,0.2,0.0
2410,FYR2 Squat Jump,Strength,Legs,None,Intermediate,,1,0,0,0,0,1,0,0,0,0,0,1,0,0,0,0,2,1,0.7,0.2,0.0
2411,FYR2 Squat Pulse,Strength,Legs,None,Intermediate,,1,0,0,0,0,1,0,0,0,0,0,1,0,0,0,0,2,1,0.0,0.2,0.0
2412,Sprinter burpee,Strength,Legs,None,Intermediate,The sprinter burpee is an explosive version of the burpee exercise that adds a sprinter jump to the top of each rep. It can be performed for time or reps in any fat-loss or athleticism-focused circuit or workout.,1,0,0,0,0,1,0,0,0,0,0,1,0,0,0,0,2,1,0.8999999999999999,0.2,0.0
2413,Shuttle run training,Strength,Legs,None,Intermediate,"Shuttle run training is an athletic conditioning drill that’s great for developing speed and power, as well as changing direction. It’s a favorite of football and basketball players, but it can also be great conditioning work for lifters and athletes of all ability levels.",1,0,0,0,0,1,0,0,0,0,0,1,0,0,0,0,2,0,0.7,0.2,0.0
2414,Medicine ball ninja,Strength,Legs,None,Intermediate,"The medicine ball ninja is a dynamic medicine ball movement that challenges both the upper and lower body, while also elevating the heart rate. It's a great movement to include in medicine ball or bodyweight circuit training to increase fatigue and burn serious calories while hammering the muscles of the legs.",1,0,0,0,0,1,0,0,0,0,0,1,0,0,0,0,2,0,0.0,0.2,0.0
2415,FYR Air Ball Plus Medicine Ball Jumping Sprawl,Strength,Legs,None,Intermediate,"The medicine ball air ball to jumping sprawl is a series of bodyweight and medicine ball movement strung together into a single sequence. They collectively target virtually every muscle in the body, as well as seriously challenging the cardiovascular system. It can be a single-movement workout if done for high reps, or part of a larger circuit workout.",1,0,0,0,0,1,0,0,0,0,0,1,0,0,0,0,2,0,0.7,0.2,0.0
2416,Medicine ball cowboy squat,Strength,Legs,None,Intermediate,"The medicine ball cowboy squat is an explosive exercise targeting the lower body, although several upper-body muscles play important supporting roles. The move involves performing jumping squats while holding a medicine ball overhead. It's commonly performed as part of a bodyweight and medicine ball circuit focused on fat loss or athleticism.",1,0,0,0,0,1,0,0,0,0,0,1,0,0,0,0,2,1,0.0,0.2,0.0
2417,Medicine ball jumping jill,Strength,Legs,None,Intermediate,"The medicine ball jumping jill is an explosive medicine ball exercise that is similar to a jumping jack but performed holding a medicine ball between the hands. It can be performed for time or reps in a dynamic warm-up or fat-loss or conditioning circuit, usually paired with other bodyweight or medicine ball movements.",1,0,0,0,0,1,0,0,0,0,0,1,0,0,0,0,2,0,0.7,0.2,0.0
2418,Alternate Leg Diagonal Bound,Strength,Legs,None,Beginner,,1,0,0,0,0,1,0,0,0,0,0,1,0,0,0,0,1,0,0.0,0.2,0.7187500000000001
2419,Sit Squats,Flexibility,Legs,None,Beginner,,0,0,1,0,0,1,0,0,0,0,0,1,0,0,0,0,1,1,0.0,0.2,0.6354166666666666
2420,Frog Hops,Flexibility,Legs,None,Beginner,,0,0,1,0,0,1,0,0,0,0,0,1,0,0,0,0,1,0,0.0,0.2,0.40625
2421,Dumbbell lateral hop to sprint,Strength,Legs,None,Intermediate,"The dumbbell lateral hop to sprint is a multi-part explosive exercise combining weighted hops with weighted sprinting. Adding dumbbells adds a challenge to the core and shoulders. Because balance can be a challenge, it is usually performed with relatively light weights, often as a component of fat-loss or athletic training.",1,0,0,0,0,1,0,0,0,0,0,1,0,0,0,0,2,0,0.7,0.2,0.0
2422,Smith machine lunge sprint,Strength,Legs,None,Intermediate,"The Smith machine lunge sprint is a lower-body power exercise performed with the bar of a Smith machine on the back. It is similar to an alternating jump lunge or ""scissor lunge,"" but with added weight. The contained bar of the Smith machine makes it safer and less of a balance challenge than using a free weight.",1,0,0,0,0,1,0,0,0,0,0,1,0,0,0,0,2,0,0.7,0.2,0.0
2423,Sissy squat,Strength,Legs,None,Intermediate,"The sissy squat is a bodyweight squat variation that involves letting the knees travel far over the toes, placing an extreme stretch on the quads. This movement targets the quad muscles directly and can be performed in partial or full ranges of motion based on knee health and pain.",1,0,0,0,0,1,0,0,0,0,0,1,0,0,0,0,2,1,0.0,0.2,0.0
2424,Wall ball toss,Strength,Legs,None,Intermediate,"The wall ball toss is an explosive full-body exercise utilizing a medicine ball. It involves squatting down, then explosively pressing a weighted ball into the air and catching it on a bounce off of a vertical surface. It is common in CrossFit workouts and can be performed for time or reps.",1,0,0,0,0,1,0,0,0,0,0,1,0,0,0,0,2,0,0.0,0.2,0.8333333333333334
2425,Bosu Ball Squat,Strength,Legs,None,Beginner,,1,0,0,0,0,1,0,0,0,0,0,1,0,0,0,0,1,1,0.0,0.2,0.0
2426,Exercise ball Bulgarian split squat,Strength,Legs,None,Intermediate,"The exercise ball Bulgarian split squat is an exercise that builds the quads, hamstrings, and glutes one leg at a time. The exercise ball is used to support the trailing shin and foot. Due to the balance challenge, this version of the split squat is usually performed for moderate to high reps with body weight only or light weights in the hands. If balance is a problem, you can stick the ball in the corner of a room while performing the exercise.",1,0,0,0,0,1,0,0,0,0,0,1,0,0,0,0,2,1,0.0,0.2,0.0
2427,Internal Rotation with Band,Strength,Shoulders,Bands,Beginner,,1,0,0,0,0,0,0,1,0,0,0,0,1,0,0,0,1,0,0.0,0.2,0.8645833333333335
2428,Band Pull Apart,Strength,Shoulders,Bands,Intermediate,"The band pull-apart is an exercise targeting the upper back muscles, including the trapezius, rear delts, and rhomboids. The band creates dynamic tension, allowing you to really focus on contracting these muscles, making it a great activation drill prior to upper-body lifting.",1,0,0,0,0,0,0,1,0,0,0,0,1,0,0,0,2,0,0.0,0.2,0.8541666666666666
2429,Back Flyes - With Bands,Strength,Shoulders,Bands,Beginner,,1,0,0,0,0,0,0,1,0,0,0,0,1,0,0,0,1,0,0.0,0.2,0.84375
2430,Lateral Raise - With Bands,Strength,Shoulders,Bands,Beginner,,1,0,0,0,0,0,0,1,0,0,0,0,1,0,0,0,1,0,0.0,0.2,0.8229166666666667
2431,Shoulder Press - With Bands,Strength,Shoulders,Bands,Beginner,,1,0,0,0,0,0,0,1,0,0,0,0,1,0,0,0,1,0,0.0,0.2,0.7916666666666666
2432,External Rotation with Band,Strength,Shoulders,Bands,Beginner,,1,0,0,0,0,0,0,1,0,0,0,0,1,0,0,0,1,0,0.0,0.2,0.0
2433,FYR Band Pull-Apart,Strength,Shoulders,Bands,Intermediate,,1,0,0,0,0,0,0,1,0,0,0,0,1,0,0,0,2,0,0.0,0.2,0.0
2434,HM Lateral Raise,Strength,Shoulders,Bands,Intermediate,,1,0,0,0,0,0,0,1,0,0,0,0,1,0,0,0,2,0,0.0,0.2,0.0
2435,Rusin Banded Over-And-Back,Strength,Shoulders,Bands,Intermediate,,1,0,0,0,0,0,0,1,0,0,0,0,1,0,0,0,2,0,0.0,0.2,0.0
2436,Rusin Banded Face Pull,Strength,Shoulders,Bands,Intermediate,,1,0,0,0,0,0,0,1,0,0,0,0,1,0,0,0,2,0,0.0,0.2,0.0
2437,UP Band Pull-Apart,Strength,Shoulders,Bands,Intermediate,,1,0,0,0,0,0,0,1,0,0,0,0,1,0,0,0,2,0,0.0,0.2,0.0
2438,Jordan Shallow Band-Resisted Thread the Needle,Strength,Shoulders,Bands,Intermediate,,1,0,0,0,0,0,0,1,0,0,0,0,1,0,0,0,2,0,0.0,0.2,0.0
2439,30 Shoulders Seated Banded Barbell Shoulder Press,Strength,Shoulders,Bands,Intermediate,,1,0,0,0,0,0,0,1,0,0,0,0,1,0,0,0,2,0,0.0,0.2,0.0
2440,Band shoulder press,Strength,Shoulders,Bands,Intermediate,"The band shoulder press is a deltoid exercise and an alternative to the classic dumbbell shoulder press. The dynamic tension of the band forces the core to stabilize the body and more closely matches the strength curve of the shoulder press. It can be performed in low reps, such as 5-8 reps per set, to build shoulder strength, or for higher reps to build muscle and for conditioning. It can work as the main focus of a shoulder day but is also popular as an accessory movement to the bench press or barbell military press.",1,0,0,0,0,0,0,1,0,0,0,0,1,0,0,0,2,0,0.0,0.2,0.0
2441,Band lateral raise,Strength,Shoulders,Bands,Intermediate,"The band lateral raise is a shoulder exercise that targets the medial or middle head of the deltoid muscle. It's a variation of the dumbbell lateral raise, a staple strength-training move. The band lateral raise is a great option for warm-up or accessory work on upper-body training days. The dynamic tension of the band provides constant tension and matches the strength curve of the movement. It is usually performed for moderate to high reps, at least 8-12 reps, as part of the upper-body or shoulder-focused portion of a workout.",1,0,0,0,0,0,0,1,0,0,0,0,1,0,0,0,2,0,0.0,0.2,0.0
2442,Band upright row,Strength,Shoulders,Bands,Intermediate,"The band upright row is a popular movement for building stronger and bigger traps and shoulders and similar to the dumbbell upright row. Many lifters combine this move with either their back or shoulder workout, since it involves both body parts. Using the band provides dynamic resistance and is easier on the shoulder than using a barbell. It is generally performed for moderate to high reps, such as 8-12 reps per set or more.",1,0,0,0,0,0,0,1,0,0,0,0,1,0,0,0,2,1,0.7,0.2,0.0
2443,Staggered-stance band shoulder press,Strength,Shoulders,Bands,Intermediate,"The staggered-stance band shoulder press is a deltoid exercise and a variation of the band shoulder press. The dynamic tension of the band forces the core to stabilize the body, and the staggered-stance provides more stability and relieves tension on the back. It can be performed in low reps, such as 5-8 reps per set, to build shoulder strength, or for higher reps to build muscle and for conditioning. It can work as the main focus of a shoulder day but is also popular as an accessory movement to the bench press or barbell military press.",1,0,0,0,0,0,0,1,0,0,0,0,1,0,0,0,2,0,0.0,0.2,0.0
2444,Single-arm banded landmine press,Strength,Shoulders,Bands,Intermediate,"The single-arm banded landmine press is an upper-body exercise that uses an angled barbell anchored at floor level in a landmine device. It can also be performed by sticking a barbell in the corner of a room, preferably in a towel to protect the walls. The band adds constant tension and dynamic resistance to the exercise. The movement focuses primarily on the muscles of the shoulders or deltoids and can be trained in traditional muscle and strength-focused rep ranges or for higher reps.",1,0,0,0,0,0,0,1,0,0,0,0,1,0,0,0,2,0,0.0,0.2,0.0
2445,Band front raise rear fly row combo,Strength,Shoulders,Bands,Intermediate,"The band front raise rear fly row combo is a combination of three different shoulder exercises to build and strengthen the anterior, middle deltoids, and posterior portions of the shoulders. It requires a continuous loop band to provide constant, dynamic tension throughout the movement. In addition to the front and rear delts, this exercise works the arms, chest, back, and core, making it a great time-efficient shoulder burnout or accessory movement on an upper-body day.",1,0,0,0,0,0,0,1,0,0,0,0,1,0,0,0,2,1,0.7,0.2,0.0
2446,Jordan Shallow Foam Roller Thoracic Extension,Strength,Shoulders,None,Intermediate,,1,0,0,0,0,0,0,1,0,0,0,1,0,0,0,0,2,0,0.0,0.2,0.0
2447,Jordan Shallow Thread the Needle (with Foam Roller),Strength,Shoulders,None,Intermediate,,1,0,0,0,0,0,0,1,0,0,0,1,0,0,0,0,2,0,0.0,0.2,0.0
2448,Clean and press,Strength,Shoulders,Barbell,Intermediate,"The clean and press is a full-body lift comprised of two movements: the clean, where the bar is pulled from the floor and caught in the front rack position in three pulls or phases, followed by the overhead press. Decades ago, it was contested in the Olympics. Today, it remains a worthy centerpiece of a power and strength training program, and has full-body benefits when done for low reps as well as moderate to high reps.",1,0,0,0,0,0,0,1,0,0,0,0,0,1,0,0,2,1,0.0,0.2,0.9791666666666667
2449,Clean and jerk,Strength,Shoulders,Barbell,Intermediate,"The clean and jerk is a full-body lift that is one of two contested lifts in Olympic weightlifting competitions. It is comprised of two movements: the clean, where the bar is pulled from the floor and caught in the front rack position in three pulls or phases, followed by the jerk overhead. The clean and jerk hits every muscle from head to toe and can be the centerpiece of a lifting program. It is also popular in CrossFit and athletic training programs. It is usually performed in low rep ranges, focusing on power and movement quality.",1,0,0,0,0,0,0,1,0,0,0,0,0,1,0,0,2,1,0.0,0.6,0.9687500000000001
2450,Military press,Strength,Shoulders,Barbell,Intermediate,"The military press is a compound movement used to build size and strength in the shoulders. It was once contested as a fourth powerlift, but is rarely competed anymore. However, being able to press a significant weight overhead remains a popular marker of upper-body strength. The military press can be trained as a strength lift or in traditional muscle-building rep ranges as part of full-body, shoulder-focused, or upper-body training.",1,0,0,0,0,0,0,1,0,0,0,0,0,1,0,0,2,0,0.0,0.2,0.9687500000000001
2451,Seated barbell shoulder press,Strength,Shoulders,Barbell,Intermediate,"The seated barbell shoulder press is a classic exercise for building muscle and strength in the shoulders. The triceps also play a significant role in pressing the barbell overhead. Performing the movement seated reduces help from the lower body and decreases the risk of overextending the lumbar spine during the movement. This press variation can be the primary pressing movement on an upper-body or shoulder day, or an effective accessory movement later in a workout.",1,0,0,0,0,0,0,1,0,0,0,0,0,1,0,0,2,0,0.0,0.2,0.9583333333333333
2452,Snatch-Grip Behind-The-Neck Overhead Press,Strength,Shoulders,Barbell,Beginner,,1,0,0,0,0,0,0,1,0,0,0,0,0,1,0,0,1,1,0.0,0.6,0.9375
2453,Standing Bradford press,Strength,Shoulders,Barbell,Intermediate,"The standing Bradford press is an obscure yet effective shoulder exercise that alternates front presses with behind-the-neck presses. It can be used as a warm-up for other press variations on a shoulder day, or as a muscle-building movement on its own in a shoulder or upper-body focused workout. It is usually performed for relatively high reps, such as 8-15 reps per set or higher, or just to the point of fatigue.",1,0,0,0,0,0,0,1,0,0,0,0,0,1,0,0,2,0,0.0,0.2,0.90625
2454,Barbell Shoulder Press,Strength,Shoulders,Barbell,Intermediate,"The seated barbell shoulder pressis a classic exercise for building muscle and strengthening the shoulders, particularly but not exclusively the front heads. The triceps also play a significant roles in pressing the barbell overhead.",1,0,0,0,0,0,0,1,0,0,0,0,0,1,0,0,2,0,0.0,0.2,0.90625
2455,Barbell rear delt bent-over row,Strength,Shoulders,Barbell,Intermediate,"The barbell rear delt bent-over row is a movement used to target the shoulders as well as the upper-back muscles. It is performed with lighter weights than a traditional barbell bent-over row, and is usually performed for higher reps, such as 8-15 reps per set, as part of a back or upper-body workout.",1,0,0,0,0,0,0,1,0,0,0,0,0,1,0,0,2,1,0.7,0.2,0.8854166666666667
2456,Barbell upright row,Strength,Shoulders,Barbell,Intermediate,The barbell upright row is a barbell exercise that builds stronger and bigger traps. Many lifters combine this move with either their back or shoulder workout since it involves both body parts.,1,0,0,0,0,0,0,1,0,0,0,0,0,1,0,0,2,1,0.7,0.2,0.8645833333333335
2457,Bradford/Rocky Presses,Strength,Shoulders,Barbell,Beginner,,1,0,0,0,0,0,0,1,0,0,0,0,0,1,0,0,1,0,0.0,0.2,0.8541666666666666
2458,Lying rear delt fly,Strength,Shoulders,Barbell,Intermediate,"The lying rear delt fly is an upper-body exercise that targets the rear deltoid of the shoulder. By performing the movement lying face down on a bench, it eliminates momentum from the rest of the body. This movement is usually performed for moderate to high reps, such as 8-12 reps per set or more, as part of the upper-body or shoulder-focused portion of a workout.",1,0,0,0,0,0,0,1,0,0,0,0,0,1,0,0,2,0,0.0,0.2,0.8541666666666666
2459,Machine Shoulder (Military) Press,Strength,Shoulders,Barbell,Intermediate,The machine shoulder press is an upper body exercise targeting the deltoids.,1,0,0,0,0,0,0,1,0,0,0,0,0,1,0,0,2,0,0.0,0.2,0.8333333333333334
2460,Standing Barbell Press Behind Neck,Strength,Shoulders,Barbell,Intermediate,"The standing behind-the-head press is a classic shoulder exercise that was used widely during bodybuilding's professed Golden Era. In addition to the deltoids, it also works the trapezius and triceps muscles. It may not be a good choice for some people's shoulders, depending on their injury history. It can be trained in strength-focused rep ranges, but is more commonly trained in moderate to high reps, such as 8-15 reps per set.",1,0,0,0,0,0,0,1,0,0,0,0,0,1,0,0,2,0,0.0,0.2,0.8229166666666667
2461,Barbell front raise,Strength,Shoulders,Barbell,Intermediate,"The barbell front raise is an upper-body isolation exercise that targets the shoulders. It is usually performed for moderate to high reps, such as 8-12 reps or higher, as part of the shoulder-focused part of any workout.",1,0,0,0,0,0,0,1,0,0,0,0,0,1,0,0,2,0,0.0,0.2,0.7708333333333334
2462,Overhead bar front raise,Strength,Shoulders,Barbell,Intermediate,"The overhead bar front raise is an exercise targeting the muscles of the traps (trapezius), especially the upper traps, as well as the front or anterior shoulders. It can also be performed with a weight plate or dumbbell, providing a neutral grip that may be more shoulder-friendly for some lifters. Overhead raises are most common for high reps (at least 8-12 reps per set or higher) on a shoulder, trap, or other upper-body-focused muscle-building day.",1,0,0,0,0,0,0,1,0,0,0,0,0,1,0,0,2,0,0.0,0.2,0.75
2463,Incline barbell shoulder protraction,Strength,Shoulders,Barbell,Intermediate,"The incline barbell shoulder protraction is an upper-body movement that targets strength and mobility in the scapula or shoulder blades. This can help increase pressing strength and prevent injury. It also helps develop the serratus anterior, an often-neglected muscle around the ribcage that can aid in shoulder health and upper-body muscle definition. Because it targets such small muscles, this exercise is usually performed with light weight for high reps, such as 8-12 reps per set or more.",1,0,0,0,0,0,0,1,0,0,0,0,0,1,0,0,2,0,0.0,0.2,0.6770833333333334
2464,Behind-the-head push-press,Strength,Shoulders,Barbell,Intermediate,The behind-the-head push-press is an overhead press variation in which the barbell starts in the back rack position and is pushed overhead with assistance from the lower body. It is most often seen in training for Olympic weightlifting. It can be part of a barbell complex or performed for low reps focusing on power and movement quality.,1,0,0,0,0,0,0,1,0,0,0,0,0,1,0,0,2,0,0.0,0.2,0.6770833333333334
2465,Rack Delivery,Strength,Shoulders,Barbell,Beginner,,1,0,0,0,0,0,0,1,0,0,0,0,0,1,0,0,1,0,0.0,0.2,0.0
2466,Smith Incline Shoulder Raise,Strength,Shoulders,Barbell,Beginner,,1,0,0,0,0,0,0,1,0,0,0,0,0,1,0,0,1,0,0.0,0.2,0.0
2467,Tall Muscle Snatch,Strength,Shoulders,Barbell,Beginner,,1,0,0,0,0,0,0,1,0,0,0,0,0,1,0,0,1,1,0.0,0.6,0.0
2468,Axle Clean And Press,Strength,Shoulders,Barbell,Beginner,,1,0,0,0,0,0,0,1,0,0,0,0,0,1,0,0,1,1,0.0,0.2,0.0
2469,Jerk Balance,Strength,Shoulders,Barbell,Beginner,,1,0,0,0,0,0,0,1,0,0,0,0,0,1,0,0,1,0,0.0,0.2,0.0
2470,Seated EZ-bar shrug,Strength,Shoulders,Barbell,Intermediate,"The seated EZ-bar shrug is an exercise targeting the trapezius muscle, that V-shaped muscle that forms a triangle where the shoulders meet the neck. It is usually performed for moderate to high reps during an upper-body or shoulders and traps-focused workout.",1,0,0,0,0,0,0,1,0,0,0,0,0,1,0,0,2,0,0.0,0.2,0.0
2471,Paul Carter Barbell Seated Military Press,Strength,Shoulders,Barbell,Intermediate,"The seated barbell shoulder pressis a classic exercise for building muscle and strengthening the shoulders, particularly but not exclusively the front heads. The triceps also play a significant roles in pressing the barbell overhead.",1,0,0,0,0,0,0,1,0,0,0,0,0,1,0,0,2,0,0.0,0.2,0.0
2472,TBS Barbell Military Press,Strength,Shoulders,Barbell,Intermediate,"The military press is a compound movement used to build size and strength in the shoulders. It was once contested as a fourth powerlift, but is rarely competed anymore. However, being able to press a significant weight overhead remains a popular marker of upper-body strength. The military press can be trained as a strength lift or in traditional muscle-building rep ranges as part of full-body, shoulder-focused, or upper-body training.",1,0,0,0,0,0,0,1,0,0,0,0,0,1,0,0,2,0,0.0,0.2,0.0
2473,Incline Front Barbell Raise - Gethin Variation,Strength,Shoulders,Barbell,Intermediate,"The incline face-down bar front raise is an upper-body exercise targeting the shoulders. Because it is performed face down on an angled bench, it has a greater range of motion than standing or upright-seated raises and hits the shoulders from a different angle. Raise variations are usually performed for moderate to high reps, such as 8-12 reps per set or more, as part of upper-body or shoulder-focused training.",1,0,0,0,0,0,0,1,0,0,0,0,0,1,0,0,2,0,0.0,0.2,0.0
2474,Barbell Front Raise - Gethin Variation,Strength,Shoulders,Barbell,Intermediate,"The barbell front raise is an upper-body isolation exercise that targets the shoulders. It is usually performed for moderate to high reps, such as 8-12 reps or higher, as part of the shoulder-focused part of any workout.",1,0,0,0,0,0,0,1,0,0,0,0,0,1,0,0,2,0,0.0,0.2,0.0
2475,Single-arm barbell lateral raise,Strength,Shoulders,Barbell,Intermediate,"The single-arm barbell lateral raise is an isolation exercise targeting the shoulders. It is more challenging than using a dumbbell and has an instability component that may make the deltoid muscles work harder. It is generally performed one side at a time for moderate to high reps, such as 8-15 reps per set, as part of a shoulder-focused workout.",1,0,0,0,0,0,0,1,0,0,0,0,0,1,0,0,2,0,0.0,0.2,0.0
2476,AM Upright Row,Strength,Shoulders,Barbell,Intermediate,The barbell upright row is a barbell exercise that builds stronger and bigger traps. Many lifters combine this move with either their back or shoulder workout since it involves both body parts.,1,0,0,0,0,0,0,1,0,0,0,0,0,1,0,0,2,1,0.7,0.2,0.0
2477,AM Barbell Shoulder Press,Strength,Shoulders,Barbell,Intermediate,"The standing barbell shoulder press is a compound movement used to build size and strength in the shoulders. The shoulder press can be trained as a strength lift or in traditional muscle-building rep ranges as part of full-body, shoulder-focused, or upper-body training.",1,0,0,0,0,0,0,1,0,0,0,0,0,1,0,0,2,0,0.0,0.2,0.0
2478,Standing barbell shoulder press,Strength,Shoulders,Barbell,Intermediate,"The standing barbell shoulder press is a compound movement used to build size and strength in the shoulders. The shoulder press can be trained as a strength lift or in traditional muscle-building rep ranges as part of full-body, shoulder-focused, or upper-body training.",1,0,0,0,0,0,0,1,0,0,0,0,0,1,0,0,2,0,0.0,0.2,0.0
2479,King Maker Barbell Thruster,Strength,Shoulders,Barbell,Intermediate,"The barbell thruster is a full-body exercise that incorporates both squatting and pressing in one functional movement. It's especially common in contemporary CrossFit workouts, but also in general strength training. The barbell is usually cleaned into place first, but it could be performed taken from a squat rack in a front-rack position. The thruster can be performed in traditional strength-focused rep ranges to build strength in the press, or in higher reps for full-body conditioning.",1,0,0,0,0,0,0,1,0,0,0,0,0,1,0,0,2,1,0.0,0.2,0.0
2480,Single-arm incline cable cross-over,Strength,Shoulders,Barbell,Intermediate,"The single-arm incline cable cross-over is an isolation movement that uses a cable stack and a bench to target the upper part of the pectoral muscles. Working the chest one side at a time allows you to focus on balance between the sides of your chest and really feel the chest muscles contracting. It is common in upper-body and chest-focused muscle-building workouts, often in combination with other presses or flyes to target the chest from different angles.",1,0,0,0,0,0,0,1,0,0,0,0,0,1,0,0,2,0,0.0,0.2,0.0
2481,Barbell bear complex,Strength,Shoulders,Barbell,Intermediate,"The barbell bear complex is a series of barbell lifts that run together in a single sequence: a barbell power clean, front squat, push-press, back squat, and another push-press from behind the neck. It trains the entire body for both building strength and improving conditioning. It is often performed for rounds, either with or without rest between rounds.",1,0,0,0,0,0,0,1,0,0,0,0,0,1,0,0,2,0,0.0,0.2,0.0
2482,30 Shoulders Barbell Shrug,Strength,Shoulders,Barbell,Intermediate,,1,0,0,0,0,0,0,1,0,0,0,0,0,1,0,0,2,0,0.0,0.2,0.0
2483,30 Shoulders Incline Face-Up Straight-Bar Front Raise,Strength,Shoulders,Barbell,Intermediate,,1,0,0,0,0,0,0,1,0,0,0,0,0,1,0,0,2,0,0.0,0.2,0.0
2484,30 Shoulders Seated Dumbbell Shoulder Press,Strength,Shoulders,Barbell,Intermediate,,1,0,0,0,0,0,0,1,0,0,0,0,0,1,0,0,2,0,0.0,0.2,0.0
2485,30 Shoulders Standing Behind-The-Head Shoulder Press,Strength,Shoulders,Barbell,Intermediate,,1,0,0,0,0,0,0,1,0,0,0,0,0,1,0,0,2,0,0.0,0.2,0.0
2486,30 Shoulders Standing Barbell Press,Strength,Shoulders,Barbell,Intermediate,,1,0,0,0,0,0,0,1,0,0,0,0,0,1,0,0,2,0,0.0,0.2,0.0
2487,FYR2 Wide Overhead Press,Strength,Shoulders,Barbell,Intermediate,,1,0,0,0,0,0,0,1,0,0,0,0,0,1,0,0,2,0,0.0,0.2,0.0
2488,Single-arm kettlebell push-press,Strength,Shoulders,Dumbbell,Intermediate,"The single-arm kettlebell push-press is a popular kettlebell movement that involves performing a press with help from the muscles of the lower body. It is preceded by a clean at the start of each set, and optionally you can perform a clean between each rep. It can be trained in traditional strength or muscle-building rep ranges, in circuit or fat-loss training, or as part of a larger kettlebell combination or complex.",1,0,0,0,0,0,0,1,0,0,0,0,0,0,1,0,2,0,0.0,0.2,0.9687500000000001
2489,Two-Arm Kettlebell Military Press,Strength,Shoulders,Dumbbell,Beginner,,1,0,0,0,0,0,0,1,0,0,0,0,0,0,1,0,1,0,0.0,0.2,0.90625
2490,Alternating Kettlebell Press,Strength,Shoulders,Dumbbell,Beginner,,1,0,0,0,0,0,0,1,0,0,0,0,0,0,1,0,1,0,0.0,0.2,0.8958333333333334
2491,Single-arm kettlebell snatch,Strength,Shoulders,Dumbbell,Intermediate,"The single-arm kettlebell snatch is a kettlebell exercise that involves lifting a kettlebell overhead in a single motion. It is popular as a full-body strength and conditioning movement, but it's also competed for reps in Russian-style girevoy sport. A ""snatch test"" of max reps in 5 or 10 minutes is also a common measurement of conditioning in kettlebell training. It can be performed from the ground or with a swing",1,0,0,0,0,0,0,1,0,0,0,0,0,0,1,0,2,1,0.0,0.6,0.8958333333333334
2492,Single-arm kettlebell clean and jerk,Strength,Shoulders,Dumbbell,Intermediate,"The single-arm kettlebell clean and jerk is a popular kettlebell movement that is performed both in an exercise setting and competitively as a part of Russian-style girevoy sport. It differs from a clean and push-press in that the lifter ""dips"" under the weight rather than simply using the legs to help push the weight up. Each rep of a clean and jerk is preceded by a clean at the start of each set. It can be trained in traditional strength or muscle-building rep ranges, in circuit or fat-loss training, or as part of a larger kettlebell combination or complex.",1,0,0,0,0,0,0,1,0,0,0,0,0,0,1,0,2,1,0.0,0.6,0.8750000000000001
2493,Kettlebell pirate ship,Strength,Shoulders,Dumbbell,Intermediate,"The kettlebell pirate ship is a rotational shoulder and core-focused kettlebell movement. It demands the lifter raise the kettlebell to the side in both directions, emphasizing core strength in the transverse abdominis and obliques in particular. It is best learned with a light weight, using controlled movements in both directions.",1,0,0,0,0,0,0,1,0,0,0,0,0,0,1,0,2,0,0.0,0.2,0.8125
2494,Two-Arm Kettlebell Clean,Strength,Shoulders,Dumbbell,Beginner,,1,0,0,0,0,0,0,1,0,0,0,0,0,0,1,0,1,1,0.0,0.2,0.78125
2495,Double Kettlebell Push Press,Strength,Shoulders,Dumbbell,Intermediate,"The double-kettlebell push-press is a popular kettlebell movement that involves performing a press with help from the muscles of the lower body. It is preceded by a double clean at the start of each set, and optionally you can perform a clean between each rep. It can be trained in traditional strength or muscle-building rep ranges, in circuit or fat-loss training, or as part of a larger kettlebell combination or complex.",1,0,0,0,0,0,0,1,0,0,0,0,0,0,1,0,2,0,0.0,0.2,0.78125
2496,Kettlebell Seated Press,Strength,Shoulders,Dumbbell,Beginner,,1,0,0,0,0,0,0,1,0,0,0,0,0,0,1,0,1,0,0.0,0.2,0.7291666666666667
2497,Double Kettlebell Jerk,Strength,Shoulders,Dumbbell,Beginner,,1,0,0,0,0,0,0,1,0,0,0,0,0,0,1,0,1,0,0.0,0.2,0.7291666666666667
2498,Kettlebell Arnold Press,Strength,Shoulders,Dumbbell,Beginner,,1,0,0,0,0,0,0,1,0,0,0,0,0,0,1,0,1,0,0.0,0.2,0.7083333333333334
2499,Double-kettlebell windmill,Strength,Shoulders,Dumbbell,Intermediate,"The double-kettlebell windmill is an advanced kettlebell exercise emphasizing core strength and shoulder and hip mobility and stability. Because it involves holding one weight overhead while holding another under the torso, it builds strength across the core and stability in the shoulders. It doesn't work well in a metcon or conditioning setting, and shouldn't be performed under intense fatigue.",1,0,0,0,0,0,0,1,0,0,0,0,0,0,1,0,2,0,0.0,0.2,0.3125
2500,One-Arm Kettlebell Split Snatch,Strength,Shoulders,Dumbbell,Beginner,,1,0,0,0,0,0,0,1,0,0,0,0,0,0,1,0,1,1,0.0,0.6,0.0
2501,One-Arm Kettlebell Para Press,Strength,Shoulders,Dumbbell,Beginner,,1,0,0,0,0,0,0,1,0,0,0,0,0,0,1,0,1,0,0.0,0.2,0.0
2502,One-Arm Kettlebell Split Jerk,Strength,Shoulders,Dumbbell,Beginner,,1,0,0,0,0,0,0,1,0,0,0,0,0,0,1,0,1,0,0.0,0.2,0.0
2503,One-Arm Kettlebell Military Press To The Side,Strength,Shoulders,Dumbbell,Beginner,,1,0,0,0,0,0,0,1,0,0,0,0,0,0,1,0,1,0,0.0,0.2,0.0
2504,One-Arm Kettlebell Jerk,Strength,Shoulders,Dumbbell,Beginner,,1,0,0,0,0,0,0,1,0,0,0,0,0,0,1,0,1,0,0.0,0.2,0.0
2505,Double Kettlebell Snatch,Strength,Shoulders,Dumbbell,Beginner,,1,0,0,0,0,0,0,1,0,0,0,0,0,0,1,0,1,1,0.0,0.6,0.0
2506,Two-Arm Kettlebell Jerk,Strength,Shoulders,Dumbbell,Beginner,,1,0,0,0,0,0,0,1,0,0,0,0,0,0,1,0,1,0,0.0,0.2,0.0
2507,FYR Kettlebell Power Clean,Strength,Shoulders,Dumbbell,Intermediate,"The kettlebell power clean is an explosive kettlebell exercise where the lifter pulls the weight to shoulder level with a slight swing between the legs. It is often used as a drill to teach kettlebell clean technique, but is also a valuable power exercise in its own right. It can be performed in low rep ranges for strength or higher rep ranges for technique practice or muscle growth.",1,0,0,0,0,0,0,1,0,0,0,0,0,0,1,0,2,1,0.0,0.2,0.0
2508,Kettlebell upright row,Strength,Shoulders,Dumbbell,Intermediate,"The kettlebell upright row is an exercise targeting the muscles of the traps (trapezius), as well as the posterior muscles of the shoulders or deltoid muscles. It is common as a light- or moderate-weight accessory movement in upper-body or shoulder training, usually in rep ranges of 8-12 or more. It may not be appropriate for some people, depending on their shoulder health.",1,0,0,0,0,0,0,1,0,0,0,0,0,0,1,0,2,1,0.7,0.2,0.0
2509,Kettlebell upright row and press,Strength,Shoulders,Dumbbell,Intermediate,"The kettlebell upright row and press is a combination of two popular kettlebell movements in a single sequence. This combination can be performed for time or for reps, often as circuit-style training for conditioning or fat loss, or in a kettlebell complex or flow.",1,0,0,0,0,0,0,1,0,0,0,0,0,0,1,0,2,1,0.7,0.2,0.0
2510,Single-arm kettlebell thruster,Strength,Shoulders,Dumbbell,Intermediate,"The single-arm kettlebell thruster is a popular kettlebell movement that combines a kettlebell front squat with a kettlebell press. It is preceded by a clean at the start of each set, and you can perform a clean between each rep if you choose. It can be trained in traditional strength or muscle-building rep ranges, in circuit or fat-loss training, or as part of a kettlebell combination or complex.",1,0,0,0,0,0,0,1,0,0,0,0,0,0,1,0,2,1,0.0,0.2,0.0
2511,Double-kettlebell shoulder press,Strength,Shoulders,Dumbbell,Intermediate,"The double-kettlebell shoulder press is a popular movement in strength and muscle-focused kettlebell workouts. Each set is started by cleaning the weights up to the rack position. The weights can optionally be re-cleaned between each rep, which is known as a clean and press. The double press can be trained in traditional strength or muscle-growth rep ranges (e.g., 5x5 or 8-12 reps per set), or in circuit-style fat-loss training or kettlebell complexes.",1,0,0,0,0,0,0,1,0,0,0,0,0,0,1,0,2,0,0.0,0.2,0.0
2512,Double-kettlebell push-press,Strength,Shoulders,Dumbbell,Intermediate,"The double-kettlebell push-press is a popular kettlebell movement that involves performing a press with help from the muscles of the lower body. It is preceded by a double clean at the start of each set, and optionally you can perform a clean between each rep. It can be trained in traditional strength or muscle-building rep ranges, in circuit or fat-loss training, or as part of a larger kettlebell combination or complex.",1,0,0,0,0,0,0,1,0,0,0,0,0,0,1,0,2,0,0.0,0.2,0.0
2513,HM Kettlebell Windmill,Strength,Shoulders,Dumbbell,Intermediate,,1,0,0,0,0,0,0,1,0,0,0,0,0,0,1,0,2,0,0.0,0.2,0.0
2514,HM Kettlebell Z-Press,Strength,Shoulders,Dumbbell,Intermediate,,1,0,0,0,0,0,0,1,0,0,0,0,0,0,1,0,2,0,0.0,0.2,0.0
2515,Taylor Half-Kneeling Kettlebell Halo,Strength,Shoulders,Dumbbell,Intermediate,,1,0,0,0,0,0,0,1,0,0,0,0,0,0,1,0,2,0,0.0,0.2,0.0
2516,Taylor Towel Kettlebell Farmer's Walk,Strength,Shoulders,Dumbbell,Intermediate,,1,0,0,0,0,0,0,1,0,0,0,0,0,0,1,0,2,0,0.0,0.2,0.0
2517,FYR2 Double-Kettlebell Alternating Press,Strength,Shoulders,Dumbbell,Intermediate,,1,0,0,0,0,0,0,1,0,0,0,0,0,0,1,0,2,0,0.0,0.2,0.0
2518,FYR2 Double-Kettlebell Thruster,Strength,Shoulders,Dumbbell,Intermediate,,1,0,0,0,0,0,0,1,0,0,0,0,0,0,1,0,2,1,0.0,0.2,0.0
2519,FYR2 Half-Kneeling Kettlebell Clean,Strength,Shoulders,Dumbbell,Intermediate,,1,0,0,0,0,0,0,1,0,0,0,0,0,0,1,0,2,1,0.0,0.2,0.0
2520,FYR2 Kettlebell Clean and Press,Strength,Shoulders,Dumbbell,Intermediate,,1,0,0,0,0,0,0,1,0,0,0,0,0,0,1,0,2,1,0.0,0.2,0.0
2521,FYR2 Kettlebell High Pull to Overhead Press,Strength,Shoulders,Dumbbell,Intermediate,,1,0,0,0,0,0,0,1,0,0,0,0,0,0,1,0,2,0,0.0,0.2,0.0
2522,FYR2 Kettlebell Swing Clean and Press,Strength,Shoulders,Dumbbell,Intermediate,,1,0,0,0,0,0,0,1,0,0,0,0,0,0,1,0,2,1,0.0,0.2,0.0
2523,FYR2 Single-Arm Kettlebell Press,Strength,Shoulders,Dumbbell,Intermediate,,1,0,0,0,0,0,0,1,0,0,0,0,0,0,1,0,2,0,0.0,0.2,0.0
2524,FYR2 Ascending-Rep High-Pull-Press Complex,Strength,Shoulders,Dumbbell,Intermediate,,1,0,0,0,0,0,0,1,0,0,0,0,0,0,1,0,2,0,0.0,0.2,0.0
2525,Dumbbell front raise to lateral raise,Strength,Shoulders,Dumbbell,Intermediate,"The dumbbell front raise to lateral raise is a dumbbell complex that combines two exercises that build and strengthen the middle deltoids and the anterior deltoids of the shoulders. It is usually performed one rep of each movement at a time, although you could perform more reps of each, or increase the reps in successive rounds (e.g., 1 rep in round 1, 2 reps in round 2, etc.). No matter how you perform it, it targets both the anterior and medial deltoids, making it a great time-efficient shoulder burnout or accessory movement on an upper-body day.",1,0,0,0,0,0,0,1,0,0,0,0,0,0,1,0,2,0,0.0,0.2,0.9895833333333334
2526,Single-arm palm-in dumbbell shoulder press,Strength,Shoulders,Dumbbell,Intermediate,"The single-arm palm-in dumbbell shoulder press builds the shoulder muscles but with two major differences from the standard dumbbell shoulder press. It's done one arm at a time and the wrist stays neutral throughout the movement. It can be performed standing or seated. A single dumbbell press can be pursued as a strength goal, or trained in traditional muscle-building rep ranges such as 8-15 reps per set or more.",1,0,0,0,0,0,0,1,0,0,0,0,0,0,1,0,2,0,0.0,0.2,0.9791666666666667
2527,Standing palms-in shoulder press,Strength,Shoulders,Dumbbell,Intermediate,"The standing palms-in shoulder press is a dumbbell exercise targeting the shoulders. It can be performed in strength-focused rep ranges, such as 5-8 reps per set, or for higher reps to build muscle or for conditioning.",1,0,0,0,0,0,0,1,0,0,0,0,0,0,1,0,2,0,0.0,0.2,0.9687500000000001
2528,Seated Dumbbell Press,Strength,Shoulders,Dumbbell,Intermediate,"The seated dumbbell shoulder pressis an exercise for building muscle and strengthening the shoulders, particularly but not exclusively the front heads. The triceps also assist. Some lifters feel that using dumbbells versus a barbell reduced injury risk.",1,0,0,0,0,0,0,1,0,0,0,0,0,0,1,0,2,0,0.0,0.2,0.9479166666666666
2529,Standing dumbbell shoulder press,Strength,Shoulders,Dumbbell,Intermediate,"The standing dumbbell shoulder press is a classic deltoid-building exercise that is common in gyms around the world. Performing the move standing up as opposed to seated allows more weight to be used and taxes the core more than seated presses. The standing press is worthy of being the main movement in a muscle-building shoulder workout, but is also a great strength movement and accessory for the bench press.",1,0,0,0,0,0,0,1,0,0,0,0,0,0,1,0,2,0,0.0,0.2,0.9479166666666666
2530,Single-arm lateral raise,Strength,Shoulders,Dumbbell,Intermediate,"The single-arm lateral raise is a shoulder exercise that targets the medial or middle head of the deltoid muscle. It's a staple strength-training move and is a great option for accessory work on upper-body training days. Hold on to a post for balance, or do it free-standing to challenge core strength and stability. It is usually performed for moderate to high reps, at least 8-12 reps per side, as part of the upper-body or shoulder-focused portion of a workout.",1,0,0,0,0,0,0,1,0,0,0,0,0,0,1,0,2,0,0.0,0.2,0.9479166666666666
2531,Power Partials,Strength,Shoulders,Dumbbell,Beginner,,1,0,0,0,0,0,0,1,0,0,0,0,0,0,1,0,1,0,0.0,0.2,0.9479166666666666
2532,Incline dumbbell reverse fly,Strength,Shoulders,Dumbbell,Intermediate,"The incline dumbbell reverse fly is an upper-body exercise targeting the posterior or rear deltoids, as well as the postural muscles of the upper back. Because it targets such small muscles, this exercise is usually performed with light weight for high reps, such as 10-15 reps per set or more.",1,0,0,0,0,0,0,1,0,0,0,0,0,0,1,0,2,0,0.0,0.2,0.9479166666666666
2533,Overhead dumbbell front raise,Strength,Shoulders,Dumbbell,Intermediate,"The overhead dumbbell front raise takes the dumbbell front raise one step further, extending the motion all the way above the head. In addition to the shoulders, it activates and strengthens the muscles of the traps and upper back. It is usually performed for moderate to high reps, such as 8-15 reps or more. It can be part of a dynamic upper-body warm-up, performed as a muscle-building upper-body movement, or as a burnout movement on shoulder day.",1,0,0,0,0,0,0,1,0,0,0,0,0,0,1,0,2,0,0.0,0.2,0.9479166666666666
2534,Seated dumbbell shoulder press,Strength,Shoulders,Dumbbell,Intermediate,"The seated dumbbell shoulder press is a popular exercise for building muscle and strength in the shoulders. The triceps also work hard in this lift. Many lifters find using dumbbells to be more comfortable and shoulder-friendly for this press variation than a barbell. This can be the primary pressing movement on an upper-body or shoulder day, or an effective accessory movement later in a workout.",1,0,0,0,0,0,0,1,0,0,0,0,0,0,1,0,2,0,0.0,0.2,0.9375
2535,Alternating standing shoulder press,Strength,Shoulders,Dumbbell,Intermediate,"The alternating standing shoulder press is a popular dumbbell exercise targeting the shoulders. It can be performed in strength-focused rep ranges, such as 5-8 reps per set, or for higher reps to build muscle or for conditioning.",1,0,0,0,0,0,0,1,0,0,0,0,0,0,1,0,2,0,0.0,0.2,0.9375
2536,Single-arm incline rear delt raise,Strength,Shoulders,Dumbbell,Intermediate,"The single-arm incline rear delt raise is an upper-body exercise targeting the posterior deltoids or shoulder muscles, as well as the postural muscles of the upper back. Training each side independently can help correct imbalances in size, strength, and shoulder stability. Because it targets such small muscles, this exercise is usually performed with light weight for high reps, such as 10-15 reps per set or more.",1,0,0,0,0,0,0,1,0,0,0,0,0,0,1,0,2,0,0.0,0.2,0.9375
2537,Alternating dumbbell front raise,Strength,Shoulders,Dumbbell,Intermediate,"The alternating dumbbell front raise is a single-joint exercise targeting the shoulder muscles, particularly the front or anterior deltoids. Performing the movement one shoulder at a time gives a momentary rest to each side while the other is working, potentially allowing you to do more reps during each set. It is usually performed for moderate to high reps, at least 8-12 reps per set, as part of an upper-body or shoulder-focused workout.",1,0,0,0,0,0,0,1,0,0,0,0,0,0,1,0,2,0,0.0,0.2,0.9375
2538,Alternating Deltoid Raise,Strength,Shoulders,Dumbbell,Intermediate,The dumbbell front raise to lateral raise combines two exercises that build and strengthen the middle deltoids and the anterior deltoids of the shoulders.,1,0,0,0,0,0,0,1,0,0,0,0,0,0,1,0,2,0,0.0,0.2,0.9375
2539,Single-dumbbell front raise,Strength,Shoulders,Dumbbell,Intermediate,"The single-dumbbell front raise is an isolation movement that targets the shoulders. In particular, it focuses on the anterior or front head of the deltoid muscles. By performing it with one dumbbell at a time, you can focus on each shoulder muscle independently and try to address muscular imbalances between shoulders. This movement is usually performed for moderate to high reps, at least 8-12 reps per set, as part of an upper-body or shoulder-focused workout.",1,0,0,0,0,0,0,1,0,0,0,0,0,0,1,0,2,0,0.0,0.2,0.9375
2540,Arnold press,Strength,Shoulders,Dumbbell,Intermediate,"Named after the iconic bodybuilder and movie star, the Arnold press adds rotation to a classic shoulder press. It allows the hands to rotate naturally, while also hitting all three heads of the deltoids in one motion. It is usually performed for moderate to high reps, such as 8-12 reps or more, as part of the upper-body or shoulder-focused portion of a workout.",1,0,0,0,0,0,0,1,0,0,0,0,0,0,1,0,2,0,0.0,0.2,0.9270833333333334
2541,Single-arm standing shoulder press,Strength,Shoulders,Dumbbell,Intermediate,"The single-arm standing shoulder press is a popular exercise to build size and strength the shoulders and triceps. Most lifters find they can go heavier (per arm) on this movement than if they are pressing two dumbbells simultaneously, making it an effective strength movement as well as a muscle-building movement in higher reps.",1,0,0,0,0,0,0,1,0,0,0,0,0,0,1,0,2,0,0.0,0.2,0.9166666666666667
2542,Dumbbell front raise,Strength,Shoulders,Dumbbell,Intermediate,"The dumbbell front raise is a single-joint exercise targeting the shoulder muscles, particularly the front or anterior deltoids. It is usually performed for moderate to high reps, at least 8-12 reps per set, as part of an upper-body or shoulder-focused workout.",1,0,0,0,0,0,0,1,0,0,0,0,0,0,1,0,2,0,0.0,0.2,0.9166666666666667
2543,Bent-over dumbbell rear delt row,Strength,Shoulders,Dumbbell,Intermediate,"The bent-over dumbbell rear delt row is a popular upper-body exercise that targets the muscles on the backside of the shoulder joint, specifically the medial and rear heads of the deltoid. Since pressing movements build the front and (to a lesser degree) side deltoid heads, this move is often done to promote balanced shoulder development. It is usually performed for high reps, such as 10-15 reps per set or more, as part of a shoulder or upper-body workout.",1,0,0,0,0,0,0,1,0,0,0,0,0,0,1,0,2,1,0.7,0.2,0.90625
2544,Incline dumbbell front raise,Strength,Shoulders,Dumbbell,Intermediate,"The incline dumbbell front raise is an upper-body exercise targeting the shoulders. Because it is performed face down on an angled bench, it has a greater range of motion than standing or upright-seated raises and hits the shoulders from a different angle. Raise variations are usually performed for moderate to high reps, such as 8-12 reps per set or more, as part of upper-body or shoulder-focused training.",1,0,0,0,0,0,0,1,0,0,0,0,0,0,1,0,2,0,0.0,0.2,0.90625
2545,Side Lateral Raise,Strength,Shoulders,Dumbbell,Intermediate,"The dumbbell lateral raise is an upper body isolation exercise for building shoulder strength and muscle. It's a staple strength training move and is a great option for accessory work on upper body training days. This exercise particularly focuses on the lateral or medial head of the deltoid, making them appear wider and more developed.",1,0,0,0,0,0,0,1,0,0,0,0,0,0,1,0,2,0,0.0,0.2,0.8958333333333334
2546,Dumbbell external shoulder rotation,Strength,Shoulders,Dumbbell,Intermediate,"The dumbbell external shoulder rotation is a lightweight dumbbell exercise intended to maintain the health of the shoulder joints, including the rotator cuffs. It is often used as a warm-up or prehab for a shoulder or chest-focused workout with lots of pressing.",1,0,0,0,0,0,0,1,0,0,0,0,0,0,1,0,2,0,0.0,0.2,0.8854166666666667
2547,Single-arm incline lateral raise,Strength,Shoulders,Dumbbell,Intermediate,"The single-arm incline lateral raise is an exercise targeting the lateral or medial head of the shoulder muscles. It is performed lying sideways on an incline bench set to around 45 degrees, which helps to increase the range of motion in the lift and enforce strict form. Because it targets such small muscles, this exercise is usually performed with light weight for high reps, such as 8-12 reps per set or more.",1,0,0,0,0,0,0,1,0,0,0,0,0,0,1,0,2,0,0.0,0.2,0.8854166666666667
2548,Seated rear delt fly,Strength,Shoulders,Dumbbell,Intermediate,"The seated rear delt fly is an upper-body exercise that targets the real deltoid of the shoulder. By performing the movement seated, it eliminates momentum from the rest of the body. This movement is usually performed for moderate to high reps, such as 8-12 reps per set or more, as part of the upper-body or shoulder-focused portion of a workout.",1,0,0,0,0,0,0,1,0,0,0,0,0,0,1,0,2,0,0.0,0.2,0.8750000000000001
2549,Dumbbell Raise,Strength,Shoulders,Dumbbell,Beginner,,1,0,0,0,0,0,0,1,0,0,0,0,0,0,1,0,1,0,0.0,0.2,0.8750000000000001
2550,Seated Side Lateral Raise,Strength,Shoulders,Dumbbell,Intermediate,"The seated dumbbell lateral raiseis an iconic exercise for developing the shoulders. If you’ve ever worked out with weights, chances are you’ve done this move at some point. Proper execution is paramount to avoid injury.",1,0,0,0,0,0,0,1,0,0,0,0,0,0,1,0,2,0,0.0,0.2,0.8645833333333335
2551,Dumbbell Lying Rear Lateral Raise,Strength,Shoulders,Dumbbell,Intermediate,"The incline dumbbell reverse fly is an upper-body exercise targeting the posterior or rear deltoids, as well as the postural muscles of the upper back. Because it targets such small muscles, this exercise is usually performed with light weight for high reps, such as 10-15 reps per set or more.",1,0,0,0,0,0,0,1,0,0,0,0,0,0,1,0,2,0,0.0,0.2,0.8645833333333335
2552,Head-on-bench dumbbell rear delt raise,Strength,Shoulders,Dumbbell,Intermediate,"The head-on-bench dumbbell rear delt raise is an exercise targeting the posterior shoulder muscles, or rear deltoids. This variation of the bent-over rear delt raise often helps to better isolate this area of the shoulder. Because it targets such small muscles, this exercise is usually performed with light weight for high reps, such as 10-15 reps per set or more.",1,0,0,0,0,0,0,1,0,0,0,0,0,0,1,0,2,0,0.0,0.2,0.8541666666666666
2553,Cuban press,Strength,Shoulders,Dumbbell,Intermediate,"The Cuban press is an exercise that targets the muscles of the shoulders, rotator cuff, and upper back. It combines a shoulder external rotation with a dumbbell press, training multiple muscles and motions in a single sequence. It can be performed standing, or as a more difficult variation face-down on an incline bench. It is usually performed with relatively light weight as part of a dynamic warm-up for upper-body lifting.",1,0,0,0,0,0,0,1,0,0,0,0,0,0,1,0,2,0,0.0,0.2,0.8333333333333334
2554,Reverse Flyes With External Rotation,Strength,Shoulders,Dumbbell,Beginner,,1,0,0,0,0,0,0,1,0,0,0,0,0,0,1,0,1,0,0.0,0.2,0.8333333333333334
2555,Single-arm side lying rear fly,Strength,Shoulders,Dumbbell,Intermediate,"The single-arm side lying rear fly is an upper-body exercise that targets the rear deltoid of the shoulder. By performing the movement lying on a bench, it eliminates momentum from the rest of the body. This movement is usually performed for moderate to high reps, such as 8-12 reps per set or more, as part of the upper-body or shoulder-focused portion of a workout.",1,0,0,0,0,0,0,1,0,0,0,0,0,0,1,0,2,0,0.0,0.2,0.8229166666666667
2556,Single-arm dumbbell upright row,Strength,Shoulders,Dumbbell,Intermediate,"The single-arm dumbbell upright row is a popular movement for building stronger and bigger traps and shoulders. Many lifters combine this move with either their back or shoulder workout, since it involves both body parts. It is generally performed for moderate to high reps, such as 8-12 reps per set or more.",1,0,0,0,0,0,0,1,0,0,0,0,0,0,1,0,2,1,0.7,0.2,0.8125
2557,Dumbbell Scaption,Strength,Shoulders,Dumbbell,Beginner,,1,0,0,0,0,0,0,1,0,0,0,0,0,0,1,0,1,0,0.0,0.2,0.8125
2558,See-Saw Press (Alternating Side Press),Strength,Shoulders,Dumbbell,Beginner,,1,0,0,0,0,0,0,1,0,0,0,0,0,0,1,0,1,0,0.0,0.2,0.8125
2559,Dumbbell Incline Shoulder Raise,Strength,Shoulders,Dumbbell,Beginner,,1,0,0,0,0,0,0,1,0,0,0,0,0,0,1,0,1,0,0.0,0.2,0.7708333333333334
2560,Single-arm half-kneeling shoulder press,Strength,Shoulders,Dumbbell,Intermediate,"The single-arm half-kneeling shoulder press is a popular exercise to target the deltoid muscles while also developing strength and stability in the core and hips. Balance can be a challenge, which is one reason why this movement is generally trained lighter than standing single-arm shoulder presses. The half-kneeling press can be used as an accessory lift for the shoulder press or bench press, or simply as a technique to make shoulder presses stricter and more athletic.",1,0,0,0,0,0,0,1,0,0,0,0,0,0,1,0,2,0,0.0,0.2,0.0
2561,Dumbbell Clean And Jerk,Strength,Shoulders,Dumbbell,Beginner,,1,0,0,0,0,0,0,1,0,0,0,0,0,0,1,0,1,1,0.0,0.6,0.0
2562,Dumbbell shoulder press with body rotation,Strength,Shoulders,Dumbbell,Intermediate,"The dumbbell shoulder press with body rotation is a twist on the traditional dumbbell shoulder press. Rather than pressing straight overhead, you twist your torso and hips to the side during each rep. It hits the deltoid muscles just like a shoulder press, but adds a challenge to the core, hips, and back muscles. Due to the potential balance challenge of twisting and pressing at the same time, it is commonly performed with light to moderate weights.",1,0,0,0,0,0,0,1,0,0,0,0,0,0,1,0,2,0,0.0,0.2,0.0
2563,Dumbbell Fix Dumbbell Military Press,Strength,Shoulders,Dumbbell,Intermediate,,1,0,0,0,0,0,0,1,0,0,0,0,0,0,1,0,2,0,0.0,0.2,0.0
2564,Dumbbell Fix Standing Dumbbell Arnold Press,Strength,Shoulders,Dumbbell,Intermediate,,1,0,0,0,0,0,0,1,0,0,0,0,0,0,1,0,2,0,0.0,0.2,0.0
2565,Dumbbell Fix Dumbbell Single-Arm Snatch,Strength,Shoulders,Dumbbell,Intermediate,,1,0,0,0,0,0,0,1,0,0,0,0,0,0,1,0,2,1,0.0,0.6,0.0
2566,Paul Carter Rear-Delt Fly,Strength,Shoulders,Dumbbell,Intermediate,"The seated rear delt fly is an upper-body exercise that targets the real deltoid of the shoulder. By performing the movement seated, it eliminates momentum from the rest of the body. This movement is usually performed for moderate to high reps, such as 8-12 reps per set or more, as part of the upper-body or shoulder-focused portion of a workout.",1,0,0,0,0,0,0,1,0,0,0,0,0,0,1,0,2,0,0.0,0.2,0.0
2567,FYR Dumbbell Shoulder Press,Strength,Shoulders,Dumbbell,Intermediate,The standing dumbbell shoulder press is a classic deltoid-builder (especially the front deltoids) that’s ubiquitous in gyms around the world. Performing the move standing up as opposed to seated allows for more weight to be used.,1,0,0,0,0,0,0,1,0,0,0,0,0,0,1,0,2,0,0.0,0.2,0.0
2568,FYR Single-Arm Dumbbell Press,Strength,Shoulders,Dumbbell,Intermediate,"The single-arm standing shoulder press builds shoulder muscle but with two major differences from the standard seated dumbbell shoulder press. It’s done one arm at a time, as well as standing, which may allow more weight to be used.",1,0,0,0,0,0,0,1,0,0,0,0,0,0,1,0,2,0,0.0,0.2,0.0
2569,FYR Dumbbell Tempo L-Raise,Strength,Shoulders,Dumbbell,Intermediate,"The dumbbell lateral raise is an upper body isolation exercise for building shoulder strength and muscle. It's a staple strength training move and is a great option for accessory work on upper body training days. This exercise particularly focuses on the lateral or medial head of the deltoid, making them appear wider and more developed.",1,0,0,0,0,0,0,1,0,0,0,0,0,0,1,0,2,0,0.0,0.2,0.0
2570,Dumbbell seesaw shoulder press,Strength,Shoulders,Dumbbell,Intermediate,"The dumbbell seesaw shoulder press is an exercise targeting the deltoids and triceps. The difference between this movement and the alternating shoulder press is that both dumbbells keep moving throughout each rep, rather than having one weight be stationary while the other moves. This piston-style pressing increases time under tension and may allow you to complete more total reps than with alternating reps.",1,0,0,0,0,0,0,1,0,0,0,0,0,0,1,0,2,0,0.0,0.2,0.0
2571,FYR Dumbbell front raise to lateral raise,Strength,Shoulders,Dumbbell,Intermediate,The dumbbell front raise to lateral raise combines two exercises that build and strengthen the middle deltoids and the anterior deltoids of the shoulders.,1,0,0,0,0,0,0,1,0,0,0,0,0,0,1,0,2,0,0.0,0.2,0.0
2572,FYR Dumbbell Arnold Press,Strength,Shoulders,Dumbbell,Intermediate,"Named after the iconic bodybuilder/movie star, the Arnold press adds rotation to a classic shoulder press, hitting all three heads of the deltoids in one motion.",1,0,0,0,0,0,0,1,0,0,0,0,0,0,1,0,2,0,0.0,0.2,0.0
2573,FYR Dumbbell Military Press to Dumbbell High Pull to V-up,Strength,Shoulders,Dumbbell,Intermediate,,1,0,0,0,0,0,0,1,0,0,0,0,0,0,1,0,2,0,0.0,0.2,0.0
2574,FYR Dumbbell Thruster,Strength,Shoulders,Dumbbell,Intermediate,"The dumbbell thruster, which begins with a squat and ends with an overhead press, works the entire body at once in a single fluid motion. This exercise is often performed with kettlebells, but dumbbells work great, too.",1,0,0,0,0,0,0,1,0,0,0,0,0,0,1,0,2,1,0.0,0.2,0.0
2575,Dumbbell hang snatch,Strength,Shoulders,Dumbbell,Intermediate,"The dumbbell hang snatch is an explosive exercise that builds full-body power and targets the muscles of the hips, back, and shoulders. Performing the movement from the hang position, rather than from the ground, emphasizes explosive hip and upper-body power. It can be performed for low reps with a focus on power and speed, or for higher reps to build muscle or as part of a metabolic conditioning circuit.",1,0,0,0,0,0,0,1,0,0,0,0,0,0,1,0,2,1,0.0,0.6,0.0
2576,Surfer sprawl,Strength,Shoulders,Dumbbell,Intermediate,"The surfer sprawl is an explosive bodyweight exercise that targets multiple muscle groups across the upper and lower body. It is similar to a burpee, but instead of jumping at the top, you end in a ""surfer position,"" alternating sides with each rep. It can be performed for time or reps in any fat-loss or athleticism-focused circuit or workout. The surfer position offers a unique way to challenge the body by staying in a low position rather than standing up after the plank.",1,0,0,0,0,0,0,1,0,0,0,0,0,0,1,0,2,0,0.0,0.2,0.0
2577,Dumbbell clean and press,Strength,Shoulders,Dumbbell,Intermediate,"The dumbbell clean and press is a full-body movement that targets both the lower and upper body. The clean utilizes the muscles of the hips, legs, glutes, back, and biceps, while the press utilizes the shoulders and triceps. It can be trained in low to moderate reps for strength, or for higher reps, such as 8-12 reps per set or more, for muscle building or metabolic conditioning.",1,0,0,0,0,0,0,1,0,0,0,0,0,0,1,0,2,1,0.0,0.2,0.0
2578,Standing One-Arm Shoulder Press - Gethin Variation,Strength,Shoulders,Dumbbell,Intermediate,"The single-arm standing shoulder press builds shoulder muscle but with two major differences from the standard seated dumbbell shoulder press. It’s done one arm at a time, as well as standing, which may allow more weight to be used.",1,0,0,0,0,0,0,1,0,0,0,0,0,0,1,0,2,0,0.0,0.2,0.0
2579,Incline Front Dumbbell Raise - Gethin Variation,Strength,Shoulders,Dumbbell,Intermediate,The incline dumbbell front raise is an isolation exercise targeting the shoulders,1,0,0,0,0,0,0,1,0,0,0,0,0,0,1,0,2,0,0.0,0.2,0.0
2580,Dumbbell lateral raise,Strength,Shoulders,Dumbbell,Intermediate,"The dumbbell lateral raise is a shoulder exercise that targets the medial or middle head of the deltoid muscle. It's a staple strength-training move and is a great option for accessory work on upper-body training days. It is usually performed for moderate to high reps, at least 8-12 reps, as part of the upper-body or shoulder-focused portion of a workout.",1,0,0,0,0,0,0,1,0,0,0,0,0,0,1,0,2,0,0.0,0.2,0.0
2581,Incline Rear-Delt Fly - Gethin Variation,Strength,Shoulders,Dumbbell,Intermediate,"The incline dumbbell reverse fly is an upper-body exercise targeting the posterior or rear deltoids, as well as the postural muscles of the upper back. Because it targets such small muscles, this exercise is usually performed with light weight for high reps, such as 10-15 reps per set or more.",1,0,0,0,0,0,0,1,0,0,0,0,0,0,1,0,2,0,0.0,0.2,0.0
2582,Incline Bench Rear Dumbbell Fly - Gethin Variation,Strength,Shoulders,Dumbbell,Intermediate,"The incline dumbbell reverse fly is an upper-body exercise targeting the posterior or rear deltoids, as well as the postural muscles of the upper back. Because it targets such small muscles, this exercise is usually performed with light weight for high reps, such as 10-15 reps per set or more.",1,0,0,0,0,0,0,1,0,0,0,0,0,0,1,0,2,0,0.0,0.2,0.0
2583,Dumbbell front raise and press,Strength,Shoulders,Dumbbell,Intermediate,"The dumbbell front raise and press combines two upper-body moves into one challenging sequence targeting the deltoid muscles. It's a simple way to boost your heart rate while getting a good upper-body pump, and is a natural fit in time-efficient upper-body or circuit training.",1,0,0,0,0,0,0,1,0,0,0,0,0,0,1,0,2,0,0.0,0.2,0.0
2584,Rotator cuff warm-up,Strength,Shoulders,Dumbbell,Intermediate,"The rotator cuff warm-up is a simple exercise targeting the rotator cuffs through weighted shoulder external rotation. It's a classic way to warm up the shoulder prior to sports or training, as well as a common rehab movement. The rotator cuffs are a notorious injury-prone structure in the shoulders of Major League pitchers and other athletes. This is a movement most commonly done for moderate to high reps, such as 8-12 reps or more per set.",1,0,0,0,0,0,0,1,0,0,0,0,0,0,1,0,2,0,0.0,0.2,0.0
2585,Seated Lateral Raise - Gethin Variation,Strength,Shoulders,Dumbbell,Intermediate,"The seated dumbbell lateral raiseis an iconic exercise for developing the shoulders. If you’ve ever worked out with weights, chances are you’ve done this move at some point. Proper execution is paramount to avoid injury.",1,0,0,0,0,0,0,1,0,0,0,0,0,0,1,0,2,0,0.0,0.2,0.0
2586,Single-arm dumbbell arc row,Strength,Shoulders,Dumbbell,Intermediate,"The single-arm dumbbell arc row is an exercise for building the latissimus dorsi, or lat, muscles of the back. This variation has more of an arcing shape than the traditional single-arm dumbbell row, which may increase the mind-muscle connection and hit the back from a different angle. You probably won't be able to go as heavy on this as on a traditional row.",1,0,0,0,0,0,0,1,0,0,0,0,0,0,1,0,2,1,0.7,0.2,0.0
2587,Incline Rear Delt Raises - Gethin Variation,Strength,Shoulders,Dumbbell,Intermediate,"The incline dumbbell reverse fly is an upper-body exercise targeting the posterior or rear deltoids, as well as the postural muscles of the upper back. Because it targets such small muscles, this exercise is usually performed with light weight for high reps, such as 10-15 reps per set or more.",1,0,0,0,0,0,0,1,0,0,0,0,0,0,1,0,2,0,0.0,0.2,0.0
2588,Incline Dumbbell Y Raise,Strength,Shoulders,Dumbbell,Intermediate,,1,0,0,0,0,0,0,1,0,0,0,0,0,0,1,0,2,0,0.0,0.2,0.0
2589,HM Bent-Over Rear-Delt Fly,Strength,Shoulders,Dumbbell,Intermediate,,1,0,0,0,0,0,0,1,0,0,0,0,0,0,1,0,2,0,0.0,0.2,0.0
2590,HM Dumbbell Shoulder Press,Strength,Shoulders,Dumbbell,Intermediate,,1,0,0,0,0,0,0,1,0,0,0,0,0,0,1,0,2,0,0.0,0.2,0.0
2591,HM Single-Leg Overhead Dumbbell Press,Strength,Shoulders,Dumbbell,Intermediate,,1,0,0,0,0,0,0,1,0,0,0,0,0,0,1,0,2,0,0.0,0.2,0.0
2592,6 Way Shoulder Raise,Strength,Shoulders,Dumbbell,Intermediate,,1,0,0,0,0,0,0,1,0,0,0,0,0,0,1,0,2,0,0.0,0.2,0.0
2593,Seated dumbbell lateral raise,Strength,Shoulders,Dumbbell,Intermediate,"The seated dumbbell lateral raise is an exercise that targets the shoulder muscles, particularly the medial or middle head of the deltoids. Performing it on a bench helps enforce strict form and eliminate swinging or using momentum to move the weights. Lateral raise variations are usually performed for moderate to high reps, such as 8-12 reps per set or more, as part of the upper-body or shoulder-focused portion of a workout.",1,0,0,0,0,0,0,1,0,0,0,0,0,0,1,0,2,0,0.0,0.2,0.0
2594,AM Dumbbell Shoulder Press,Strength,Shoulders,Dumbbell,Intermediate,"The seated dumbbell shoulder pressis an exercise for building muscle and strengthening the shoulders, particularly but not exclusively the front heads. The triceps also assist. Some lifters feel that using dumbbells versus a barbell reduced injury risk.",1,0,0,0,0,0,0,1,0,0,0,0,0,0,1,0,2,0,0.0,0.2,0.0
2595,AM Dumbbell Side Raise,Strength,Shoulders,Dumbbell,Intermediate,"The dumbbell lateral raise is an upper body isolation exercise for building shoulder strength and muscle. It's a staple strength training move and is a great option for accessory work on upper body training days. This exercise particularly focuses on the lateral or medial head of the deltoid, making them appear wider and more developed.",1,0,0,0,0,0,0,1,0,0,0,0,0,0,1,0,2,0,0.0,0.2,0.0
2596,AM Front Raise,Strength,Shoulders,Dumbbell,Intermediate,"The alternating dumbbell front raise is an isolation movement that targets the shoulders. By using one arm at a time, you can use more weight than when you use both arms at once. Bodybuilders use this exercise to zero in on the front shoulders, but the simple movement also makes it great for people new to lifting weights.",1,0,0,0,0,0,0,1,0,0,0,0,0,0,1,0,2,0,0.0,0.2,0.0
2597,UP Dumbbell Lateral Raise,Strength,Shoulders,Dumbbell,Intermediate,"The dumbbell lateral raise is an upper body isolation exercise for building shoulder strength and muscle. It's a staple strength training move and is a great option for accessory work on upper body training days. This exercise particularly focuses on the lateral or medial head of the deltoid, making them appear wider and more developed.",1,0,0,0,0,0,0,1,0,0,0,0,0,0,1,0,2,0,0.0,0.2,0.0
2598,UP Seated Dumbbell Overhead Press,Strength,Shoulders,Dumbbell,Intermediate,"The seated dumbbell shoulder pressis an exercise for building muscle and strengthening the shoulders, particularly but not exclusively the front heads. The triceps also assist. Some lifters feel that using dumbbells versus a barbell reduced injury risk.",1,0,0,0,0,0,0,1,0,0,0,0,0,0,1,0,2,0,0.0,0.2,0.0
2599,AA Incline Bench Dumbbell Reverse Fly,Strength,Shoulders,Dumbbell,Intermediate,,1,0,0,0,0,0,0,1,0,0,0,0,0,0,1,0,2,0,0.0,0.2,0.0
2600,CM Forward Shoulder Press,Strength,Shoulders,Dumbbell,Intermediate,,1,0,0,0,0,0,0,1,0,0,0,0,0,0,1,0,2,0,0.0,0.2,0.0
2601,Dumbbell Halo,Strength,Shoulders,Dumbbell,Intermediate,,1,0,0,0,0,0,0,1,0,0,0,0,0,0,1,0,2,0,0.0,0.2,0.0
2602,Standing Dumbbell Scap Raise,Strength,Shoulders,Dumbbell,Intermediate,,1,0,0,0,0,0,0,1,0,0,0,0,0,0,1,0,2,0,0.0,0.2,0.0
2603,Holman Overhead Press,Strength,Shoulders,Dumbbell,Intermediate,,1,0,0,0,0,0,0,1,0,0,0,0,0,0,1,0,2,0,0.0,0.2,0.0
2604,Holman Slow Weighted Half Jack to Overhead Press,Strength,Shoulders,Dumbbell,Intermediate,,1,0,0,0,0,0,0,1,0,0,0,0,0,0,1,0,2,0,0.0,0.2,0.0
2605,Holman Slow Arnold Press,Strength,Shoulders,Dumbbell,Intermediate,,1,0,0,0,0,0,0,1,0,0,0,0,0,0,1,0,2,0,0.0,0.2,0.0
2606,Holman Boat Arnold Press with Feet Push-Out,Strength,Shoulders,Dumbbell,Intermediate,,1,0,0,0,0,0,0,1,0,0,0,0,0,0,1,0,2,0,0.0,0.2,0.0
2607,Holman Dumbbell Hip Drive to Overhead Press,Strength,Shoulders,Dumbbell,Intermediate,,1,0,0,0,0,0,0,1,0,0,0,0,0,0,1,0,2,0,0.0,0.2,0.0
2608,Holman Squat Thrust to Alternating Renegade Triceps Press,Strength,Shoulders,Dumbbell,Intermediate,,1,0,0,0,0,0,0,1,0,0,0,0,0,0,1,0,2,1,0.0,0.2,0.0
2609,Holman Cheer Press,Strength,Shoulders,Dumbbell,Intermediate,,1,0,0,0,0,0,0,1,0,0,0,0,0,0,1,0,2,0,0.0,0.2,0.0
2610,Holman Left Arm Press with Right Arm Hold,Strength,Shoulders,Dumbbell,Intermediate,,1,0,0,0,0,0,0,1,0,0,0,0,0,0,1,0,2,0,0.0,0.2,0.0
2611,Holman Right Arm Press with Left Arm Hold,Strength,Shoulders,Dumbbell,Intermediate,,1,0,0,0,0,0,0,1,0,0,0,0,0,0,1,0,2,0,0.0,0.2,0.0
2612,Holman Left Front Raise with Right Hold,Strength,Shoulders,Dumbbell,Intermediate,,1,0,0,0,0,0,0,1,0,0,0,0,0,0,1,0,2,0,0.0,0.2,0.0
2613,Holman Right Front Raise with Left Hold,Strength,Shoulders,Dumbbell,Intermediate,,1,0,0,0,0,0,0,1,0,0,0,0,0,0,1,0,2,0,0.0,0.2,0.0
2614,Holman Alternating Front Raise to Side Raise,Strength,Shoulders,Dumbbell,Intermediate,,1,0,0,0,0,0,0,1,0,0,0,0,0,0,1,0,2,0,0.0,0.2,0.0
2615,Holman Heavy Right Arm Overhead Press,Strength,Shoulders,Dumbbell,Intermediate,,1,0,0,0,0,0,0,1,0,0,0,0,0,0,1,0,2,0,0.0,0.2,0.0
2616,Holman Heavy Left Arm Overhead Press,Strength,Shoulders,Dumbbell,Intermediate,,1,0,0,0,0,0,0,1,0,0,0,0,0,0,1,0,2,0,0.0,0.2,0.0
2617,Holman Right Arm Heavy Overhead Press,Strength,Shoulders,Dumbbell,Intermediate,,1,0,0,0,0,0,0,1,0,0,0,0,0,0,1,0,2,0,0.0,0.2,0.0
2618,Holman Right Diagonal Lunge to Overhead Press,Strength,Shoulders,Dumbbell,Intermediate,,1,0,0,0,0,0,0,1,0,0,0,0,0,0,1,0,2,0,0.0,0.2,0.0
2619,Holman Left Arm Heavy Overhead Press,Strength,Shoulders,Dumbbell,Intermediate,,1,0,0,0,0,0,0,1,0,0,0,0,0,0,1,0,2,0,0.0,0.2,0.0
2620,Holman Weighted Palms-In Overhead Press,Strength,Shoulders,Dumbbell,Intermediate,,1,0,0,0,0,0,0,1,0,0,0,0,0,0,1,0,2,0,0.0,0.2,0.0
2621,Dumbbell racked carry,Strength,Shoulders,Dumbbell,Intermediate,"The dumbbell racked carry involves carrying dumbbells for time or distance, while holding them close to the shoulders in a front-racked position. Similar to a dumbbell farmer's carry, it can be a challenging finisher to any workout, or work well in fat-loss circuit training or as an accessory movement to heavy lifts like the deadlift.",1,0,0,0,0,0,0,1,0,0,0,0,0,0,1,0,2,0,0.0,0.2,0.0
2622,Dumbbell clean and push-press,Strength,Shoulders,Dumbbell,Intermediate,"The dumbbell clean and push-press is a full-body movement that targets both the lower and upper body. The clean utilizes the muscles of the hips, legs, glutes, back, and biceps, while the push-press utilizes the shoulders and triceps. It differs from the clean and press in that the push-press allows you to use lower-body momentum to power through the most difficult part of the press. It can be trained in low to moderate reps for strength, or for higher reps, such as 8-12 reps per set or more, for muscle building or metabolic conditioning.",1,0,0,0,0,0,0,1,0,0,0,0,0,0,1,0,2,1,0.0,0.2,0.0
2623,Total Fitness Dumbbell Farmer's Carry,Strength,Shoulders,Dumbbell,Intermediate,"The dumbbell farmer's walk or carry is an exercise with roots in competitive strongman training, but which is also popular in CrossFit and functional training. It can be a challenging finisher to any workout, or work well in fat-loss circuit training or as an accessory movement to heavy lifts like the deadlift.",1,0,0,0,0,0,0,1,0,0,0,0,0,0,1,0,2,0,0.0,0.2,0.0
2624,Single-arm dumbbell racked carry,Strength,Shoulders,Dumbbell,Intermediate,"The single-arm dumbbell racked carry involves carrying a single dumbbell for time or distance, while holding it close to the shoulders in a front-racked position. Similar to a dumbbell farmer's carry, it can be a challenging finisher to any workout, or work well in fat-loss circuit training or as an accessory movement to heavy lifts like the deadlift.",1,0,0,0,0,0,0,1,0,0,0,0,0,0,1,0,2,0,0.0,0.2,0.0
2625,Jordan Shallow Dumbbell Pull-Over,Strength,Shoulders,Dumbbell,Intermediate,,1,0,0,0,0,0,0,1,0,0,0,0,0,0,1,0,2,0,0.0,0.2,0.0
2626,King Maker Dumbbell Lateral Raise,Strength,Shoulders,Dumbbell,Intermediate,"The dumbbell lateral raise is an upper body isolation exercise for building shoulder strength and muscle. It's a staple strength training move and is a great option for accessory work on upper body training days. This exercise particularly focuses on the lateral or medial head of the deltoid, making them appear wider and more developed.",1,0,0,0,0,0,0,1,0,0,0,0,0,0,1,0,2,0,0.0,0.2,0.0
2627,Dumbbell shadow boxing,Strength,Shoulders,Dumbbell,Intermediate,"Dumbbell shadow boxing is a more advanced version of a popular conditioning exercise. By adding a pair of lightweight dumbbells, you can greatly increase the challenge to both the shoulders and cardiovascular system.",1,0,0,0,0,0,0,1,0,0,0,0,0,0,1,0,2,0,0.0,0.2,0.0
2628,King Maker Dumbbell Farmer's Carry,Strength,Shoulders,Dumbbell,Intermediate,"The dumbbell farmer's walk or carry is an exercise with roots in competitive strongman training, but which is also popular in CrossFit and functional training. It can be a challenging finisher to any workout, or work well in fat-loss circuit training or as an accessory movement to heavy lifts like the deadlift.",1,0,0,0,0,0,0,1,0,0,0,0,0,0,1,0,2,0,0.0,0.2,0.0
2629,King Maker Dumbbell Shrug,Strength,Shoulders,Dumbbell,Intermediate,"The standing dumbbell shrug is a popular movement to build and strengthen the trapezius muscles. It’s a often trained on a bodybuilding-style shoulder or back training day, but can also work well in full-body or strength-focused training.",1,0,0,0,0,0,0,1,0,0,0,0,0,0,1,0,2,0,0.0,0.2,0.0
2630,30 Shoulders Alternating Dumbbell Front Raise,Strength,Shoulders,Dumbbell,Intermediate,,1,0,0,0,0,0,0,1,0,0,0,0,0,0,1,0,2,0,0.0,0.2,0.0
2631,30 Shoulders Bent-Over Dumbbell Reverse Fly,Strength,Shoulders,Dumbbell,Intermediate,,1,0,0,0,0,0,0,1,0,0,0,0,0,0,1,0,2,0,0.0,0.2,0.0
2632,30 Shoulders Dumbbell Front Raise,Strength,Shoulders,Dumbbell,Intermediate,,1,0,0,0,0,0,0,1,0,0,0,0,0,0,1,0,2,0,0.0,0.2,0.0
2633,30 Shoulders Dumbbell Lateral Raise,Strength,Shoulders,Dumbbell,Intermediate,,1,0,0,0,0,0,0,1,0,0,0,0,0,0,1,0,2,0,0.0,0.2,0.0
2634,30 Shoulders Dumbbell Shrug,Strength,Shoulders,Dumbbell,Intermediate,,1,0,0,0,0,0,0,1,0,0,0,0,0,0,1,0,2,0,0.0,0.2,0.0
2635,30 Shoulders Incline Face-Down Dumbbell Reverse Fly,Strength,Shoulders,Dumbbell,Intermediate,,1,0,0,0,0,0,0,1,0,0,0,0,0,0,1,0,2,0,0.0,0.2,0.0
2636,30 Shoulders Seated Dumbbell Front Raise,Strength,Shoulders,Dumbbell,Intermediate,,1,0,0,0,0,0,0,1,0,0,0,0,0,0,1,0,2,0,0.0,0.2,0.0
2637,30 Shoulders Seated Dumbbell Side Raise,Strength,Shoulders,Dumbbell,Intermediate,,1,0,0,0,0,0,0,1,0,0,0,0,0,0,1,0,2,0,0.0,0.2,0.0
2638,30 Shoulders Neutral-Grip Arnold Press,Strength,Shoulders,Dumbbell,Intermediate,,1,0,0,0,0,0,0,1,0,0,0,0,0,0,1,0,2,0,0.0,0.2,0.0
2639,30 Shoulders Standing Dumbbell Upright Row,Strength,Shoulders,Dumbbell,Intermediate,,1,0,0,0,0,0,0,1,0,0,0,0,0,0,1,0,2,1,0.7,0.2,0.0
2640,MetaBurn 3-Way Shoulder Raise,Strength,Shoulders,Dumbbell,Intermediate,,1,0,0,0,0,0,0,1,0,0,0,0,0,0,1,0,2,0,0.0,0.2,0.0
2641,MetaBurn Dumbbell Overhead Press,Strength,Shoulders,Dumbbell,Intermediate,,1,0,0,0,0,0,0,1,0,0,0,0,0,0,1,0,2,0,0.0,0.2,0.0
2642,MetaBurn Single-Leg Arnold Press,Strength,Shoulders,Dumbbell,Intermediate,,1,0,0,0,0,0,0,1,0,0,0,0,0,0,1,0,2,0,0.0,0.2,0.0
2643,RG Forward-Leaning Dumbbell Upright Row,Strength,Shoulders,Dumbbell,Intermediate,,1,0,0,0,0,0,0,1,0,0,0,0,0,0,1,0,2,1,0.7,0.2,0.0
2644,RG Alternating Seated Dumbbell Lateral Raise,Strength,Shoulders,Dumbbell,Intermediate,,1,0,0,0,0,0,0,1,0,0,0,0,0,0,1,0,2,0,0.0,0.2,0.0
2645,RG Seated Dumbbell Shoulder Press,Strength,Shoulders,Dumbbell,Intermediate,,1,0,0,0,0,0,0,1,0,0,0,0,0,0,1,0,2,0,0.0,0.2,0.0
2646,FYR2 Dumbbell Clean and Jerk,Strength,Shoulders,Dumbbell,Intermediate,,1,0,0,0,0,0,0,1,0,0,0,0,0,0,1,0,2,1,0.0,0.6,0.0
2647,FYR2 Dumbbell Cross-Body Front Raise,Strength,Shoulders,Dumbbell,Intermediate,,1,0,0,0,0,0,0,1,0,0,0,0,0,0,1,0,2,0,0.0,0.2,0.0
2648,FYR2 Dumbbell Front Raise,Strength,Shoulders,Dumbbell,Intermediate,,1,0,0,0,0,0,0,1,0,0,0,0,0,0,1,0,2,0,0.0,0.2,0.0
2649,FYR2 Dumbbell Lateral Raise,Strength,Shoulders,Dumbbell,Intermediate,,1,0,0,0,0,0,0,1,0,0,0,0,0,0,1,0,2,0,0.0,0.2,0.0
2650,FYR2 Lateral Raise Hold,Strength,Shoulders,Dumbbell,Intermediate,,1,0,0,0,0,0,0,1,0,0,0,0,0,0,1,0,2,0,0.0,0.2,0.0
2651,FYR2 Seesaw Dumbbell Military Press,Strength,Shoulders,Dumbbell,Intermediate,,1,0,0,0,0,0,0,1,0,0,0,0,0,0,1,0,2,0,0.0,0.2,0.0
2652,FYR2 Single-Dumbbell Halo,Strength,Shoulders,Dumbbell,Intermediate,,1,0,0,0,0,0,0,1,0,0,0,0,0,0,1,0,2,0,0.0,0.2,0.0
2653,FYR2 Single-Dumbbell Overhead Press,Strength,Shoulders,Dumbbell,Intermediate,,1,0,0,0,0,0,0,1,0,0,0,0,0,0,1,0,2,0,0.0,0.2,0.0
2654,Car driver,Strength,Shoulders,None,Intermediate,"The car driver is a variation of the plate front raise exercise where the lifter holds a weight plate in front of them and twists it from side to side, similar to a steering wheel. It targets the muscles of the shoulders, the front or anterior deltoids in particular, but is also challenging to the core and upper-back muscles. It can provide variety in a shoulder-focused muscle-building workout or as part of an upper-body or full-body circuit.",1,0,0,0,0,0,0,1,0,0,0,1,0,0,0,0,2,0,0.0,0.2,0.9375
2655,Arnold press,Strength,Shoulders,Dumbbell,Intermediate,"Named after the iconic bodybuilder and movie star, the Arnold press adds rotation to a classic shoulder press. It allows the hands to rotate naturally, while also hitting all three heads of the deltoids in one motion. It is usually performed for moderate to high reps, such as 8-12 reps or more, as part of the upper-body or shoulder-focused portion of a workout.",1,0,0,0,0,0,0,1,0,0,0,0,0,0,1,0,2,0,0.0,0.2,0.9270833333333334
2656,Front Plate Raise,Strength,Shoulders,None,Intermediate,"The plate front raise is a variation of the dumbbell front raise where the lifter holds a weight plate between two hands, rather than using a dumbbell, barbell, or other weight. It can provide variety in a shoulder-focused muscle-building workout, or as part of an upper body or full-body circuit.",1,0,0,0,0,0,0,1,0,0,0,1,0,0,0,0,2,0,0.0,0.2,0.9270833333333334
2657,Battle ropes,Strength,Shoulders,None,Intermediate,"Battle ropes are an explosive training tool that involves moving the rope in waves with the other end of the rope anchored at ground level. There are many different types of waves, but the most common is alternating waves with the left and right hands. The battle ropes can be performed for short bursts as power training, for longer durations as cardiovascular training, or as a component of a conditioning or fat-loss circuit.",1,0,0,0,0,0,0,1,0,0,0,1,0,0,0,0,2,0,0.0,0.2,0.8958333333333334
2658,Seated rear delt fly,Strength,Shoulders,Dumbbell,Intermediate,"The seated rear delt fly is an upper-body exercise that targets the real deltoid of the shoulder. By performing the movement seated, it eliminates momentum from the rest of the body. This movement is usually performed for moderate to high reps, such as 8-12 reps per set or more, as part of the upper-body or shoulder-focused portion of a workout.",1,0,0,0,0,0,0,1,0,0,0,0,0,0,1,0,2,0,0.0,0.2,0.8750000000000001
2659,Circus Bell,Strength,Shoulders,None,Beginner,,1,0,0,0,0,0,0,1,0,0,0,1,0,0,0,0,1,0,0.0,0.2,0.8020833333333334
2660,Landmine Linear Jammer,Strength,Shoulders,None,Intermediate,"The linear jammer is an explosive pressing movement performed using an angled barbell anchored at floor level in a landmine device. It can also be performed by sticking a barbell in the corner of a room, preferably in a towel to protect the walls. The linear jammer involves pressing the weight into the air, then catching it with the other hand. The movement focuses primarily on the muscles of the shoulders or deltoids. It can be trained in traditional muscle and strength-focused rep ranges, for lower reps with a focus on explosive pressing power, or for higher reps.",1,0,0,0,0,0,0,1,0,0,0,1,0,0,0,0,2,0,0.0,0.2,0.7083333333333334
2661,Crucifix,Strength,Shoulders,None,Beginner,,1,0,0,0,0,0,0,1,0,0,0,1,0,0,0,0,1,0,0.0,0.2,0.625
2662,Bar shoulder extension stretch,Flexibility,Shoulders,None,Beginner,The bar shoulder extension stretch is a technique to increase overhead mobility (known as shoulder flexion) and thoracic extension with the help of a bar or other stable object. It is often used as part of a warm-up before upper-body training.,0,0,1,0,0,0,0,1,0,0,0,1,0,0,0,0,1,0,0.0,0.2,0.5520833333333334
2663,Chair Upper Body Stretch,Flexibility,Shoulders,None,Beginner,,0,0,1,0,0,0,0,1,0,0,0,1,0,0,0,0,1,0,0.0,0.2,0.4270833333333333
2664,Sled Reverse Flye,Strength,Shoulders,None,Intermediate,,1,0,0,0,0,0,0,1,0,0,0,1,0,0,0,0,2,0,0.0,0.2,0.0
2665,Plate shoulder circle big to small,Strength,Shoulders,None,Intermediate,"The plate shoulder circle big to small is an exercise targeting the shoulder complex. Typically, this is considered a warm-up move rather than a working exercise. It warms up the shoulder joint and works small and hard-to-attack muscles such as the rotator cuff group.",1,0,0,0,0,0,0,1,0,0,0,1,0,0,0,0,2,0,0.0,0.2,0.0
2666,Sled Overhead Backward Walk,Strength,Shoulders,None,Beginner,,1,0,0,0,0,0,0,1,0,0,0,1,0,0,0,0,1,0,0.0,0.2,0.0
2667,Log Lift,Strength,Shoulders,None,Beginner,,1,0,0,0,0,0,0,1,0,0,0,1,0,0,0,0,1,0,0.0,0.2,0.0
2668,Standing suspended rear delt fly,Strength,Shoulders,None,Intermediate,"The standing suspended rear delt fly is a bodyweight movement targeting the shoulders and upper back using a suspension strap system or gymnastic rings. It can be performed for time or reps as part of a dynamic warm-up for an upper-body strength workout, or in the workout itself either in traditional muscle-building rep ranges or for higher reps.",1,0,0,0,0,0,0,1,0,0,0,1,0,0,0,0,2,0,0.0,0.2,0.0
2669,Waiter's carry,Strength,Shoulders,None,Intermediate,"The waiter's carry is a type of loaded carry that targets the core, shoulders, and upper back. A weight is raised overhead with a single arm before the lifter begins walking in that position. It resembles a waiter carrying a tray overhead—hence the name. It can be performed for time or distance.",1,0,0,0,0,0,0,1,0,0,0,1,0,0,0,0,2,0,0.0,0.2,0.0
2670,Towel dumbbell front raise,Strength,Shoulders,None,Intermediate,The towel dumbbell front raise is a variation of the dumbbell front raise that involves hanging a dumbbell from a towel held in the hands. It could also be performed with a kettlebell or weight plate. It can provide variety in a shoulder-focused muscle-building workout or as part of an upper-body or full-body circuit.,1,0,0,0,0,0,0,1,0,0,0,1,0,0,0,0,2,0,0.0,0.2,0.0
2671,Reach-roll-lift combo,Flexibility,Shoulders,None,Intermediate,"The reach-roll-lift combo is a mobility drill for the upper back and shoulders. It can be part of a dynamic warm-up for upper-body workouts, or as postural training anytime.",0,0,1,0,0,0,0,1,0,0,0,1,0,0,0,0,2,0,0.0,0.2,0.0
2672,Upright Row - Gethin Variation,Strength,Shoulders,None,Intermediate,The barbell upright row is a barbell exercise that builds stronger and bigger traps. Many lifters combine this move with either their back or shoulder workout since it involves both body parts.,1,0,0,0,0,0,0,1,0,0,0,1,0,0,0,0,2,1,0.7,0.2,0.0
2673,Squat Press Shoulder Press - Gethin Variation,Strength,Shoulders,None,Intermediate,,1,0,0,0,0,0,0,1,0,0,0,1,0,0,0,0,2,1,0.0,0.2,0.0
2674,Plate lateral raise,Strength,Shoulders,None,Intermediate,"The plate lateral raise is an exercise targeting the side heads of the shoulder muscles or deltoids. It closely resembles the more popular dumbbell lateral raise, but is performed with light plates, making the movement slightly more difficult. It is usually performed for moderate to high reps as part of a shoulder or upper-body workout.",1,0,0,0,0,0,0,1,0,0,0,1,0,0,0,0,2,0,0.0,0.2,0.0
2675,Standing Military Press - Gethin Variation,Strength,Shoulders,None,Intermediate,"The military press is a compound movement used to build size and strength in the shoulders. It was once contested as a fourth powerlift, but is rarely competed anymore. However, being able to press a significant weight overhead remains a popular marker of upper-body strength. The military press can be trained as a strength lift or in traditional muscle-building rep ranges as part of full-body, shoulder-focused, or upper-body training.",1,0,0,0,0,0,0,1,0,0,0,1,0,0,0,0,2,0,0.0,0.2,0.0
2676,Bent-over plate rear delt raise,Strength,Shoulders,None,Intermediate,"The bent-over plate rear delt raise is an exercise targeting the rear heads of the shoulders, or deltoids. You can also use dumbbells or other light weights for a similar effect. This movement is usually performed as part of a dynamic warm-up or as a high-rep burnout movement on a shoulder or back day.",1,0,0,0,0,0,0,1,0,0,0,1,0,0,0,0,2,0,0.0,0.2,0.0
2677,Single-arm landmine press,Strength,Shoulders,None,Intermediate,"The single-arm landmine press is an upper-body exercise that uses an angled barbell anchored at floor level in a landmine device. It can also be performed by sticking a barbell in the corner of a room, preferably in a towel to protect the walls. The angle of a landmine press is usually somewhere between an incline press and a military press, and the movement focuses primarily on the muscles of the shoulders or deltoids. It can be trained in traditional muscle and strength-focused rep ranges or for higher reps.",1,0,0,0,0,0,0,1,0,0,0,1,0,0,0,0,2,0,0.0,0.2,0.0
2678,Plate front raise,Strength,Shoulders,None,Intermediate,"The plate front raise is a variation of the front raise where the lifter holds a weight plate between two hands, rather than using a dumbbell, barbell, or other weight. It can provide variety in a shoulder-focused muscle-building workout or as part of an upper-body or full-body circuit.",1,0,0,0,0,0,0,1,0,0,0,1,0,0,0,0,2,0,0.0,0.2,0.0
2679,Holman Slow Overhead Press,Strength,Shoulders,None,Intermediate,,1,0,0,0,0,0,0,1,0,0,0,1,0,0,0,0,2,0,0.0,0.2,0.0
2680,30 Shoulders Plate Front Raise,Strength,Shoulders,None,Intermediate,,1,0,0,0,0,0,0,1,0,0,0,1,0,0,0,0,2,0,0.0,0.2,0.0
2681,Single-arm landmine push-press,Strength,Shoulders,None,Intermediate,"The single-arm landmine push-press is an explosive upper-body exercise that uses an angled barbell anchored at floor level in a landmine device. It can also be performed by sticking a barbell in the corner of a room, preferably in a towel to protect the walls. The angle of a landmine press is usually somewhere between an incline press and a military press, and the movement focuses primarily on the muscles of the shoulders or deltoids. It can be trained in traditional muscle and strength-focused rep ranges or for higher reps.",1,0,0,0,0,0,0,1,0,0,0,1,0,0,0,0,2,0,0.0,0.2,0.0
2682,Single-arm cable front raise,Strength,Shoulders,Machine,Intermediate,"The single-arm cable front raise is an isolation exercise targeting the anterior and medial deltoids or shoulder muscles. The single-arm version of this movement allows you to focus on each side independently. Because grip will be a limitation, it is usually performed for moderate to high reps, at least 8-12 reps per set, as part of an upper-body or shoulder-focused workout.",1,0,0,0,0,0,0,1,0,0,0,0,0,0,0,1,2,0,0.0,0.2,0.90625
2683,Cable Internal Rotation,Strength,Shoulders,Machine,Beginner,,1,0,0,0,0,0,0,1,0,0,0,0,0,0,0,1,1,0,0.0,0.2,0.8958333333333334
2684,Seated face pull,Strength,Shoulders,Machine,Intermediate,"The seated face pull is a cable exercise targeting the shoulder muscles, particularly the rear delts, and the muscles of the upper back. This can help build healthier shoulders and posture, and increase shoulder stability. It is usually performed for moderate to high reps as part of a dynamic warm-up for an upper-body workout or in the main part of a shoulder-focused workout.",1,0,0,0,0,0,0,1,0,0,0,0,0,0,0,1,2,0,0.0,0.2,0.8854166666666667
2685,Single-arm bent-over cable rear delt fly,Strength,Shoulders,Machine,Intermediate,"The single-arm bent-over cable rear delt fly is an exercise targeting the rear deltoids. It is a great way to isolate this area of the shoulder and attack each side independently. It is usually performed for moderate to high reps, at least 8-12 reps per set, as part of an upper-body or shoulder-focused workout.",1,0,0,0,0,0,0,1,0,0,0,0,0,0,0,1,2,0,0.0,0.2,0.8854166666666667
2686,Seated cable shoulder press,Strength,Shoulders,Machine,Intermediate,"The seated cable shoulder press is a multijoint machine-based exercise that focuses on the deltoid or shoulder muscles, as well as the triceps. It's most common in muscle-building workouts and rep ranges, usually 8-12 reps or more.",1,0,0,0,0,0,0,1,0,0,0,0,0,0,0,1,2,0,0.0,0.2,0.8854166666666667
2687,Standing face pull,Strength,Shoulders,Machine,Intermediate,"The standing face pull is an isolation exercise primarily targeting the rear deltoids, traps, and upper back. It is most often performed with a rope attachment.",1,0,0,0,0,0,0,1,0,0,0,0,0,0,0,1,2,0,0.0,0.2,0.8750000000000001
2688,Standing cable rear delt row,Strength,Shoulders,Machine,Intermediate,"The standing cable rear delt row primarily targets the rear deltoids. This movement also hits the traps, rhomboids, and biceps. It is usually performed for moderate to high reps, at least 8-12 reps per set, as part of an upper-body or shoulder-focused workout.",1,0,0,0,0,0,0,1,0,0,0,0,0,0,0,1,2,1,0.7,0.2,0.8750000000000001
2689,Standing Low-Pulley Deltoid Raise,Strength,Shoulders,Machine,Intermediate,"The single-arm cable lateral raise is an isolation exercise targeting the shoulders, specifically the medial deltoid. This movement also hits the traps and upper back, and allows you to focus on each side independently. Because grip is a limitation, it is usually performed for moderate to high reps, like at least 8-12 reps per set, as part of an upper body or shoulders-focused workout.",1,0,0,0,0,0,0,1,0,0,0,0,0,0,0,1,2,0,0.0,0.2,0.8645833333333335
2690,Standing crossed-cable rear delt fly,Strength,Shoulders,Machine,Intermediate,"The standing crossed-cable rear delt fly is an isolation exercise for the rear deltoids. It is usually performed for moderate to high reps, at least 8-12 reps per set, as part of an upper-body or shoulder-focused workout.",1,0,0,0,0,0,0,1,0,0,0,0,0,0,0,1,2,0,0.0,0.2,0.8541666666666666
2691,Cable Shoulder Press,Strength,Shoulders,Machine,Beginner,,1,0,0,0,0,0,0,1,0,0,0,0,0,0,0,1,1,0,0.0,0.2,0.84375
2692,Alternating Cable Shoulder Press,Strength,Shoulders,Machine,Beginner,,1,0,0,0,0,0,0,1,0,0,0,0,0,0,0,1,1,0,0.0,0.2,0.8333333333333334
2693,Cable Seated Lateral Raise,Strength,Shoulders,Machine,Intermediate,,1,0,0,0,0,0,0,1,0,0,0,0,0,0,0,1,2,0,0.0,0.2,0.6770833333333334
2694,Single-arm lying cable front raise,Strength,Shoulders,Machine,Intermediate,"The single-arm lying cable front raise is an isolation exercise for the shoulders, performed lying on the back, either on a bench or the ground, and lifting the cable over the torso one arm at a time. This movement is usually performed for moderate to high reps for a burn and pump as part of a shoulder-focused workout.",1,0,0,0,0,0,0,1,0,0,0,0,0,0,0,1,2,0,0.0,0.2,0.0
2695,Lying cable front raise,Strength,Shoulders,Machine,Intermediate,"The lying cable front raise is an isolation exercise for the shoulders, particularly the front deltoids. It is performed lying on the back, either on a bench or the ground, with the cable lifted over the torso. This movement is usually performed for moderate to high reps for a burn and pump as part of a shoulder-focused workout.",1,0,0,0,0,0,0,1,0,0,0,0,0,0,0,1,2,0,0.0,0.2,0.0
2696,Cable Rear Delt Fly - Gethin Variation,Strength,Shoulders,Machine,Intermediate,"The standing crossed-cable rear delt fly is an isolation exercise for the rear deltoids. It is usually performed for moderate to high reps, at least 8-12 reps per set, as part of an upper-body or shoulder-focused workout.",1,0,0,0,0,0,0,1,0,0,0,0,0,0,0,1,2,0,0.0,0.2,0.0
2697,One-Arm Cable Side Raise - Gethin Variation,Strength,Shoulders,Machine,Intermediate,"The single-arm cable lateral raise is an isolation exercise targeting the shoulders, specifically the medial deltoid. This movement also hits the traps and upper back, and allows you to focus on each side independently. Because grip is a limitation, it is usually performed for moderate to high reps, like at least 8-12 reps per set, as part of an upper body or shoulders-focused workout.",1,0,0,0,0,0,0,1,0,0,0,0,0,0,0,1,2,0,0.0,0.2,0.0
2698,Rope Face Pull - Gethin Variation,Strength,Shoulders,Machine,Intermediate,"The standing face pull is an isolation exercise primarily targeting the rear deltoids, traps, and upper back. It is most often performed with a rope attachment.",1,0,0,0,0,0,0,1,0,0,0,0,0,0,0,1,2,0,0.0,0.2,0.0
2699,Lying cable lateral raise,Strength,Shoulders,Machine,Intermediate,"The lying cable lateral raise is an isolation exercise that targets the medial or middle deltoid muscle of the shoulders. It is most common in muscle-building shoulder or upper-body workouts, usually in higher rep ranges of at least 8-12 reps per set.",1,0,0,0,0,0,0,1,0,0,0,0,0,0,0,1,2,0,0.0,0.2,0.0
2700,Cable seated row,Strength,Shoulders,Machine,Intermediate,"The cable seated row is a popular exercise to train the muscles of the upper back, including the lats (latissimus dorsi), traps, rhomboids, and rear deltoids, using a cable stack. It also targets the biceps to a lesser degree. The cable row can work well in a variety of rep ranges but is most popular in muscle-building workouts or as an accessory movement for strength workouts.",1,0,0,0,0,0,0,1,0,0,0,0,0,0,0,1,2,1,0.7,0.2,0.0
2701,Single-arm cable lateral raise,Strength,Shoulders,Machine,Intermediate,"The single-arm cable lateral raise is an isolation exercise targeting the shoulders, specifically the medial deltoid. This movement also hits the traps and upper back and allows you to focus on each side independently. Because grip is a limitation, it is usually performed for moderate to high reps, at least 8-12 reps per set, as part of an upper-body or shoulder-focused workout.",1,0,0,0,0,0,0,1,0,0,0,0,0,0,0,1,2,0,0.0,0.2,0.0
2702,UP Cable Face Pull,Strength,Shoulders,Machine,Intermediate,"The standing face pull is an isolation exercise primarily targeting the rear deltoids, traps, and upper back. It is most often performed with a rope attachment.",1,0,0,0,0,0,0,1,0,0,0,0,0,0,0,1,2,0,0.0,0.2,0.0
2703,AA Cable Leaning Side Raise,Strength,Shoulders,Machine,Intermediate,,1,0,0,0,0,0,0,1,0,0,0,0,0,0,0,1,2,0,0.0,0.2,0.0
2704,30 Shoulders Bent-Over Low Cable Reverse Fly,Strength,Shoulders,Machine,Intermediate,,1,0,0,0,0,0,0,1,0,0,0,0,0,0,0,1,2,0,0.0,0.2,0.0
2705,30 Shoulders Cable Rope Face Pull,Strength,Shoulders,Machine,Intermediate,,1,0,0,0,0,0,0,1,0,0,0,0,0,0,0,1,2,0,0.0,0.2,0.0
2706,30 Shoulders Cable Straight-Bar Front Raise,Strength,Shoulders,Machine,Intermediate,,1,0,0,0,0,0,0,1,0,0,0,0,0,0,0,1,2,0,0.0,0.2,0.0
2707,30 Shoulders Cable Straight-Bar Upright Row,Strength,Shoulders,Machine,Intermediate,,1,0,0,0,0,0,0,1,0,0,0,0,0,0,0,1,2,1,0.7,0.2,0.0
2708,30 Shoulders High Cable Reverse Fly,Strength,Shoulders,Machine,Intermediate,,1,0,0,0,0,0,0,1,0,0,0,0,0,0,0,1,2,0,0.0,0.2,0.0
2709,30 Shoulders Single-Arm Bent-Over Cable Reverse Fly,Strength,Shoulders,Machine,Intermediate,,1,0,0,0,0,0,0,1,0,0,0,0,0,0,0,1,2,0,0.0,0.2,0.0
2710,30 Shoulders Single-Arm Cable Front Raise,Strength,Shoulders,Machine,Intermediate,,1,0,0,0,0,0,0,1,0,0,0,0,0,0,0,1,2,0,0.0,0.2,0.0
2711,30 Shoulders Single-Arm Leaning Cable Lateral Raise,Strength,Shoulders,Machine,Intermediate,,1,0,0,0,0,0,0,1,0,0,0,0,0,0,0,1,2,0,0.0,0.2,0.0
2712,RG 3-Way Single-Arm Rear Delt Cable Fly,Strength,Shoulders,Machine,Intermediate,,1,0,0,0,0,0,0,1,0,0,0,0,0,0,0,1,2,0,0.0,0.2,0.0
2713,RG Single-Arm Cross-Body Cable Front Raise,Strength,Shoulders,Machine,Intermediate,,1,0,0,0,0,0,0,1,0,0,0,0,0,0,0,1,2,0,0.0,0.2,0.0
2714,Smith machine shoulder press,Strength,Shoulders,Machine,Intermediate,"The Smith machine shoulder press is a machine-based exercise targeting the deltoid muscles. The Smith machine mimics a barbell but provides more stability. This movement can be programmed in low reps for strength or higher reps for muscle and strength endurance. It is often performed for moderate to high reps, such as 8-12 reps per set or more, as part of a shoulder or upper-body focused workout.",1,0,0,0,0,0,0,1,0,0,0,0,0,0,0,1,2,0,0.0,0.2,0.9270833333333334
2715,Machine shoulder press,Strength,Shoulders,Machine,Intermediate,"The machine shoulder press is a machine-based exercise targeting the deltoid muscles. It approximates the motion of a free-weight shoulder press, but uses a selectorized weight-stack or plate-loaded machine. Many such machines also allow you to choose between different grips and grip widths. Machine shoulder presses are often done for moderate to high reps, such as 8-12 reps per set or more, as part of the upper-body or shoulder-focused portion of a workout.",1,0,0,0,0,0,0,1,0,0,0,0,0,0,0,1,2,0,0.0,0.2,0.9270833333333334
2716,Reverse Machine Flyes,Strength,Shoulders,Machine,Intermediate,"The machine rear delt fly is an exercise targeting the rear head of the shoulder muscle or deltoids, as well as the muscles of the upper back. It's sort of the reverse of the machine chest fly, and is sometimes performed on the same machine, but facing the opposite direction. Because it targets such small muscles, this exercise is usually performed with light weight for high reps, such as 10-15 reps per set or more.",1,0,0,0,0,0,0,1,0,0,0,0,0,0,0,1,2,0,0.0,0.2,0.8541666666666666
2717,Single-arm Smith machine upright row,Strength,Shoulders,Machine,Intermediate,"The single-arm Smith machine upright row is an upper-body exercise targeting the muscles of the traps and shoulders. This movement is often performed for moderate to high reps, such as 8-12 reps per set or more, as part of an upper-body or shoulder-focused workout.",1,0,0,0,0,0,0,1,0,0,0,0,0,0,0,1,2,1,0.7,0.2,0.75
2718,Machine Lateral Raise,Strength,Shoulders,Machine,Intermediate,,1,0,0,0,0,0,0,1,0,0,0,0,0,0,0,1,2,0,0.0,0.2,0.75
2719,Smith machine behind-the-neck press,Strength,Shoulders,Machine,Intermediate,"The Smith machine behind-the-neck press is a machine-based exercise targeting the deltoids. The Smith machine mimics a barbell but provides more stability. This movement can be programmed in low reps for strength or higher reps for muscle and strength endurance. It is often performed for moderate to high reps, such as 8-12 reps per set or more, as part of a shoulder or upper-body focused workout.",1,0,0,0,0,0,0,1,0,0,0,0,0,0,0,1,2,0,0.0,0.2,0.0
2720,Smith Machine Behind-The-Neck Press - Gethin Variation,Strength,Shoulders,Machine,Intermediate,"The Smith machine behind-the-neck press is a machine-based exercise targeting the deltoids. The Smith machine mimics a barbell but provides more stability. This movement can be programmed in low reps for strength or higher reps for muscle and strength endurance. It is often performed for moderate to high reps, such as 8-12 reps per set or more, as part of a shoulder or upper-body focused workout.",1,0,0,0,0,0,0,1,0,0,0,0,0,0,0,1,2,0,0.0,0.2,0.0
2721,30 Shoulders Leg Press Shoulder Press,Strength,Shoulders,Machine,Intermediate,,1,0,0,0,0,0,0,1,0,0,0,0,0,0,0,1,2,0,0.0,0.2,0.0
2722,30 Shoulders Machine Shoulder Press,Strength,Shoulders,Machine,Intermediate,,1,0,0,0,0,0,0,1,0,0,0,0,0,0,0,1,2,0,0.0,0.2,0.0
2723,30 Shoulders Pec-Deck Reverse Fly,Strength,Shoulders,Machine,Intermediate,,1,0,0,0,0,0,0,1,0,0,0,0,0,0,0,1,2,0,0.0,0.2,0.0
2724,30 Shoulders Smith Machine Behind-The-Head Press,Strength,Shoulders,Machine,Intermediate,,1,0,0,0,0,0,0,1,0,0,0,0,0,0,0,1,2,0,0.0,0.2,0.0
2725,30 Shoulders Smith Machine Shoulder Press,Strength,Shoulders,Machine,Intermediate,,1,0,0,0,0,0,0,1,0,0,0,0,0,0,0,1,2,0,0.0,0.2,0.0
2726,Handstand push-up,Strength,Shoulders,None,Intermediate,"The handstand push-up is an exercise targeting the shoulders, although other muscles assist in the completion of the reps. It is common in both CrossFit workouts and advanced bodyweight or calisthenics training. Given the degree of difficulty, beginners will need to progress to this move.",1,0,0,0,0,0,0,1,0,0,0,1,0,0,0,0,2,1,0.0,0.2,0.90625
2727,Upward Stretch,Flexibility,Shoulders,None,Intermediate,,0,0,1,0,0,0,0,1,0,0,0,1,0,0,0,0,2,0,0.0,0.2,0.6979166666666667
2728,Shoulder Circles,Flexibility,Shoulders,None,Intermediate,,0,0,1,0,0,0,0,1,0,0,0,1,0,0,0,0,2,0,0.0,0.2,0.6979166666666667
2729,Cross-body shoulder stretch,Flexibility,Shoulders,None,Intermediate,"The cross-body shoulder stretch targets increased flexibility in the shoulders. It is a common inclusion in upper-body dynamic warm-ups prior to training or sports, but can also be performed anytime to ""limber up"" the upper body.",0,0,1,0,0,0,0,1,0,0,0,1,0,0,0,0,2,0,0.0,0.2,0.6145833333333334
2730,Arm circle,Flexibility,Shoulders,None,Intermediate,"The arm circle is a non-weighted exercise targeting the shoulders. It involves extending your arms to the sides and drawing small circles in the air with your hands. It is common in warm-ups for both training and athletics, and is often performed simply until someone feels a burn, rather than for a set amount of reps.",0,0,1,0,0,0,0,1,0,0,0,1,0,0,0,0,2,0,0.0,0.2,0.53125
2731,Seated Front Deltoid,Flexibility,Shoulders,None,Beginner,,0,0,1,0,0,0,0,1,0,0,0,1,0,0,0,0,1,0,0.0,0.2,0.46875
2732,Shoulder Raise,Flexibility,Shoulders,None,Intermediate,,0,0,1,0,0,0,0,1,0,0,0,1,0,0,0,0,2,0,0.0,0.2,0.4270833333333333
2733,Hand Stand Push-Up,Strength,Shoulders,None,Intermediate,"The handstand push-up is an exercise targeting the shoulders, although other muscles assist in the completion of the reps. It is common in both CrossFit workouts and advanced bodyweight or calisthenics training. Given the degree of difficulty, beginners will want to progress to this move.",1,0,0,0,0,0,0,1,0,0,0,1,0,0,0,0,2,1,0.0,0.2,0.0
2734,Wall walk,Strength,Shoulders,None,Intermediate,"The wall walk is a challenging exercise that works the entire body. From a push-up position, the hands walk back as the feet walk up the wall, then the whole movement is reversed. This is not for beginners, who will need to progress to this exercise.",1,0,0,0,0,0,0,1,0,0,0,1,0,0,0,0,2,0,0.0,0.2,0.0
2735,Return Push from Stance,Strength,Shoulders,None,Intermediate,,1,0,0,0,0,0,0,1,0,0,0,1,0,0,0,0,2,0,0.0,0.2,0.0
2736,Wall shoulder tap,Strength,Shoulders,None,Intermediate,"The wall shoulder tap is a bodyweight shoulder exercise that is a popular movement for gymnasts, cheerleaders, and other athletes who need to spend a lot of time in dynamic handstand movements. Beginning in a handstand position with toes touching the wall, one hand is raised to touch the opposing shoulder. This continues in alternating fashion for the duration of the set.",1,0,0,0,0,0,0,1,0,0,0,1,0,0,0,0,2,0,0.0,0.2,0.0
2737,Bear crawl shoulder tap,Strength,Shoulders,None,Intermediate,"The bear crawl shoulder tap is a variation of the bear crawl that involves touching the opposing shoulder while in a static bear crawl hold. It adds an extra coordination and core challenge to an already intense full-body movement that targets the cardiovascular system as well as a wide range of muscle groups. It can be done as a full-body warm-up, or as part of a bodyweight circuit or flow.",1,0,0,0,0,0,0,1,0,0,0,1,0,0,0,0,2,0,0.0,0.2,0.0
2738,Shadow boxing,Cardio,Shoulders,None,Intermediate,"Shadow boxing is an exercise typically used in combat sports and fighting. However, it can also make a great cardio session for anyone to implement in a fast-paced circuit or as active rest. It is usually performed for time or rounds.",0,1,0,0,0,0,0,1,0,0,0,1,0,0,0,0,2,0,0.7,0.2,0.0
2739,Bear crawl fire feet,Cardio,Shoulders,None,Intermediate,"Bear crawl fire feet is a variation of the bear crawl that involves running in place while in a static bear crawl hold. It adds an extra coordination and full-body challenge to an already intense full-body movement that targets the cardiovascular system as well as a wide range of muscle groups. It can be done as a full-body warm-up, or as part of a bodyweight circuit or flow.",0,1,0,0,0,0,0,1,0,0,0,1,0,0,0,0,2,0,0.7,0.2,0.0
2740,Wall sprawl,Strength,Shoulders,None,Intermediate,"The wall sprawl is a bodyweight exercise targeting the shoulders, although numerous other muscles are recruited to complete the exercise. From an all-fours position, you kick up onto the wall, then back down. It's a serious cardiovascular challenge that is usually performed as part of a fat-loss or athleticism-focused workout.",1,0,0,0,0,0,0,1,0,0,0,1,0,0,0,0,2,0,0.0,0.2,0.0
2741,Bent Over Shoulder Y,Flexibility,Shoulders,None,Intermediate,"The lying rear delt Y works the shoulders, specifically the rear heads. The range of motion differs from the lying rear delt fly. At the midpoint, the arms and torso form a Y—hence the name.",0,0,1,0,0,0,0,1,0,0,0,1,0,0,0,0,2,0,0.0,0.2,0.0
2742,Shoulder L,Strength,Shoulders,None,Intermediate,"The bent-over shoulder rotation is an upper-body exercise that helps strengthen the muscles around the rotator cuff for a stable shoulder joint. It is usually performed as part of a dynamic warm-up for the shoulders. It can be performed with body weight, light dumbbells or weight plates, or bands.",1,0,0,0,0,0,0,1,0,0,0,1,0,0,0,0,2,0,0.0,0.2,0.0
2743,Shoulder Dislocation Stretch-Dowel,Flexibility,Shoulders,None,Intermediate,,0,0,1,0,0,0,0,1,0,0,0,1,0,0,0,0,2,0,0.0,0.2,0.0
2744,TBS Inverted Row,Strength,Shoulders,None,Intermediate,"The Smith machine inverted row is a bodyweight exercise targeting the muscles of the lats (latissimus dorsi) and upper back, using the bar of the Smith machine to hang and pull from. You can change the bar height to customize the difficulty level and desired angle of the row. This variation is usually performed for moderate to high reps, such as 8-12 reps per set or more.",1,0,0,0,0,0,0,1,0,0,0,1,0,0,0,0,2,1,0.7,0.2,0.0
2745,PVC Shoulder Stretch,Flexibility,Shoulders,None,Intermediate,,0,0,1,0,0,0,0,1,0,0,0,1,0,0,0,0,2,0,0.0,0.2,0.0
2746,Shoulder T,Flexibility,Shoulders,None,Intermediate,"The bent-over plate rear delt raise is an exercise targeting the rear heads of the shoulders, aka deltoids. You can also use dumbbells or other light weights for a similar effect. This movement is usually performed as part of a dynamic warm-up, or as a high-rep burnout movement on a shoulder or back day.",0,0,1,0,0,0,0,1,0,0,0,1,0,0,0,0,2,0,0.0,0.2,0.0
2747,HM Arm Circle,Strength,Shoulders,None,Intermediate,,1,0,0,0,0,0,0,1,0,0,0,1,0,0,0,0,2,0,0.0,0.2,0.0
2748,HM Shoulder Stretch,Flexibility,Shoulders,None,Intermediate,,0,0,1,0,0,0,0,1,0,0,0,1,0,0,0,0,2,0,0.0,0.2,0.0
2749,HM Shoulder Stretch on Floor,Flexibility,Shoulders,None,Intermediate,,0,0,1,0,0,0,0,1,0,0,0,1,0,0,0,0,2,0,0.0,0.2,0.0
2750,HM Shoulder Tap,Flexibility,Shoulders,None,Intermediate,,0,0,1,0,0,0,0,1,0,0,0,1,0,0,0,0,2,0,0.0,0.2,0.0
2751,HM Hand-On-Wall Stretch,Strength,Shoulders,None,Intermediate,,1,0,0,0,0,0,0,1,0,0,0,1,0,0,0,0,2,0,0.0,0.2,0.0
2752,HM Jumping Arm Circle,Strength,Shoulders,None,Intermediate,,1,0,0,0,0,0,0,1,0,0,0,1,0,0,0,0,2,0,0.7,0.2,0.0
2753,Kipping Clapping Pull-Up,Strength,Shoulders,None,Intermediate,,1,0,0,0,0,0,0,1,0,0,0,1,0,0,0,0,2,1,0.0,0.2,0.0
2754,Holman Kneeling Overhead Press to Donkey Kick,Strength,Shoulders,None,Intermediate,,1,0,0,0,0,0,0,1,0,0,0,1,0,0,0,0,2,0,0.0,0.2,0.0
2755,Floor angel,Strength,Shoulders,None,Intermediate,The floor angel is a stretch targeting shoulder mobility and activation of the shoulder stabilizer muscles. It also targets a range of postural muscles in the upper back.,1,0,0,0,0,0,0,1,0,0,0,1,0,0,0,0,2,0,0.0,0.2,0.0
2756,Shoulder extension stretch,Strength,Shoulders,None,Intermediate,"The shoulder extension stretch is focused on bringing more flexibility to the shoulder joint. It increases range of motion in shoulder extension, or moving the arms behind the back. It can be performed as part of a warm-up or mobility and flexibility work post-workout or anytime.",1,0,0,0,0,0,0,1,0,0,0,1,0,0,0,0,2,0,0.0,0.2,0.0
2757,Backward Medicine Ball Throw,Strength,Shoulders,None,Beginner,,1,0,0,0,0,0,0,1,0,0,0,1,0,0,0,0,1,1,0.7,0.2,0.7083333333333334
2758,Medicine ball scoop throw,Strength,Shoulders,None,Intermediate,"The medicine ball scoop throw is an explosive exercise targeting the abdominals and hips. It can be performed for lower reps with a focus on power or for higher reps with a focus on fat loss and conditioning. It begins in a semi-squat position holding a medicine ball, which then gets ""scooped"" up and thrown overhead in one continuous movement.",1,0,0,0,0,0,0,1,0,0,0,1,0,0,0,0,2,1,0.7,0.2,0.3541666666666667
2759,Standing Two-Arm Overhead Throw,Strength,Shoulders,None,Beginner,,1,0,0,0,0,0,0,1,0,0,0,1,0,0,0,0,1,1,0.7,0.2,0.0
2760,Incline face-down bar front raise,Strength,Shoulders,Barbell,Intermediate,"The incline face-down bar front raise is an upper-body exercise targeting the shoulders. Because it is performed face down on an angled bench, it has a greater range of motion than standing or upright-seated raises and hits the shoulders from a different angle. Raise variations are usually performed for moderate to high reps, such as 8-12 reps per set or more, as part of upper-body or shoulder-focused training.",1,0,0,0,0,0,0,1,0,0,0,0,0,1,0,0,2,0,0.0,0.2,0.8645833333333335
2761,Incline anti-gravity shoulder press,Strength,Shoulders,Barbell,Intermediate,"The incline anti-gravity shoulder press is an upper-body exercise targeting the shoulders and upper back. It works the rear delts and upper-back muscles isometrically to hold the weight up, while dynamically training the lateral and front delts. Because of the challenge of holding the weight up, this press variation is usually performed with relatively light weights for moderate reps, such as 8-12 reps per set or more, as part of upper-body or shoulder training.",1,0,0,0,0,0,0,1,0,0,0,0,0,1,0,0,2,0,0.0,0.2,0.8541666666666666
2762,30 Shoulders EZ-Bar Front Raise,Strength,Shoulders,Barbell,Intermediate,,1,0,0,0,0,0,0,1,0,0,0,0,0,1,0,0,2,0,0.0,0.2,0.0
2763,Side Wrist Pull,Flexibility,Shoulders,None,Beginner,,0,0,1,0,0,0,0,1,0,0,0,1,0,0,0,0,1,0,0.0,0.2,0.8750000000000001
2764,Elbow Circles,Flexibility,Shoulders,None,Beginner,,0,0,1,0,0,0,0,1,0,0,0,1,0,0,0,0,1,0,0.0,0.2,0.5520833333333334
2765,Kneeling Arm Drill,Strength,Shoulders,None,Beginner,,1,0,0,0,0,0,0,1,0,0,0,1,0,0,0,0,1,0,0.0,0.2,0.4166666666666667
2766,Bent-over shoulder rotation,Strength,Shoulders,None,Intermediate,"The bent-over shoulder rotation is an upper-body exercise that helps strengthen the muscles around the rotator cuff for a stable shoulder joint. It is usually performed as part of a dynamic warm-up for the shoulders. It can be performed with body weight, light dumbbells or weight plates, or bands.",1,0,0,0,0,0,0,1,0,0,0,1,0,0,0,0,2,0,0.0,0.2,0.0
2767,Band overhead triceps press,Strength,Arms,Bands,Intermediate,"The band overhead triceps press is a dynamic arm exercise utilizing a looped exercise band. It could also be performed with an exercise band with handles. It targets the triceps muscles and can be performed for time or reps, either in traditional muscle-building rep ranges such as 12-15 reps per set, or higher rep ranges such as 30, 50, or more.",1,0,0,0,0,0,1,0,0,0,0,0,1,0,0,0,2,0,0.0,0.2,0.0
2768,Band overhead triceps extension,Strength,Arms,Bands,Intermediate,"The band overhead triceps extension is a single-joint exercise focused on the triceps that uses the dynamic resistance of the band. The overhead position of the arms targets the long head of the triceps. Many lifters save this move for last in their triceps workout, performing it for moderate to high reps, such as 8-12 reps or more per set.",1,0,0,0,0,0,1,0,0,0,0,0,1,0,0,0,2,0,0.0,0.2,0.0
2769,Band straight-arm pull-down,Strength,Arms,Bands,Intermediate,"The band straight-arm pull-down is a non-gym or at home variation of the straight-arm lat pull-down performed using a cable stack machine. It can either be performed in an athletic upright stance, or slightly bent over. It both stretches and contracts the muscles of the lats (latissimus dorsi) as well as providing additional activation to the other upper back muscles and the core. Because the triceps are also isometrically involved in the movement, it is usually performed for higher reps, such as 8-15 reps or more.",1,0,0,0,0,0,1,0,0,0,0,0,1,0,0,0,2,0,0.0,0.2,0.0
2770,Band skullcrusher,Strength,Arms,Bands,Intermediate,The band skullcrusher is a variation of the popular bench exercise targeting the triceps muscles. It is usually performed for moderate to high reps as part of an upper-body or arm-focused workout.,1,0,0,0,0,0,1,0,0,0,0,0,1,0,0,0,2,0,0.0,0.2,0.0
2771,Single-arm band kick-back,Strength,Arms,Bands,Intermediate,"The single-arm band kick-back is an isolation exercise that targets the triceps. This is a common burnout move performed for moderate to high reps, such as 8-12 reps per set or more, as part of an upper-body or arm-focused workout.",1,0,0,0,0,0,1,0,0,0,0,0,1,0,0,0,2,0,0.0,0.2,0.0
2772,Incline EZ-bar skullcrusher,Strength,Arms,Barbell,Intermediate,The incline EZ-bar skullcrusher is a popular exercise targeting the triceps muscles. The incline angle helps to target the long head of the triceps in particular. This exercise is usually performed for moderate to high reps as part of an upper-body or arm-focused workout.,1,0,0,0,0,0,1,0,0,0,0,0,0,1,0,0,2,0,0.0,0.2,0.9270833333333334
2773,Decline Close-Grip Bench To Skull Crusher,Strength,Arms,Barbell,Beginner,,1,0,0,0,0,0,1,0,0,0,0,0,0,1,0,0,1,0,0.0,0.2,0.9270833333333334
2774,Bench Press - Powerlifting,Strength,Arms,Barbell,Intermediate,,1,0,0,0,0,0,1,0,0,0,0,0,0,1,0,0,2,1,0.0,0.2,0.90625
2775,Behind-the-head skullcrusher,Strength,Arms,Barbell,Intermediate,"The behind-the-head skullcrusher is a variation on a triceps exercise that has been a staple of bodybuilders for decades. In this version, instead of the bar coming down lightly to the forehead, the bar tracks over the top of the head without touching it. Skullcrushers are usually performed for moderate to high reps, such as 8-12 reps per set or more, as part of an upper-body or arm-focused workout. If a straight bar is uncomfortable for your wrists or elbows, try using an angled EZ-bar.",1,0,0,0,0,0,1,0,0,0,0,0,0,1,0,0,2,0,0.0,0.2,0.90625
2776,Standing barbell overhead triceps extension,Strength,Arms,Barbell,Intermediate,"The standing barbell overhead triceps extension is an isolation movement targeting the triceps. The overhead position targets the long head of the triceps in particular. This movement is generally performed for moderate to high reps as part of the arms-focused portion of a workout. If holding a straight bar bothers the wrists or elbows, it can alternately be performed with an EZ-bar or neutral-grip bar.",1,0,0,0,0,0,1,0,0,0,0,0,0,1,0,0,2,0,0.0,0.2,0.8958333333333334
2777,Reverse-grip bench press,Strength,Arms,Barbell,Intermediate,"The reverse-grip bench press is a popular barbell exercise targeting the chest, triceps, and forearms. The main difference between this exercise and the standard bench press is that the grip is underhand, not overhand. This helps target both the upper chest and the triceps. This lift can feel awkward at first, so go light and don't be afraid to use a spotter.",1,0,0,0,0,0,1,0,0,0,0,0,0,1,0,0,2,1,0.0,0.2,0.8645833333333335
2778,Bench Press with Chains,Strength,Arms,Barbell,Beginner,,1,0,0,0,0,0,1,0,0,0,0,0,0,1,0,0,1,1,0.0,0.2,0.8645833333333335
2779,Floor Press,Strength,Arms,Barbell,Beginner,,1,0,0,0,0,0,1,0,0,0,0,0,0,1,0,0,1,0,0.0,0.2,0.8645833333333335
2780,One Arm Floor Press,Strength,Arms,Barbell,Beginner,,1,0,0,0,0,0,1,0,0,0,0,0,0,1,0,0,1,0,0.0,0.2,0.7604166666666666
2781,Pin Presses,Strength,Arms,Barbell,Beginner,,1,0,0,0,0,0,1,0,0,0,0,0,0,1,0,0,1,0,0.0,0.2,0.7291666666666667
2782,JM Press With Bands,Strength,Arms,Barbell,Beginner,,1,0,0,0,0,0,1,0,0,0,0,0,0,1,0,0,1,0,0.0,0.2,0.0
2783,JM Press,Strength,Arms,Barbell,Beginner,,1,0,0,0,0,0,1,0,0,0,0,0,0,1,0,0,1,0,0.0,0.2,0.0
2784,Floor Press with Chains,Strength,Arms,Barbell,Beginner,,1,0,0,0,0,0,1,0,0,0,0,0,0,1,0,0,1,0,0.0,0.2,0.0
2785,Reverse Band Bench Press,Strength,Arms,Barbell,Beginner,,1,0,0,0,0,0,1,0,0,0,0,0,0,1,0,0,1,1,0.0,0.2,0.0
2786,Decline Barbell Triceps Extension - Gethin Variation,Strength,Arms,Barbell,Intermediate,The decline EZ-bar skullcrusher is an upper body isolation exercise targeting the triceps.,1,0,0,0,0,0,1,0,0,0,0,0,0,1,0,0,2,0,0.0,0.2,0.0
2787,AM Skullcrusher,Strength,Arms,Barbell,Intermediate,"The EZ-bar skullcrusher is a popular exercise targeting the triceps muscles. The EZ-bar is used more often than a straight bar. As for the name, that’s worst-case scenario. The bar should actually come down behind the head. It is usually performed for moderate to high reps as part of an upper body or arms-focused workout. No need to chase a 1RM on this move!",1,0,0,0,0,0,1,0,0,0,0,0,0,1,0,0,2,0,0.0,0.2,0.0
2788,30 Arms Close-Grip Bench Press,Strength,Arms,Barbell,Intermediate,,1,0,0,0,0,0,1,0,0,0,0,0,0,1,0,0,2,1,0.0,0.2,0.0
2789,30 Arms Barbell Skullcrusher,Strength,Arms,Barbell,Intermediate,,1,0,0,0,0,0,1,0,0,0,0,0,0,1,0,0,2,0,0.0,0.2,0.0
2790,FYR2 Sprawl Over Kettlebell,Strength,Arms,Dumbbell,Intermediate,,1,0,0,0,0,0,1,0,0,0,0,0,0,0,1,0,2,0,0.0,0.2,0.0
2791,Dumbbell floor press,Strength,Arms,Dumbbell,Intermediate,"The dumbbell floor press is a multijoint pressing exercise performed lying on the floor. It can be performed either with the knees bent or flat. The floor press limits the range of motion you would achieve with a regular dumbbell bench press, but still targets the chest, triceps, and anterior delts. This allows you to press more weight than in a dumbbell bench press, and perhaps put less stress on the shoulders.",1,0,0,0,0,0,1,0,0,0,0,0,0,0,1,0,2,0,0.0,0.2,0.9687500000000001
2792,Seated triceps press,Strength,Arms,Dumbbell,Intermediate,"The seated triceps press is a popular arm-building exercise that targets the triceps with a single dumbbell held by both hands, extending it up behind your head. While you can go surprisingly heavy on this movement, it is usually performed for moderate to high reps, such as 8-12 reps per set or more, as part of the upper-body or arm-focused portion of a workout. If you're going heavy, having someone help get the weight into position is a good idea.",1,0,0,0,0,0,1,0,0,0,0,0,0,0,1,0,2,0,0.0,0.2,0.9270833333333334
2793,Tricep Dumbbell Kickback,Strength,Arms,Dumbbell,Intermediate,The single-arm triceps kick-back is an isolation move from a bent-over position used to increase size and strength of the triceps.,1,0,0,0,0,0,1,0,0,0,0,0,0,0,1,0,2,0,0.0,0.2,0.9166666666666667
2794,Standing Dumbbell Triceps Extension,Strength,Arms,Dumbbell,Intermediate,,1,0,0,0,0,0,1,0,0,0,0,0,0,0,1,0,2,0,0.0,0.2,0.9166666666666667
2795,Double-arm triceps kick-back,Strength,Arms,Dumbbell,Intermediate,"The double-arm triceps kick-back is a popular movement to increase size and strength of the triceps. It is usually performed for moderate to high reps, at least 8-12 reps, as part of an upper-body or arm-focused workout.",1,0,0,0,0,0,1,0,0,0,0,0,0,0,1,0,2,0,0.0,0.2,0.9166666666666667
2796,Single-arm dumbbell triceps extension,Strength,Arms,Dumbbell,Intermediate,"The single-arm dumbbell triceps extension is a popular exercise targeting the triceps one side at a time. It targets all three heads of the triceps, but when performed with the arm overhead, it can be especially effective at building the long head of the triceps. This exercise is usually performed for moderate to high reps, at least 8-12 reps per set, as part of the upper-body or arm-focused portion of a workout.",1,0,0,0,0,0,1,0,0,0,0,0,0,0,1,0,2,0,0.0,0.2,0.8854166666666667
2797,Decline Dumbbell Triceps Extension,Strength,Arms,Dumbbell,Beginner,,1,0,0,0,0,0,1,0,0,0,0,0,0,0,1,0,1,0,0.0,0.2,0.8854166666666667
2798,Dumbbell skullcrusher,Strength,Arms,Dumbbell,Intermediate,"The dumbbell skullcrusher is a triceps exercise that has been a staple of bodybuilders for decades. Skullcrushers are usually performed for moderate to high reps, such as 8-12 reps per set or more, as part of an upper-body or arm-focused workout.",1,0,0,0,0,0,1,0,0,0,0,0,0,0,1,0,2,0,0.0,0.2,0.8750000000000001
2799,One Arm Pronated Dumbbell Triceps Extension,Strength,Arms,Dumbbell,Beginner,,1,0,0,0,0,0,1,0,0,0,0,0,0,0,1,0,1,0,0.0,0.2,0.8750000000000001
2800,One Arm Supinated Dumbbell Triceps Extension,Strength,Arms,Dumbbell,Beginner,,1,0,0,0,0,0,1,0,0,0,0,0,0,0,1,0,1,0,0.0,0.2,0.8750000000000001
2801,Seated Bent-Over Two-Arm Dumbbell Triceps Extension,Strength,Arms,Dumbbell,Beginner,,1,0,0,0,0,0,1,0,0,0,0,0,0,0,1,0,1,0,0.0,0.2,0.8541666666666666
2802,Tate Press,Strength,Arms,Dumbbell,Beginner,,1,0,0,0,0,0,1,0,0,0,0,0,0,0,1,0,1,0,0.0,0.2,0.84375
2803,Standing Bent-Over One-Arm Dumbbell Triceps Extension,Strength,Arms,Dumbbell,Intermediate,The single-arm triceps kick-back is an isolation move from a bent-over position used to increase size and strength of the triceps.,1,0,0,0,0,0,1,0,0,0,0,0,0,0,1,0,2,0,0.0,0.2,0.8229166666666667
2804,Seated Bent-Over One-Arm Dumbbell Triceps Extension,Strength,Arms,Dumbbell,Beginner,,1,0,0,0,0,0,1,0,0,0,0,0,0,0,1,0,1,0,0.0,0.2,0.78125
2805,Dumbbell Tricep Extension -Pronated Grip,Strength,Arms,Dumbbell,Beginner,,1,0,0,0,0,0,1,0,0,0,0,0,0,0,1,0,1,0,0.0,0.2,0.65625
2806,V-sit with overhead triceps extension,Strength,Arms,Dumbbell,Intermediate,"The V-sit with overhead triceps extension is a hybrid movement that trains the abdominal and triceps muscles simultaneously. It can address multiple muscle groups in a time-efficient muscle-building or circuit-style workout, while also providing a cardiovascular challenge.",1,0,0,0,0,0,1,0,0,0,0,0,0,0,1,0,2,0,0.0,0.2,0.0
2807,PJR Pull-Over,Strength,Arms,Dumbbell,Intermediate,,1,0,0,0,0,0,1,0,0,0,0,0,0,0,1,0,2,0,0.0,0.2,0.0
2808,Paul Carter Dumbbell Kick-Back,Strength,Arms,Dumbbell,Intermediate,The single-arm triceps kick-back is an isolation move from a bent-over position used to increase size and strength of the triceps.,1,0,0,0,0,0,1,0,0,0,0,0,0,0,1,0,2,0,0.0,0.2,0.0
2809,Single-arm dumbbell skullcrusher,Strength,Arms,Dumbbell,Intermediate,"The single-arm dumbbell skullcrusher is a triceps exercise that has been a staple of bodybuilders for decades. Skullcrushers are usually performed for moderate to high reps, such as 8-12 reps per set or more, as part of an upper-body or arms-focused workout.",1,0,0,0,0,0,1,0,0,0,0,0,0,0,1,0,2,0,0.0,0.2,0.0
2810,Dumbbells-together incline bench press,Strength,Arms,Dumbbell,Intermediate,"The dumbbells-together incline bench press is an exercise targeting the pectoral muscles, particularly the upper pecs. Squeezing the dumbbells together forces the chest muscles to work hard during the entire press. This press variation is usually performed for moderate to high reps, such as 8-12 reps per set or more, as part of upper-body or chest-focused training.",1,0,0,0,0,0,1,0,0,0,0,0,0,0,1,0,2,1,0.0,0.2,0.0
2811,Incline dumbbell overhead triceps extension,Strength,Arms,Dumbbell,Intermediate,The incline dumbbell overhead triceps extension is a popular exercise targeting the triceps muscles. The incline angle helps to target the long head of the triceps in particular. This exercise is usually performed for moderate to high reps as part of an upper-body or arm-focused workout.,1,0,0,0,0,0,1,0,0,0,0,0,0,0,1,0,2,0,0.0,0.2,0.0
2812,Dumbbell Crush Press,Strength,Arms,Dumbbell,Intermediate,,1,0,0,0,0,0,1,0,0,0,0,0,0,0,1,0,2,0,0.0,0.2,0.0
2813,Holman Hovering Renegade Triceps Press,Strength,Arms,Dumbbell,Intermediate,,1,0,0,0,0,0,1,0,0,0,0,0,0,0,1,0,2,0,0.0,0.2,0.0
2814,Holman Heavy Triceps Press to Overhead Press,Strength,Arms,Dumbbell,Intermediate,,1,0,0,0,0,0,1,0,0,0,0,0,0,0,1,0,2,0,0.0,0.2,0.0
2815,Total Fitness Close-Grip Dumbbell Press,Strength,Arms,Dumbbell,Intermediate,"The close-grip dumbbell bench press puts a spin on a mainstay of workout enthusiasts worldwide. It’s a classic move for building a bigger, stronger chest. The difference here is that the dumbbells are held closer together.",1,0,0,0,0,0,1,0,0,0,0,0,0,0,1,0,2,0,0.0,0.2,0.0
2816,Dumbbell row to triceps kick-back,Strength,Arms,Dumbbell,Intermediate,"The dumbbell row to triceps kick-back is a dumbbell complex that combines two movements that collectively target the muscles of the lats (latissimus dorsi), upper back, and triceps. It also isometrically targets the core, hamstrings, and glutes. It is usually performed one rep of each movement at a time, although you could perform more reps of each, or increase the reps in successive rounds (e.g., 1 rep in round 1, 2 reps in round 2, etc.). No matter how you structure the sets and reps, it is a time-efficient way to hit two crucial upper-body muscles in any workout.",1,0,0,0,0,0,1,0,0,0,0,0,0,0,1,0,2,1,0.7,0.2,0.0
2817,Rolling triceps press,Strength,Arms,Dumbbell,Intermediate,"The rolling triceps press is a dynamic triceps exercise that is popular as a bench press accessory movement among powerlifters. It can be done in traditional muscle-building rep ranges, such as 8-12 reps per set, or for very high reps of 50-100 reps per set to boost triceps size and strength. It can be performed on a bench or on the floor if a bench is unavailable.",1,0,0,0,0,0,1,0,0,0,0,0,0,0,1,0,2,0,0.0,0.2,0.0
2818,MetaBurn Skullcrusher to Ab Crunch,Strength,Arms,Dumbbell,Intermediate,,1,0,0,0,0,0,1,0,0,0,0,0,0,0,1,0,2,0,0.7,0.2,0.0
2819,FYR2 Single-Dumbbell Triceps Extension,Strength,Arms,Dumbbell,Intermediate,,1,0,0,0,0,0,1,0,0,0,0,0,0,0,1,0,2,0,0.0,0.2,0.0
2820,30 Arms Overhead Dumbbell Triceps Extension,Strength,Arms,Dumbbell,Intermediate,,1,0,0,0,0,0,1,0,0,0,0,0,0,0,1,0,2,0,0.0,0.2,0.0
2821,30 Arms Dumbbell Skullcrusher,Strength,Arms,Dumbbell,Intermediate,,1,0,0,0,0,0,1,0,0,0,0,0,0,0,1,0,2,0,0.0,0.2,0.0
2822,30 Arms Dumbbell Kick-Back,Strength,Arms,Dumbbell,Intermediate,,1,0,0,0,0,0,1,0,0,0,0,0,0,0,1,0,2,0,0.0,0.2,0.0
2823,30 Arms BFR Dumbbell Kick-Back,Strength,Arms,Dumbbell,Intermediate,,1,0,0,0,0,0,1,0,0,0,0,0,0,0,1,0,2,0,0.0,0.2,0.0
2824,Dumbbell saw triceps skullcrusher,Strength,Arms,Dumbbell,Intermediate,"The dumbbell saw triceps skullcrusher is a variation of the classic skullcrusher triceps exercise that has been a staple of bodybuilders for decades. It combines a dumbbell skullcrusher with a dumbbell shoulder press. It is usually performed for moderate to high reps, such as 8-12 reps per set or more, as part of an upper-body or arm-focused workout.",1,0,0,0,0,0,1,0,0,0,0,0,0,0,1,0,2,0,0.0,0.2,0.0
2825,Chain Handle Extension,Strength,Arms,None,Beginner,,1,0,0,0,0,0,1,0,0,0,0,1,0,0,0,0,1,0,0.0,0.2,0.8645833333333335
2826,Sled Overhead Triceps Extension,Strength,Arms,None,Beginner,,1,0,0,0,0,0,1,0,0,0,0,1,0,0,0,0,1,0,0.0,0.2,0.0
2827,Body Triceps Press Using Flat Bench,Strength,Arms,None,Intermediate,The bodyweight triceps press is an arm movement that involves performing overhead presses in a face-down position on a Smith machine or other raised bar. It is a surprisingly difficult movement that hammers all three heads of the triceps and can easily be scaled upward or downward in difficulty by moving the bar.,1,0,0,0,0,0,1,0,0,0,0,1,0,0,0,0,2,0,0.0,0.2,0.0
2828,Suspended Triceps Press,Strength,Arms,None,Beginner,,1,0,0,0,0,0,1,0,0,0,0,1,0,0,0,0,1,0,0.0,0.2,0.0
2829,Seated triceps push-down,Strength,Arms,None,Intermediate,The seated triceps push-down is a triceps exercise that is performed with a rope attachment. The seated position helps eliminate the use of momentum. It is usually performed for moderate to high reps as part of the arm-focused portion of a workout.,1,0,0,0,0,0,1,0,0,0,0,1,0,0,0,0,2,0,0.0,0.2,0.0
2830,Machine triceps extension-,Strength,Arms,None,Intermediate,"The machine triceps extension is a popular exercise to build size and strength in the triceps muscles. It approximates the motion of a free-weight skullcrusher, but uses a selectorized weight-stack or plate-loaded machine. Machine triceps extensions are often done for moderate to high reps, such as 8-12 reps per set or more, as part of the upper-body or arm-focused portion of a workout.",1,0,0,0,0,0,1,0,0,0,0,1,0,0,0,0,2,0,0.0,0.2,0.0
2831,Holman Overhead Weighted Triceps Press,Strength,Arms,None,Intermediate,,1,0,0,0,0,0,1,0,0,0,0,1,0,0,0,0,2,0,0.0,0.2,0.0
2832,30 Arms Weighted Triceps Dip,Strength,Arms,None,Intermediate,,1,0,0,0,0,0,1,0,0,0,0,1,0,0,0,0,2,0,0.0,0.2,0.0
2833,Cable V-bar push-down,Strength,Arms,Machine,Intermediate,"The cable V-bar push-down is a popular gym exercise for targeting the triceps. It utilizes an angled bar, which can allow you to move heavier weights more comfortably than a straight bar or rope. It is usually performed for moderate to high reps, such as 8-12 reps or more per set, as part of an upper-body or arm-focused workout.",1,0,0,0,0,0,1,0,0,0,0,0,0,0,0,1,2,0,0.0,0.2,0.9479166666666666
2834,Reverse Grip Triceps Pushdown,Strength,Arms,Machine,Intermediate,"The reverse-grip cable straight-bar push-down is a twist on the popular cable straight-bar push-down. The difference has to do with how the hands are positioned holding the bar: the palms facing up rather than down. Because grip will be a limiting factor, this movement is usually performed for moderate to high reps, such as 8-12 reps per set or higher.",1,0,0,0,0,0,1,0,0,0,0,0,0,0,0,1,2,0,0.0,0.2,0.9375
2835,Kneeling cable triceps extension,Strength,Arms,Machine,Intermediate,The kneeling cable triceps extension is a single-joint exercise meant to isolate the triceps muscles using a high pully on a cable stack and a bench. It can also be performed in a tall-kneeling stance from a low pully. It is most commonly used in muscle-building triceps or arm workouts.,1,0,0,0,0,0,1,0,0,0,0,0,0,0,0,1,2,0,0.0,0.2,0.9375
2836,Single-arm cable triceps extension,Strength,Arms,Machine,Intermediate,"The single-arm cable triceps extension is a single-joint isolation exercise for building the triceps. It involves driving a handle attached to a cable stack overhead to full extension. It is usually performed for moderate to high reps, such as 8-12 reps per set or more, as part of an upper-body or arm-focused workout.",1,0,0,0,0,0,1,0,0,0,0,0,0,0,0,1,2,0,0.0,0.2,0.9270833333333334
2837,Dip Machine,Strength,Arms,Machine,Intermediate,"The dip machine is a machine exercise that mimics a triceps dip, a bodyweight exercise performed on parallel bars or on a pull-up and dip station. It targets the triceps first, but also stretches and strengthens the chest and shoulders. Dips with a triceps focus are usually performed with an upright torso, the knees bent and crossed, and the arms close to the body. Dips can be performed for low reps for strength or higher reps for muscle growth.",1,0,0,0,0,0,1,0,0,0,0,0,0,0,0,1,2,0,0.0,0.2,0.9166666666666667
2838,Triceps Pushdown,Strength,Arms,Machine,Intermediate,"The cable V-bar push-down is a popular gym exercise for targeting the triceps. It utilizes an angled bar, which can allow you to move heavier weights more comfortably than a straight bar or rope. It is usually performed for moderate to high reps, such as 8-12 reps or more per set, as part of an upper-body or arm-focused workout.",1,0,0,0,0,0,1,0,0,0,0,0,0,0,0,1,2,0,0.0,0.2,0.8958333333333334
2839,Low cable overhead triceps extension,Strength,Arms,Machine,Intermediate,"The low cable overhead triceps extension is a single-joint isolation exercise for building the triceps. It involves lying on a bench and then driving the rope handle to full extension. It is usually performed for moderate to high reps, such as 8-12 reps per set or more, as part of an upper-body or arm-focused workout.",1,0,0,0,0,0,1,0,0,0,0,0,0,0,0,1,2,0,0.0,0.2,0.8958333333333334
2840,Lying cable triceps extension,Strength,Arms,Machine,Intermediate,The lying cable triceps extension is an isolation exercise performed lying on either a bench or the floor. This movement is usually performed for moderate to high reps for a burn and pump as part of an arm-focused workout.,1,0,0,0,0,0,1,0,0,0,0,0,0,0,0,1,2,0,0.0,0.2,0.8958333333333334
2841,Low Cable Triceps Extension,Strength,Arms,Machine,Beginner,,1,0,0,0,0,0,1,0,0,0,0,0,0,0,0,1,1,0,0.0,0.2,0.8541666666666666
2842,Cable overhead triceps extension,Strength,Arms,Machine,Intermediate,"The cable overhead triceps extension is a cable exercise performed in a seated position, targeting the triceps muscles. While it hits all three heads of the triceps, the overhead position helps to target the long head in particular. The seated position helps eliminate the use of momentum. It is usually performed for moderate to high reps as part of the arm-focused portion of a workout.",1,0,0,0,0,0,1,0,0,0,0,0,0,0,0,1,2,0,0.0,0.2,0.84375
2843,Single-arm low cable triceps extension,Strength,Arms,Machine,Intermediate,"The single-arm low cable triceps extension is a single-joint isolation exercise for building the triceps. It involves driving a handle attached to a cable stack overhead to full extension. It is usually performed for moderate to high reps, such as 8-12 reps per set or more, as part of an upper-body or arm-focused workout.",1,0,0,0,0,0,1,0,0,0,0,0,0,0,0,1,2,0,0.0,0.2,0.8333333333333334
2844,Incline cable straight-bar triceps extension,Strength,Arms,Machine,Intermediate,"The incline cable straight-bar triceps extension is a single-joint arm exercise performed on an incline bench. This incline position offers a great stretch and range of motion, potentially targeting the long head of the triceps more than some other triceps exercises. It is usually performed for moderate to high reps as part of the arm-focused portion of a workout.",1,0,0,0,0,0,1,0,0,0,0,0,0,0,0,1,2,0,0.0,0.2,0.7395833333333334
2845,Paul Carter Overhead Rope Triceps Extension,Strength,Arms,Machine,Intermediate,"The rope overhead triceps extension is a single-joint exercise focused on the triceps and using a cable stack with a rope handle. The overhead position targets the long head of the triceps in particular. Many lifters save this move for last in their triceps workout, performing it for moderate to high reps, like at least 8-12 reps or higher.",1,0,0,0,0,0,1,0,0,0,0,0,0,0,0,1,2,0,0.0,0.2,0.0
2846,TBS Rope Cable Push-Down,Strength,Arms,Machine,Intermediate,"The cable rope push-down is a popular exercise targeting the triceps muscles. It's easy to learn and perform, making it a favorite for everyone from beginners to advanced lifters. It is usually performed for moderate to high reps, such as 8-12 reps or more per set, as part of an upper-body or arm-focused workout.",1,0,0,0,0,0,1,0,0,0,0,0,0,0,0,1,2,0,0.0,0.2,0.0
2847,Single-arm cable triceps kick-back,Strength,Arms,Machine,Intermediate,"The single-arm cable triceps kick-back is an isolation exercise that targets the triceps. This is a common burnout move performed for moderate to high reps, such as 8-12 reps per set or more, as part of an upper-body or arm-focused workout.",1,0,0,0,0,0,1,0,0,0,0,0,0,0,0,1,2,0,0.0,0.2,0.0
2848,Incline cable rope triceps extension,Strength,Arms,Machine,Intermediate,"The incline cable rope triceps extension is a single-joint arm exercise performed on an incline bench. This incline position offers a great stretch and range of motion, potentially targeting the long head of the triceps more than some other triceps exercises. It is usually performed for moderate to high reps as part of the arm-focused portion of a workout.",1,0,0,0,0,0,1,0,0,0,0,0,0,0,0,1,2,0,0.0,0.2,0.0
2849,Reverse-grip cable straight-bar push-down,Strength,Arms,Machine,Intermediate,"The reverse-grip cable straight-bar push-down is a twist on the popular cable straight-bar push-down. The difference has to do with how the hands are positioned holding the bar: the palms facing up rather than down. Because grip will be a limiting factor, this movement is usually performed for moderate to high reps, such as 8-12 reps per set or higher.",1,0,0,0,0,0,1,0,0,0,0,0,0,0,0,1,2,0,0.0,0.2,0.0
2850,Kneeling Cable Triceps Extension - Gethin Variation,Strength,Arms,Machine,Intermediate,"The kneeling cable triceps extension is an single-joint exercise meant to isolate the triceps muscles, using a high pully on a cable stack and a bench. It can also be performed in a tall-kneeling stance from a low pully. It is most commonly used in muscle-building triceps or overall arms workouts.",1,0,0,0,0,0,1,0,0,0,0,0,0,0,0,1,2,0,0.0,0.2,0.0
2851,Cable Overhead Triceps Extension - Gethin Variation,Strength,Arms,Machine,Intermediate,The overhead triceps extension is an isolation exercise that is performed with a cable. It is usually performed for moderate to high reps as part of the arm-focused portion of a workout.,1,0,0,0,0,0,1,0,0,0,0,0,0,0,0,1,2,0,0.0,0.2,0.0
2852,Reverse-Grip Cable Triceps Pushdown - Gethin Variation,Strength,Arms,Machine,Intermediate,"The reverse-grip cable straight-bar push-down is a twist on the popular cable straight-bar push-down. The difference has to do with how the hands are positioned holding the bar: the palms facing up rather than down. Because grip will be a limiting factor, this movement is usually performed for moderate to high reps, such as 8-12 reps per set or higher.",1,0,0,0,0,0,1,0,0,0,0,0,0,0,0,1,2,0,0.0,0.2,0.0
2853,Cable Triceps Extension - Gethin Variation,Strength,Arms,Machine,Intermediate,"The cable rope push-down is a popular exercise targeting the triceps muscles. It's easy to learn and perform, making it a favorite for everyone from beginners to advanced lifters. It is usually performed for moderate to high reps, such as 8-12 reps or more per set, as part of an upper-body or arm-focused workout.The cable rope push-down is a popular exercise targeting the triceps muscles. It's easy to learn and perform, making it a favorite for everyone from beginners to advanced lifters. It is usually performed for moderate to high reps, such as 8-12 reps or more per set, as part of an upper-body or arm-focused workout.",1,0,0,0,0,0,1,0,0,0,0,0,0,0,0,1,2,0,0.0,0.2,0.0
2854,Single-arm incline triceps extension,Strength,Arms,Machine,Intermediate,The single-arm incline triceps extension is a dumbbell exercise targeting the triceps. The incline angle helps to target the long head of the triceps in particular. This exercise is usually performed for moderate to high reps as part of an upper-body or arm-focused workout.,1,0,0,0,0,0,1,0,0,0,0,0,0,0,0,1,2,0,0.0,0.2,0.0
2855,Triceps Overhead Extension with Rope - Gethin Variation,Strength,Arms,Machine,Intermediate,The overhead triceps extension is an isolation exercise that is performed with a cable. It is usually performed for moderate to high reps as part of the arm-focused portion of a workout.,1,0,0,0,0,0,1,0,0,0,0,0,0,0,0,1,2,0,0.0,0.2,0.0
2856,Cable rope push-down,Strength,Arms,Machine,Intermediate,"The cable rope push-down is a popular exercise targeting the triceps muscles. It's easy to learn and perform, making it a favorite for everyone from beginners to advanced lifters. It is usually performed for moderate to high reps, such as 8-12 reps or more per set, as part of an upper-body or arm-focused workout.",1,0,0,0,0,0,1,0,0,0,0,0,0,0,0,1,2,0,0.0,0.2,0.0
2857,Cable straight-bar push-down,Strength,Arms,Machine,Intermediate,"The cable straight-bar push-down is a popular gym exercise for targeting the triceps. It is usually performed for moderate to high reps, such as 8-12 reps or more per set, as part of an upper-body or arm-focused workout.",1,0,0,0,0,0,1,0,0,0,0,0,0,0,0,1,2,0,0.0,0.2,0.0
2858,Straight-arm bar pull-down,Strength,Arms,Machine,Intermediate,"The straight-arm bar pull-down is a variation of the straight-arm lat pull-down performed using a cable stack machine. It can either be performed in an athletic upright stance, or slightly bent over. It both stretches and contracts the muscles of the lats (latissimus dorsi) as well as providing additional activation to the other upper back muscles and the core. Because the triceps are also isometrically involved in the movement, it is usually performed for higher reps, such as 8-15 reps or more.",1,0,0,0,0,0,1,0,0,0,0,0,0,0,0,1,2,0,0.0,0.2,0.0
2859,AM Rope Triceps Pushdown,Strength,Arms,Machine,Intermediate,"The cable rope push-down is a popular exercise targeting the triceps muscles. It's easy to learn and perform, making it a favorite for everyone from beginners to advanced lifters. It is usually performed for moderate to high reps, such as 8-12 reps or more per set, as part of an upper-body or arm-focused workout.",1,0,0,0,0,0,1,0,0,0,0,0,0,0,0,1,2,0,0.0,0.2,0.0
2860,AM Bar Triceps Push-Down,Strength,Arms,Machine,Intermediate,"The cable straight-bar push-down is a popular gym exercise for targeting the triceps. It is usually performed for moderate to high reps, such as 8-12 reps or more per set, as part of an upper-body or arm-focused workout.",1,0,0,0,0,0,1,0,0,0,0,0,0,0,0,1,2,0,0.0,0.2,0.0
2861,Rope overhead triceps extension,Strength,Arms,Machine,Intermediate,"The rope overhead triceps extension is a single-joint exercise focused on the triceps that uses a cable stack with a rope handle. The overhead position targets the long head of the triceps in particular. Many lifters save this move for last in their triceps workout, performing it for moderate to high reps, such as 8-12 reps or more per set.",1,0,0,0,0,0,1,0,0,0,0,0,0,0,0,1,2,0,0.0,0.2,0.0
2862,UP Rope Push-down,Strength,Arms,Machine,Intermediate,"The cable rope push-down is a popular exercise targeting the triceps muscles. It's easy to learn and perform, making it a favorite for everyone from beginners to advanced lifters. It is usually performed for moderate to high reps, such as 8-12 reps or more per set, as part of an upper-body or arm-focused workout.",1,0,0,0,0,0,1,0,0,0,0,0,0,0,0,1,2,0,0.0,0.2,0.0
2863,UP Triceps Extension Straight-Bar Push-Down,Strength,Arms,Machine,Intermediate,"The cable straight-bar push-down is a popular gym exercise for targeting the triceps. It is usually performed for moderate to high reps, such as 8-12 reps or more per set, as part of an upper-body or arm-focused workout.",1,0,0,0,0,0,1,0,0,0,0,0,0,0,0,1,2,0,0.0,0.2,0.0
2864,LD Cable One-Arm Upright Row,Strength,Arms,Machine,Intermediate,,1,0,0,0,0,0,1,0,0,0,0,0,0,0,0,1,2,1,0.7,0.2,0.0
2865,30 Arms Underhand Cable Straight-Bar Push-Down,Strength,Arms,Machine,Intermediate,,1,0,0,0,0,0,1,0,0,0,0,0,0,0,0,1,2,0,0.0,0.2,0.0
2866,30 Arms Single-Arm Reverse-Grip Cable Push-Down,Strength,Arms,Machine,Intermediate,,1,0,0,0,0,0,1,0,0,0,0,0,0,0,0,1,2,0,0.0,0.2,0.0
2867,30 Arms Cable V-Bar Push-Down,Strength,Arms,Machine,Intermediate,,1,0,0,0,0,0,1,0,0,0,0,0,0,0,0,1,2,0,0.0,0.2,0.0
2868,30 Arms Cable Straight-Bar Push-Down,Strength,Arms,Machine,Intermediate,,1,0,0,0,0,0,1,0,0,0,0,0,0,0,0,1,2,0,0.0,0.2,0.0
2869,30 Arms Cable Rope Push-Down,Strength,Arms,Machine,Intermediate,,1,0,0,0,0,0,1,0,0,0,0,0,0,0,0,1,2,0,0.0,0.2,0.0
2870,30 Arms Cable Rope Overhead Triceps Extension,Strength,Arms,Machine,Intermediate,,1,0,0,0,0,0,1,0,0,0,0,0,0,0,0,1,2,0,0.0,0.2,0.0
2871,BFR underhand straight-bar push-down,Strength,Arms,Machine,Intermediate,"The blood flow restriction (BFR) underhand straight-bar push-down is an arm movement that builds triceps size and strength using a cable stack, straight-bar grip, and blood flow restriction bands. It is popular in high-rep ""pump""-style arm workouts. The bands should be placed as high as possible on your arms, at a tightness of no greater than 8 on a scale of 10. Most BFR workouts recommend using a far lighter weight than usual, perhaps as low as 25-50 percent of a normal working weight.",1,0,0,0,0,0,1,0,0,0,0,0,0,0,0,1,2,0,0.0,0.2,0.0
2872,BFR overhand straight-bar push-down,Strength,Arms,Machine,Intermediate,"The blood flow restriction (BFR) overhand straight-bar push-down is an arm movement that builds triceps size and strength using a cable stack, straight-bar grip, and blood flow restriction bands. It is popular in high-rep ""pump""-style arm workouts. The bands should be placed as high as possible on your arms, at a tightness of no greater than 8 on a scale of 10. Most BFR workouts recommend using a far lighter weight than usual, perhaps as low as 25-50 percent of a normal working weight.",1,0,0,0,0,0,1,0,0,0,0,0,0,0,0,1,2,0,0.0,0.2,0.0
2873,BFR cable rope push-down,Strength,Arms,Machine,Intermediate,"The blood flow restriction (BFR) cable rope push-down is an arm movement that builds triceps size and strength using a cable stack, rope grip, and blood flow restriction bands. It is popular in high-rep ""pump""-style arm workouts. The bands should be placed as high as possible on your arms, at a tightness of no greater than 8 on a scale of 10. Most BFR workouts recommend using a far lighter weight than usual, perhaps as low as 25-50 percent of a normal working weight.",1,0,0,0,0,0,1,0,0,0,0,0,0,0,0,1,2,0,0.0,0.2,0.0
2874,Triceps Pressdown,Strength,Arms,Machine,Intermediate,,1,0,0,0,0,0,1,0,0,0,0,0,0,0,0,1,2,0,0.0,0.2,0.0
2875,Machine Triceps Extension,Strength,Arms,Machine,Intermediate,The machine triceps extension is an isolation exercise targeting the tricep muscles.,1,0,0,0,0,0,1,0,0,0,0,0,0,0,0,1,2,0,0.0,0.2,0.7708333333333334
2876,Smith machine end-grip shoulder press,Strength,Arms,Machine,Intermediate,"The Smith machine end-grip shoulder press is a machine-based exercise targeting the shoulder muscles. It is performed holding the end of the bar in the Smith machine on the outside of the rack. It is usually performed for moderate to high reps, such as 8-12 reps per set or more, as part of an upper-body or shoulder-focused workout.",1,0,0,0,0,0,1,0,0,0,0,0,0,0,0,1,2,0,0.0,0.2,0.0
2877,Assist machine triceps push-down,Strength,Arms,Machine,Intermediate,"The assist machine triceps push-down is a triceps-focused exercise that is performed on an assisted pull-up or dip station. It is performed by pressing downward on the knee pad of the machine, against the resistance of the weight. It approximates the motion of a triceps cable rope push-down, but with open hands. This variation is often performed for moderate to high reps, such as 8-12 reps per set or more, as part of upper-body or arm-focused training.",1,0,0,0,0,0,1,0,0,0,0,0,0,0,0,1,2,0,0.0,0.2,0.0
2878,Smith machine close-grip bench press-,Strength,Arms,Machine,Intermediate,"The Smith machine close-grip bench press is a machine-based movement targeting the chest and triceps. The Smith machine mimics a barbell but provides more stability. This movement can be programmed in low reps for strength or higher reps for muscle and strength endurance. It is often performed for moderate to high reps, such as 8-12 reps per set or more, as part of a chest, arms, or upper-body focused workout.",1,0,0,0,0,0,1,0,0,0,0,0,0,0,0,1,2,1,0.0,0.2,0.0
2879,Machine Triceps Extension - Gethin Variation,Strength,Arms,Machine,Intermediate,The machine triceps extension is an isolation exercise targeting the tricep muscles.,1,0,0,0,0,0,1,0,0,0,0,0,0,0,0,1,2,0,0.0,0.2,0.0
2880,Overhead Machine Triceps Extension - Gethin Variation,Strength,Arms,Machine,Intermediate,The machine triceps extension is an isolation exercise targeting the tricep muscles.,1,0,0,0,0,0,1,0,0,0,0,0,0,0,0,1,2,0,0.0,0.2,0.0
2881,30 Arms Machine Triceps Dip,Strength,Arms,Machine,Intermediate,,1,0,0,0,0,0,1,0,0,0,0,0,0,0,0,1,2,0,0.0,0.2,0.0
2882,Triceps dip,Strength,Arms,None,Intermediate,"The triceps dip is a bodyweight exercise performed on parallel bars or on a pull-up and dip station. It targets the triceps first, but also stretches and strengthens the chest and shoulders. Dips with a triceps focus are usually performed with an upright torso, the knees bent and crossed, and the arms close to the body. Dips can be performed for low reps for strength or higher reps for muscle growth.",1,0,0,0,0,0,1,0,0,0,0,1,0,0,0,0,2,0,0.0,0.2,0.9791666666666667
2883,Weighted bench dip,Strength,Arms,None,Intermediate,The weighted bench dip is a highly effective exercise for building the triceps. The resistance comes from a combination of body weight and added weight—usually a weight plate.,1,0,0,0,0,0,1,0,0,0,0,1,0,0,0,0,2,0,0.0,0.2,0.9479166666666666
2884,Push-Ups - Close Triceps Position,Strength,Arms,None,Intermediate,"The close push-up is an upper-body exercise that targets the chest, triceps, and shoulders. The close hand position places more emphasis on the triceps.",1,0,0,0,0,0,1,0,0,0,0,1,0,0,0,0,2,1,0.0,0.2,0.9375
2885,Parallel Bar Dip,Strength,Arms,None,Intermediate,"The triceps dip is a bodyweight exercise performed on parallel bars or on a pull-up and dip station. It targets the triceps first, but also stretches and strengthens the chest and shoulders. Dips with a triceps focus are usually performed with an upright torso, the knees bent and crossed, and the arms close to the body. Dips can be performed for low reps for strength or higher reps for muscle growth.",1,0,0,0,0,0,1,0,0,0,0,1,0,0,0,0,2,0,0.0,0.2,0.9166666666666667
2886,Ring dip,Strength,Arms,None,Intermediate,"The ring dip is an upper-body strength exercise performed on gymnastic rings. It targets the muscles of the chest, triceps, and shoulders, but is also quite taxing to the core. It is generally considered to be more difficult than dips performed on parallel bars. It is common in gymnastics training and CrossFit workouts, but is also a simple way to make dips more challenging for any strength athlete.",1,0,0,0,0,0,1,0,0,0,0,1,0,0,0,0,2,0,0.0,0.2,0.9166666666666667
2887,Feet-elevated bench dip,Strength,Arms,None,Intermediate,"The feet-elevated bench dip is a popular bodyweight exercise for building the triceps, chest, and shoulders. Elevating the feet brings more chest and shoulder into the movement, but also allows for extra weight on the hips. If these bother your shoulders, try performing them between two benches or chairs rather than on a single bench.",1,0,0,0,0,0,1,0,0,0,0,1,0,0,0,0,2,0,0.0,0.2,0.90625
2888,Bodyweight triceps press,Strength,Arms,None,Intermediate,The bodyweight triceps press is an arm movement that involves performing overhead presses in a face-down position on a Smith machine or other raised bar. It is a surprisingly difficult movement that hammers all three heads of the triceps and the difficulty can easily be scaled up or down by moving the bar.,1,0,0,0,0,0,1,0,0,0,0,1,0,0,0,0,2,0,0.0,0.2,0.8541666666666666
2889,Standing Towel Triceps Extension,Strength,Arms,None,Beginner,,1,0,0,0,0,0,1,0,0,0,0,1,0,0,0,0,1,0,0.0,0.2,0.6770833333333334
2890,Tricep Side Stretch,Flexibility,Arms,None,Intermediate,,0,0,1,0,0,0,1,0,0,0,0,1,0,0,0,0,2,0,0.0,0.2,0.5729166666666667
2891,Triceps Stretch,Flexibility,Arms,None,Intermediate,,0,0,1,0,0,0,1,0,0,0,0,1,0,0,0,0,2,0,0.0,0.2,0.5
2892,Overhead Triceps,Flexibility,Arms,None,Beginner,,0,0,1,0,0,0,1,0,0,0,0,1,0,0,0,0,1,0,0.0,0.2,0.34375
2893,Russian Bar Dip,Strength,Arms,None,Intermediate,"The Russian dip is a chest-and-triceps building exercise that resembles the chest dip, albeit with a twist that makes it even harder and more taxing.",1,0,0,0,0,0,1,0,0,0,0,1,0,0,0,0,2,0,0.0,0.2,0.0
2894,Straight-arm plank with kick-back,Strength,Arms,None,Intermediate,"The straight-arm plank with kick-back is a hybrid movement that trains the abdominal and triceps muscles simultaneously. It can address multiple muscle groups in a time-efficient muscle-building or circuit-style workout, while also providing an additional cardiovascular challenge.",1,0,0,0,0,0,1,0,0,0,0,1,0,0,0,0,2,0,0.0,0.2,0.0
2895,TBS Dip,Strength,Arms,None,Intermediate,The triceps dip is a machine version of an exercise that many lifters perform using parallel bars or two parallel benches. The machine is found in many gyms.,1,0,0,0,0,0,1,0,0,0,0,1,0,0,0,0,2,0,0.0,0.2,0.0
2896,Bench Dips - Gethin Variation,Strength,Arms,None,Intermediate,"The bench dip is a highly effective exercise for building the triceps. The resistance comes from the body itself, rather than weight.",1,0,0,0,0,0,1,0,0,0,0,1,0,0,0,0,2,0,0.0,0.2,0.0
2897,Banded dip,Strength,Arms,None,Intermediate,"The banded dip is a bodyweight exercise targeting the chest, triceps, and shoulders. This variation utilizes an exercise band to help support the lifter in the bottom part of the movement. This makes pushing out of the hole easier, and may combat the shoulder pain that some lifters feel when they perform dips. The top of the movement receives less help from the band, putting more stress on the triceps.",1,0,0,0,0,0,1,0,0,0,0,1,0,0,0,0,2,0,0.0,0.2,0.0
2898,Bench Dip - Gethin Variation,Strength,Arms,None,Intermediate,"The bench dip is a highly effective exercise for building the triceps. The resistance comes from the body itself, rather than weight.",1,0,0,0,0,0,1,0,0,0,0,1,0,0,0,0,2,0,0.0,0.2,0.0
2899,HM Chair Dip,Strength,Arms,None,Intermediate,,1,0,0,0,0,0,1,0,0,0,0,1,0,0,0,0,2,0,0.0,0.2,0.0
2900,Bench dip,Strength,Arms,None,Intermediate,"The bench dip is a highly effective exercise for building the triceps. The resistance comes from the body itself, rather than added weight.",1,0,0,0,0,0,1,0,0,0,0,1,0,0,0,0,2,0,0.0,0.2,0.0
2901,Holman Step Triceps Dip,Strength,Arms,None,Intermediate,,1,0,0,0,0,0,1,0,0,0,0,1,0,0,0,0,2,0,0.0,0.2,0.0
2902,Holman Chair Triceps Dip,Strength,Arms,None,Intermediate,,1,0,0,0,0,0,1,0,0,0,0,1,0,0,0,0,2,0,0.0,0.2,0.0
2903,Bodyweight Triceps Rope Press,Strength,Arms,None,Intermediate,,1,0,0,0,0,0,1,0,0,0,0,1,0,0,0,0,2,0,0.0,0.2,0.0
2904,Holman Heavy Triceps Overhead Press,Strength,Arms,None,Intermediate,,1,0,0,0,0,0,1,0,0,0,0,1,0,0,0,0,2,0,0.0,0.2,0.0
2905,Holman Couch Triceps Dip,Strength,Arms,None,Intermediate,,1,0,0,0,0,0,1,0,0,0,0,1,0,0,0,0,2,0,0.0,0.2,0.0
2906,FYR2 Triceps Push-Up,Strength,Arms,None,Intermediate,,1,0,0,0,0,0,1,0,0,0,0,1,0,0,0,0,2,1,0.0,0.2,0.0
2907,30 Arms Triceps Dip,Strength,Arms,None,Intermediate,,1,0,0,0,0,0,1,0,0,0,0,1,0,0,0,0,2,0,0.0,0.2,0.0
2908,30 Arms Close-Grip Push-Up,Strength,Arms,None,Intermediate,,1,0,0,0,0,0,1,0,0,0,0,1,0,0,0,0,2,1,0.0,0.2,0.0
2909,30 Arms BFR Close-Grip Push-Up,Strength,Arms,None,Intermediate,,1,0,0,0,0,0,1,0,0,0,0,1,0,0,0,0,2,1,0.0,0.2,0.0
2910,Supine Chest Throw,Strength,Arms,None,Beginner,,1,0,0,0,0,0,1,0,0,0,0,1,0,0,0,0,1,1,0.7,0.2,0.8541666666666666
2911,Decline EZ-bar skullcrusher,Strength,Arms,Barbell,Intermediate,"The decline EZ-bar skullcrusher is a popular exercise targeting the triceps muscles. The angle of the bench creates a greater range of motion than flat bench skullcrushers, as well as targeting the lateral head of the muscle. This exercise is usually performed for moderate to high reps as part of an upper-body or arm-focused workout.",1,0,0,0,0,0,1,0,0,0,0,0,0,1,0,0,2,0,0.0,0.2,0.9687500000000001
2912,EZ-Bar Skullcrusher,Strength,Arms,Barbell,Intermediate,"The EZ-bar skullcrusher is a popular exercise targeting the triceps muscles. The EZ-bar is used more often than a straight bar. As for the name, that’s worst-case scenario. The bar should actually come down behind the head. It is usually performed for moderate to high reps as part of an upper body or arms-focused workout. No need to chase a 1RM on this move!",1,0,0,0,0,0,1,0,0,0,0,0,0,1,0,0,2,0,0.0,0.2,0.9375
2913,EZ-bar skullcrusher-,Strength,Arms,Barbell,Intermediate,"The EZ-bar skullcrusher is a popular exercise targeting the triceps muscles. Contrary to what the name implies, the bar should actually come down behind the head. It is usually performed for moderate to high reps as part of an upper-body or arms-focused workout.",1,0,0,0,0,0,1,0,0,0,0,0,0,1,0,0,2,0,0.0,0.2,0.84375
2914,Lying Close-Grip Barbell Triceps Press To Chin,Strength,Arms,Barbell,Beginner,,1,0,0,0,0,0,1,0,0,0,0,0,0,1,0,0,1,0,0.0,0.2,0.84375
2915,EZ-Bar Skullcrusher - Gethin Variation,Strength,Arms,Barbell,Intermediate,"The EZ-bar skullcrusher is a popular exercise targeting the triceps muscles. The EZ-bar is used more often than a straight bar. As for the name, that’s worst-case scenario. The bar should actually come down behind the head. It is usually performed for moderate to high reps as part of an upper body or arms-focused workout. No need to chase a 1RM on this move!",1,0,0,0,0,0,1,0,0,0,0,0,0,1,0,0,2,0,0.0,0.2,0.0
2916,TBS Skullcrusher,Strength,Arms,Barbell,Intermediate,"The EZ-bar skullcrusher is a popular exercise targeting the triceps muscles. The EZ-bar is used more often than a straight bar. As for the name, that’s worst-case scenario. The bar should actually come down behind the head. It is usually performed for moderate to high reps as part of an upper body or arms-focused workout. No need to chase a 1RM on this move!",1,0,0,0,0,0,1,0,0,0,0,0,0,1,0,0,2,0,0.0,0.2,0.0
2917,30 Arms EZ-Bar Skullcrusher,Strength,Arms,Barbell,Intermediate,,1,0,0,0,0,0,1,0,0,0,0,0,0,1,0,0,2,0,0.0,0.2,0.0
