fat_g,fiber_g,calories,food_id,potassium_mg,sodium_mg,source,name,carbs_g,cholesterol_mg,sugar_g,protein_g,category,cuisine,sat_fat_g,low_gi,low_sodium,diabetic_friendly,heart_healthy,vegetarian,vegan,meal_type
93.33,0.0,867.0,0,0.0,0.0,USDA,WESSON Vegetable Oil 1 GAL,0.0,0.0,0.0,0.0,Other,American,13.33,0,1,0,0,1,1,lunch
0.0,0.0,4.0,1,0.0,346.0,USDA,SWANSON BROTH BEEF,0.42,0.0,0.42,0.83,Other,American,0.0,0,0,0,0,0,0,lunch
5.31,0.4,82.0,2,65.0,363.0,USDA,CAMPBELL'S SLOW KETTLE SOUP CLAM CHOWDER,6.12,6.0,0.41,2.45,Other,American,1.02,0,0,0,0,1,1,lunch
6.12,0.4,82.0,3,65.0,322.0,USDA,CAMPBELL'S SLOW KETTLE SOUP CHEESE BROCCOLI,5.31,10.0,0.82,1.22,Other,American,2.45,0,0,0,0,1,0,lunch
0.0,0.0,4.0,4,12.0,15.0,USDA,SWANSON BROTH CHICKEN,0.42,0.0,0.42,0.83,Other,American,0.0,0,1,0,0,0,0,lunch
0.61,2.4,61.0,5,155.0,306.0,USDA,CAMPBELL'S SOUP BEAN AND HAM,10.61,4.0,1.63,3.67,Other,American,0.0,0,0,0,0,1,1,lunch
0.0,0.0,4.0,6,13.0,353.0,USDA,SWANSON BROTH BEEF,0.43,0.0,0.43,0.85,Other,American,0.0,0,0,0,0,0,0,lunch
3.33,2.5,58.0,7,175.0,358.0,USDA,PREGO SAUCES TOMATO BASIL,5.83,0.0,3.33,1.67,Other,American,0.42,0,0,0,0,1,1,lunch
1.25,0.8,75.0,8,517.0,342.0,USDA,CAMPBELL'S SOUP TOMATO,15.0,0.0,9.17,1.67,Other,American,0.0,0,0,0,0,1,1,lunch
2.78,1.2,87.0,9,147.0,238.0,USDA,CAMPBELL'S PASTA SPAGHETTIOS W FRANKS,11.51,10.0,3.97,3.57,Other,American,0.79,0,0,0,0,1,1,dinner
0.35,3.5,125.0,10,297.0,379.0,USDA,BUSH'S Bourbon and Brown Sugar Grillin' Beans 22 oz,25.88,0.0,11.51,5.12,Other,American,0.04,0,0,0,0,1,1,lunch
1.68,3.4,105.0,11,200.0,278.0,USDA,BUSH'S Organic Garbanzo Beans 110 oz,17.55,0.0,2.98,5.78,Other,American,0.17,1,0,1,1,1,1,lunch
0.75,3.6,129.0,12,300.0,437.0,USDA,BUSH'S Smokehouse Tradition Grillin' Beans 22 oz,26.12,0.0,11.58,5.23,Other,American,0.11,0,0,0,0,1,1,lunch
2.63,1.8,263.0,13,70.0,632.0,USDA,PEPPERIDGE FARM BREAD TUSCAN,50.88,0.0,1.75,8.77,Other,American,0.0,0,0,0,0,1,1,lunch
18.0,2.0,360.0,14,100.0,600.0,USDA,PEPPERIDGE FARM BREAD GARLIC,38.0,10.0,2.0,10.0,Other,American,7.0,0,0,0,0,1,1,lunch
0.0,0.0,4.0,15,17.0,358.0,USDA,SWANSON BROTH CHICKEN,0.42,0.0,0.42,0.42,Other,American,0.0,0,0,0,0,0,0,lunch
12.5,0.0,464.0,16,179.0,321.0,USDA,PEPPERIDGE FARM COOKIES GINGER,78.57,36.0,46.43,3.57,Other,American,5.36,0,0,0,0,1,1,snack
1.75,1.8,246.0,17,70.0,579.0,USDA,PEPPERIDGE FARM BREAD TUSCAN,47.37,0.0,1.75,8.77,Other,American,0.0,0,0,0,0,1,1,lunch
16.67,3.3,467.0,18,400.0,350.0,USDA,PEPPERIDGE FARM COOKIES GRAHAM CHOCOLATE,70.0,0.0,33.33,6.67,Other,American,5.0,0,0,0,0,1,1,snack
2.2,2.2,253.0,19,77.0,495.0,USDA,PEPPERIDGE FARM BREAD FOCACCIA,50.55,0.0,1.1,8.79,Other,American,0.0,0,0,0,0,1,1,lunch
14.61,1.1,281.0,20,67.0,258.0,USDA,PEPPERIDGE FARM PASTRY PEACH,34.83,0.0,16.85,2.25,Other,American,7.87,0,0,0,0,1,1,lunch
1.75,7.0,263.0,21,228.0,614.0,USDA,PEPPERIDGE FARM BREAD MULTIGRAIN,52.63,0.0,8.77,8.77,Other,American,0.0,0,0,0,0,1,1,lunch
4.39,3.5,263.0,22,88.0,842.0,USDA,PEPPERIDGE FARM BREAD OLIVE BATARD,45.61,0.0,1.75,8.77,Other,American,0.0,1,0,0,0,1,1,lunch
17.78,2.2,333.0,23,67.0,422.0,USDA,PEPPERIDGE FARM BREAD CHEESE,33.33,11.0,2.22,11.11,Other,American,4.44,0,0,0,0,1,0,lunch
16.67,3.3,467.0,24,167.0,833.0,USDA,PEPPERIDGE FARM CRACKERS CHEDDAR,66.67,33.0,0.0,10.0,Other,American,3.33,1,0,0,0,1,1,snack
22.22,0.0,481.0,25,74.0,352.0,USDA,PEPPERIDGE FARM COOKIES,70.37,37.0,44.44,3.7,Other,American,12.96,0,0,0,0,1,1,snack
0.0,0.0,4.0,26,0.0,346.0,USDA,SWANSON BROTH BEEF,0.42,0.0,0.42,0.83,Other,American,0.0,0,0,0,0,0,0,lunch
3.54,2.0,263.0,27,71.0,576.0,USDA,PEPPERIDGE FARM BREAD CIABATTA,50.51,0.0,1.01,8.08,Other,American,0.0,0,0,0,0,1,1,lunch
16.13,0.0,419.0,28,65.0,226.0,USDA,PEPPERIDGE FARM COOKIES,67.74,16.0,32.26,3.23,Other,American,8.06,0,0,0,0,1,1,snack
0.0,0.0,4.0,29,21.0,358.0,USDA,SWANSON BROTH CHICKEN,0.42,0.0,0.42,0.42,Other,American,0.0,0,0,0,0,0,0,lunch
14.61,1.1,258.0,30,56.0,258.0,USDA,PEPPERIDGE FARM PASTRY CHERRY,30.34,0.0,11.24,2.25,Other,American,7.87,0,0,0,0,1,1,lunch
14.06,3.1,406.0,31,62.0,219.0,USDA,PEPPERIDGE FARM COOKIES,68.75,31.0,31.25,3.12,Other,American,7.81,0,0,0,0,1,1,snack
1.75,1.8,246.0,32,105.0,509.0,USDA,PEPPERIDGE FARM BREAD GARLIC,49.12,0.0,1.75,8.77,Other,American,0.0,0,0,0,0,1,1,lunch
23.33,0.0,500.0,33,100.0,283.0,USDA,PEPPERIDGE FARM COOKIES SMORES,63.33,33.0,33.33,3.33,Other,American,11.67,0,0,0,0,1,1,snack
0.0,0.0,4.0,34,4.0,171.0,USDA,SWANSON BROTH BEEF,0.42,0.0,0.42,0.83,Other,American,0.0,0,0,0,0,0,0,lunch
0.88,1.8,246.0,35,88.0,596.0,USDA,PEPPERIDGE FARM BREAD,50.88,0.0,0.0,8.77,Other,American,0.0,0,0,0,0,1,1,lunch
23.33,0.0,467.0,36,67.0,233.0,USDA,PEPPERIDGE FARM COOKIES STRAWBERRY,63.33,17.0,30.0,3.33,Other,American,11.67,0,0,0,0,1,1,snack
24.14,3.4,517.0,37,207.0,172.0,USDA,PEPPERIDGE FARM COOKIES PEPPERMINT,65.52,17.0,37.93,6.9,Other,American,10.34,0,0,0,0,1,1,snack
0.0,0.0,4.0,38,4.0,174.0,USDA,SWANSON BROTH BEEF-LOW SODIUM,0.43,0.0,0.43,0.85,Other,American,0.0,0,0,0,0,0,0,lunch
0.88,1.8,246.0,39,70.0,632.0,USDA,PEPPERIDGE FARM BREAD SESAME,49.12,0.0,1.75,8.77,Other,American,0.0,0,0,0,0,1,1,lunch
3.51,1.8,263.0,40,70.0,561.0,USDA,PEPPERIDGE FARM BREAD CIABATTA,50.88,0.0,0.0,8.77,Other,American,0.0,0,0,0,0,1,1,lunch
23.33,0.0,500.0,41,67.0,217.0,USDA,PEPPERIDGE FARM COOKIES,70.0,33.0,36.67,6.67,Other,American,10.0,0,0,0,0,1,1,snack
0.0,0.0,4.0,42,8.0,333.0,USDA,SWANSON BROTH VEGETABLE,0.83,0.0,0.83,0.0,Other,American,0.0,0,0,0,0,1,1,lunch
24.39,2.4,366.0,43,24.0,341.0,USDA,PEPPERIDGE FARM PASTRY SHEETS,31.71,0.0,2.44,4.88,Other,American,12.2,0,0,0,0,1,1,lunch
1.75,1.8,246.0,44,70.0,544.0,USDA,PEPPERIDGE FARM BREAD WHITE BATARD,49.12,0.0,0.0,8.77,Other,American,0.0,0,0,0,0,1,1,lunch
0.88,0.0,246.0,45,88.0,596.0,USDA,PEPPERIDGE FARM BREAD EUROPEAN BAGUETTE,52.63,0.0,3.51,8.77,Other,American,0.0,0,0,0,0,1,1,lunch
0.34,4.3,95.0,46,382.0,75.0,USDA,BUSH'S Organic Pinto Beans 110 oz,17.17,0.0,0.58,5.88,Other,American,0.06,1,1,1,1,1,1,lunch
16.07,3.6,464.0,47,179.0,857.0,USDA,PEPPERIDGE FARM CRACKERS,67.86,36.0,0.0,10.71,Other,American,3.57,1,0,0,0,1,1,snack
28.57,4.8,524.0,48,190.0,190.0,USDA,PEPPERIDGE FARM COOKIES MILANO,66.67,24.0,33.33,4.76,Other,American,11.9,0,0,0,0,1,1,snack
0.42,3.6,83.0,49,316.0,377.0,USDA,BUSH'S BEST Easy Entrees Texas Ranchero 108 oz,15.08,0.0,0.71,4.78,Other,American,0.06,1,0,1,0,1,1,lunch
0.0,0.3,51.0,50,136.0,8.0,USDA,10 FL OZ 100% JUICE - ORANGE,12.2,0.0,9.49,0.34,Other,American,0.0,0,1,0,0,1,1,breakfast
0.0,0.0,42.0,51,0.0,10.0,USDA,16 FL OZ JUICE DRINK - FRUIT PUNCH,10.36,0.0,9.73,0.0,Other,American,0.0,0,1,0,0,1,1,snack
0.0,0.0,62.0,52,0.0,3.0,USDA,11.5 FL OZ JUICE DRINK - APPLE CRANBERRY,15.0,0.0,14.12,0.0,Other,American,0.0,0,1,0,0,1,1,breakfast
0.0,0.0,49.0,53,136.0,9.0,USDA,5.5 FL OZ 100% JUICE - ORANGE,12.35,0.0,9.26,0.0,Other,American,0.0,0,1,0,0,1,1,breakfast
0.0,0.0,62.0,54,0.0,3.0,USDA,5.5 FL OZ JUICE COCKTAIL - CRANBERRY,14.81,0.0,13.58,0.0,Other,American,0.0,0,1,0,0,1,1,breakfast
0.0,0.0,41.0,55,0.0,10.0,USDA,11.5 FL OZ JUICE DRINK - FRUIT PUNCH,10.29,0.0,9.71,0.0,Other,American,0.0,0,1,0,0,1,1,snack
0.0,0.0,58.0,56,0.0,3.0,USDA,10 FL OZ JUICE COCKTAIL - CRANBERRY,14.92,0.0,13.56,0.0,Other,American,0.0,0,1,0,0,1,1,breakfast
0.0,0.0,47.0,57,0.0,22.0,USDA,10 FL OZ JUICE DRINK - ORANGE PINEAPPLE,11.19,0.0,10.51,0.0,Other,American,0.0,0,1,0,0,1,1,breakfast
0.0,0.0,41.0,58,0.0,10.0,USDA,10 FL OZ JUICE DRINK - STRAWBERRY KIWI,9.83,0.0,9.15,0.0,Other,American,0.0,0,1,0,0,1,1,breakfast
0.0,0.0,41.0,59,32.0,3.0,USDA,10 FL OZ JUICE COCKTAIL - GRAPE,10.17,0.0,9.49,0.0,Other,American,0.0,0,1,0,0,1,1,breakfast
0.0,0.0,43.0,60,123.0,6.0,USDA,5.5 FL OZ 100% JUICE - APPLE,11.11,0.0,11.11,0.0,Other,American,0.0,0,1,0,0,1,1,breakfast
0.0,0.3,50.0,61,135.0,9.0,USDA,11.5 FL OZ 100% JUICE - ORANGE,12.06,0.0,9.41,0.29,Other,American,0.0,0,1,0,0,1,1,breakfast
0.0,0.0,44.0,62,125.0,5.0,USDA,10 FL OZ 100% JUICE - APPLE,11.19,0.0,11.19,0.0,Other,American,0.0,0,1,0,0,1,1,breakfast
0.0,0.0,41.0,63,0.0,10.0,USDA,10 FL OZ JUICE DRINK - FRUIT PUNCH,10.51,0.0,9.83,0.0,Other,American,0.0,0,1,0,0,1,1,snack
0.0,0.0,44.0,64,126.0,4.0,USDA,11.5 FL OZ 100% JUICE - APPLE,11.18,0.0,11.18,0.0,Other,American,0.0,0,1,0,0,1,1,breakfast
6.25,0.0,54.0,65,0.0,232.0,USDA,Pork Loin Boneless,0.0,58.0,0.0,18.75,Other,American,2.23,0,0,0,0,0,0,lunch
16.96,0.0,152.0,66,0.0,62.0,USDA,"PFN Pork Boneless Shoulder Butt 1/8"""" 2x4 VP MBG#406A",0.0,58.0,0.0,18.75,Other,American,5.36,0,1,0,0,0,0,lunch
6.25,0.0,54.0,67,0.0,232.0,USDA,Pork Loin Boneless Strap Off,0.0,58.0,0.0,18.75,Other,American,2.23,0,0,0,0,0,0,lunch
8.04,0.0,71.0,68,0.0,45.0,USDA,Pork Loin Strap Off,0.0,45.0,0.0,19.64,Other,American,3.12,0,1,0,0,0,0,lunch
2.23,0.0,18.0,69,0.0,482.0,USDA,Pork Tenderloin with Teriyaki Seasoning,0.0,54.0,1.79,17.86,Other,American,0.89,0,0,0,0,0,0,lunch
2.68,0.0,98.0,70,0.0,232.0,USDA,Pork Picnic Brisket Boneless,0.89,31.0,0.0,18.75,Other,American,0.89,0,0,0,0,0,0,lunch
8.93,0.0,80.0,71,0.0,304.0,USDA,Pork Loin Bone In Chops Frenched,0.0,49.0,0.0,18.75,Other,American,3.12,0,0,0,0,0,0,lunch
8.04,0.0,71.0,72,0.0,589.0,USDA,Pork Loin Filet with Applewood Smoked Bacon,2.68,58.0,1.79,19.64,Other,American,2.68,0,0,0,0,0,0,lunch
15.18,0.0,143.0,73,0.0,393.0,USDA,Pork Loin Backrib & Seasoning Cook In Bag,2.68,58.0,1.79,14.29,Other,American,6.25,0,0,0,0,0,0,lunch
6.25,0.0,54.0,74,0.0,232.0,USDA,Pork Loin Chop Boneless,0.0,58.0,0.0,18.75,Other,American,2.23,0,0,0,0,0,0,lunch
8.04,0.0,54.0,75,0.0,482.0,USDA,Pork Ham Boneless,0.0,58.0,0.0,17.86,Other,American,2.68,0,0,0,0,0,0,lunch
15.18,0.0,143.0,76,0.0,62.0,USDA,Pork Ham Steamship,0.89,62.0,0.0,15.18,Other,American,5.36,0,1,0,0,0,0,lunch
6.25,0.0,54.0,77,0.0,232.0,USDA,Pork Loin Boneless,0.0,58.0,0.0,18.75,Other,American,2.23,0,0,0,0,0,0,lunch
8.04,0.0,71.0,78,0.0,812.0,USDA,Pork Loin Bone In Chine Removed Chop with Smokey Apple Seasonings,1.79,58.0,0.0,16.96,Other,American,2.68,0,0,0,0,0,0,lunch
2.23,0.0,22.0,79,0.0,491.0,USDA,Pork Tenderloin with Peri Peri Seasonings Cook in Bag,3.57,54.0,0.0,17.86,Other,American,0.89,0,0,0,0,0,0,lunch
8.04,0.0,71.0,80,0.0,241.0,USDA,Pork Loin Center Rib Roast,0.0,58.0,0.0,17.86,Other,American,2.68,0,0,0,0,0,0,dinner
15.18,0.0,205.0,81,0.0,295.0,USDA,Pork Loin Backrib & Seasoning Cook In Bag,0.0,58.0,1.79,14.29,Other,American,6.25,0,0,0,0,0,0,lunch
2.23,0.0,18.0,82,0.0,121.0,USDA,Pork Loin Tenderloin,0.0,54.0,0.0,18.75,Other,American,0.89,0,1,0,0,0,0,lunch
6.25,0.0,54.0,83,0.0,232.0,USDA,Pork Loin Chop Bone In,0.0,58.0,0.0,18.75,Other,American,2.23,0,0,0,0,0,0,lunch
6.25,0.0,54.0,84,0.0,232.0,USDA,Pork Loin Boneless Strap Off,0.0,58.0,0.0,18.75,Other,American,2.23,0,0,0,0,0,0,lunch
2.23,0.0,18.0,85,0.0,482.0,USDA,Pork Tenderloin with Teriyaki Seasonings Cook in Bag,3.57,54.0,1.79,17.86,Other,American,0.89,0,0,0,0,0,0,lunch
8.93,0.0,80.0,86,0.0,304.0,USDA,Pork Loin Bone In Center Cut,0.0,49.0,0.0,17.86,Other,American,3.12,0,0,0,0,0,0,lunch
8.04,0.0,71.0,87,0.0,286.0,USDA,Pork Loin Bone In Center Cut,0.0,62.0,0.0,18.75,Other,American,2.68,0,0,0,0,0,0,lunch
15.18,0.0,143.0,88,0.0,295.0,USDA,Pork Loin Backrib & Seasoning Cook In Bag,0.0,58.0,1.79,14.29,Other,American,6.25,0,0,0,0,0,0,lunch
15.18,0.0,143.0,89,0.0,295.0,USDA,Pork Loin Backrib & Seasoning Cook In Bag,2.68,58.0,1.79,14.29,Other,American,6.25,0,0,0,0,0,0,lunch
8.04,0.0,71.0,90,0.0,589.0,USDA,Pork Loin Filet with Applewood Smoked Bacon,2.68,58.0,1.79,19.64,Other,American,2.68,0,0,0,0,0,0,lunch
6.25,0.0,54.0,91,0.0,232.0,USDA,Pork Loin Filet,0.0,58.0,0.0,18.75,Other,American,2.23,0,0,0,0,0,0,lunch
5.36,0.0,54.0,92,0.0,250.0,USDA,Boneless Half Loin (Netted),0.0,22.0,0.0,20.54,Other,American,1.79,0,0,0,0,1,1,lunch
2.23,0.0,18.0,93,0.0,121.0,USDA,Pork Loin Tenderloin,1.79,54.0,0.0,17.86,Other,American,0.89,0,1,0,0,0,0,lunch
6.25,0.0,54.0,94,0.0,232.0,USDA,Pork Loin Boneless,0.0,58.0,0.0,18.75,Other,American,2.23,0,0,0,0,0,0,lunch
8.93,0.0,80.0,95,0.0,304.0,USDA,Pork Loin Chop Porterhouse,0.0,49.0,0.0,17.86,Other,American,3.12,0,0,0,0,0,0,lunch
8.04,0.0,71.0,96,0.0,286.0,USDA,"Pork Loin Bone In Center Cut All Natural 1/8"""" Trim MBG#412C",0.0,62.0,0.0,18.75,Other,American,2.68,0,0,0,0,0,0,lunch
8.04,0.0,71.0,97,0.0,45.0,USDA,Pork Loin Bone In Center Cut False Lean Removed Chine Removed,0.0,45.0,0.0,19.64,Other,American,3.12,0,1,0,0,0,0,lunch
8.04,0.0,71.0,98,0.0,812.0,USDA,Pork Loin Bone In Chine Removed Chop with Jalapeno Seasonings,1.79,58.0,0.0,16.96,Other,American,2.68,0,0,0,0,0,0,lunch
15.18,0.0,143.0,99,0.0,62.0,USDA,Pork Ham Steamship,0.89,62.0,0.0,15.18,Other,American,5.36,0,1,0,0,0,0,lunch
8.93,0.0,161.0,100,0.0,304.0,USDA,Pork Loin Bone In Frenched,0.0,49.0,0.0,17.86,Other,American,3.12,0,0,0,0,0,0,lunch
6.25,0.0,54.0,101,0.0,232.0,USDA,Pork Loin Boneless,0.0,58.0,0.0,18.75,Other,American,2.23,0,0,0,0,0,0,lunch
17.86,0.0,223.0,102,0.0,205.0,USDA,Pork Loin Steak,0.0,54.0,0.0,14.29,Other,American,7.14,0,0,0,0,0,0,lunch
2.23,0.0,18.0,103,0.0,121.0,USDA,Pork Loin Tenderloin,1.79,54.0,0.0,17.86,Other,American,0.89,0,1,0,0,0,0,lunch
2.23,0.0,98.0,104,0.0,571.0,USDA,Pork Tenderloin with Cajun Style Seasonings Cook In Bag,2.68,54.0,0.0,17.86,Other,American,0.89,0,0,0,0,0,0,lunch
35.29,0.0,294.0,105,0.0,2941.0,USDA,Hardwood Smoked Honey Cured Center Cut Bacon-Layered-Gas Flushed 10/12 15#,0.0,59.0,0.0,35.29,Other,American,11.76,0,0,0,0,0,0,lunch
16.96,0.0,152.0,106,0.0,62.0,USDA,"Pork Ham Bone In, Skinless Defatted MBG#401",0.0,58.0,0.0,18.75,Other,American,5.36,0,1,0,0,0,0,lunch
16.96,0.0,152.0,107,0.0,62.0,USDA,"Pork Ham Bone In, Skinless Defatted MBG#401",0.0,58.0,0.0,18.75,Other,American,5.36,0,1,0,0,0,0,lunch
15.18,0.0,143.0,108,0.0,393.0,USDA,Pork Loin Backrib & Seasoning Cook In Bag,0.0,58.0,1.79,14.29,Other,American,6.25,0,0,0,0,0,0,lunch
3.75,2.5,71.0,109,62.0,371.0,USDA,CAMPBELL'S SOUP CHICKEN & DUMPLING,5.83,15.0,0.42,2.92,Other,American,0.83,0,0,0,0,0,0,lunch
0.62,1.2,46.0,110,446.0,171.0,USDA,CAMPBELL'S CHUNKY SOUP BEEF VEGETABLE,7.08,6.0,0.83,2.92,Other,American,0.42,0,0,0,0,0,0,lunch
13.11,0.0,205.0,111,218.0,549.0,USDA,"Chicken, FC SmartShapes NAE G'N'S Brd Brst Cutlet; avg 37/4.3 oz",9.02,45.0,0.82,13.11,Other,American,3.28,0,0,0,0,0,0,lunch
10.59,0.0,176.0,112,225.0,576.0,USDA,"Chicken, FC Country Krisp 8pc Cut, 1 bird/bag, 80 pc min",5.88,53.0,0.0,16.47,Other,American,2.94,0,0,0,0,0,0,lunch
11.76,0.0,188.0,113,189.0,518.0,USDA,"Chicken, FC Original Honey Touched 4pc, 9/18 oz avg",4.71,71.0,0.0,16.47,Other,American,2.94,0,0,0,0,0,0,lunch
9.59,0.0,178.0,114,225.0,575.0,USDA,"Chicken, FC Country Krisp Wingettes, 1st & 2nd Wing Portion",5.48,55.0,0.0,16.44,Other,American,2.74,0,0,0,0,0,0,lunch
14.86,0.0,216.0,115,189.0,554.0,USDA,"Chicken, CN, FC Country Good Seasoned Breast Pattie; avg 61/2.62 oz",5.41,54.0,0.0,16.22,Other,American,3.38,0,0,0,0,0,0,lunch
13.0,0.0,220.0,116,200.0,590.0,USDA,"Chicken, FC Gold'N'Spice Breaded Popcorn Chicken, Breast Fritters",13.0,35.0,1.0,14.0,Other,American,3.0,0,0,0,0,0,0,lunch
16.44,0.0,260.0,117,259.0,712.0,USDA,"Chicken, FC Original Honey Touched Paddles, 2nd Wing Only",5.48,96.0,0.0,21.92,Other,American,4.11,0,0,0,0,0,0,lunch
15.79,0.9,254.0,118,201.0,456.0,USDA,"Chicken, FC Brd Breast & Thigh Nuggets, Country Goodness avg 384",14.04,70.0,0.88,12.28,Other,American,3.95,0,0,0,0,0,0,lunch
14.61,0.0,213.0,119,170.0,865.0,USDA,"Chicken, FC Wing-Ditties, 1st and 2nd Wing Portion",5.62,73.0,0.0,14.61,Other,American,3.37,0,0,0,0,0,0,lunch
10.59,0.0,176.0,120,225.0,576.0,USDA,"Chicken, FC Country Krisp Jumbo 8 pc Cut, 1 bird/bag, 72 pc min",5.88,53.0,0.0,16.47,Other,American,2.94,0,0,0,0,0,0,lunch
13.6,0.0,208.0,121,218.0,552.0,USDA,"Chicken, FC SmartShapes G'N'S Brd Brst Strips; avg 145/1.1 oz",8.8,48.0,0.8,13.6,Other,American,3.2,0,0,0,0,0,0,lunch
13.13,0.0,222.0,122,201.0,596.0,USDA,"Chicken, FC  Zesty Brd Chik'N O's avg 228/.7 oz",13.13,35.0,1.01,14.14,Other,American,3.03,0,0,0,0,0,0,lunch
13.28,1.6,234.0,123,214.0,430.0,USDA,"Chicken, FC All Breast Breaded Nuggets; avg 256/.75 oz",14.84,59.0,0.78,13.28,Other,American,3.12,0,0,0,0,0,0,lunch
8.67,0.0,200.0,124,209.0,447.0,USDA,"Chicken, Fillet Fritter, Chicken Fried Chicken, Uncooked",17.33,37.0,1.33,13.33,Other,American,1.67,0,0,0,0,0,0,lunch
10.59,0.0,176.0,125,225.0,576.0,USDA,"Chicken, FC Country Krisp 9 pc Cut, Bulk Pack, Approx. 75 pc",5.88,53.0,0.0,16.47,Other,American,2.94,0,0,0,0,0,0,lunch
7.0,4.0,200.0,126,207.0,740.0,USDA,"Chicken, Crispy-Lishus Breaded Breast Tender Fritters, Uncooked",22.0,20.0,3.0,11.0,Other,American,1.5,1,0,1,0,0,0,lunch
13.6,0.0,208.0,127,218.0,552.0,USDA,"Chicken, FC SmartShapes G'N'S Brd Brst Strips; avg 145/1.1 oz",8.8,48.0,0.8,9.6,Other,American,3.2,0,0,0,0,0,0,lunch
88.24,0.0,141.0,128,0.0,482.0,USDA,"Chicken, FC Beer Battered Boneless Wing Fritters, Tappers",11.76,24.0,1.18,10.59,Other,American,1.18,0,0,0,0,0,0,lunch
12.77,2.1,234.0,129,285.0,372.0,USDA,"Chicken, FC CN Whole Grain Brd Christmas Tree Shaped Brst Nuggets, Seasonal",12.77,48.0,1.06,14.89,Other,American,3.19,0,0,0,0,0,0,lunch
2.0,0.0,100.0,130,359.0,135.0,USDA,"Chicken, Raw Farm Pantry Top Shelf Natural 7 oz. Fillet, Gluten Free",0.0,75.0,0.0,21.0,Other,American,0.5,0,1,0,0,0,0,lunch
9.8,4.9,225.0,131,202.0,441.0,USDA,"Chicken, Southern-Style Tender Fritters, Uncooked",21.57,25.0,2.94,11.76,Other,American,1.47,1,0,1,0,0,0,lunch
11.76,0.0,188.0,132,189.0,518.0,USDA,"Chicken, FC Original Honey Touched 8 pc Cut, 1 bird/bag, 80 pc min",4.71,71.0,0.0,16.47,Other,American,2.94,0,0,0,0,0,0,lunch
2.21,0.0,106.0,133,301.0,274.0,USDA,"Chicken, Ready to Cook, RWA, Natural, Farm PantryTop Shelf 4 oz. Fillet",0.0,66.0,0.0,20.35,Other,American,0.44,0,0,0,0,0,0,lunch
13.0,0.0,210.0,134,218.0,550.0,USDA,"Chicken, FC SmartShapes G'N'S Brd Brst Cutlet; avg 43/3.7 oz",9.0,45.0,1.0,13.0,Other,American,3.0,0,0,0,0,0,0,lunch
13.21,0.0,208.0,135,218.0,547.0,USDA,"Chicken, FC SmartShapes G'N'S Brd Brst Cutlet; avg 28/5.6 oz",8.81,47.0,0.63,13.21,Other,American,3.14,0,0,0,0,0,0,lunch
14.29,0.0,214.0,136,170.0,857.0,USDA,"Chicken, FC Wing-Ditties, Whole Wings",5.71,71.0,0.0,14.29,Other,American,3.57,0,0,0,0,0,0,lunch
13.76,1.8,229.0,137,288.0,376.0,USDA,"Chicken, FC CN Whole Grain Breaded Chik'N Giggles; avg 83/1.93 oz.",12.84,46.0,0.92,14.68,Other,American,2.75,0,0,0,0,0,0,lunch
1.5,0.0,100.0,138,311.0,340.0,USDA,"Chicken, FC Bnls/Skls, Easy Gourmet Classic Savory Brst Fillet; avg 32/5 oz No Gluten Added",1.0,70.0,0.0,22.0,Other,American,0.0,0,0,0,0,0,0,lunch
2.0,0.0,100.0,139,401.0,290.0,USDA,"Chicken, Raw IQF Boneless Skinless Breast Fillet, 8 oz. Natural, Gluten Free",0.0,60.0,0.0,19.0,Other,American,0.0,0,0,0,0,0,0,lunch
10.96,0.0,192.0,140,189.0,521.0,USDA,"Chicken, FC Original Honey Touched Drumettes, 1st Wing Only",4.11,68.0,0.0,16.44,Other,American,3.42,0,0,0,0,0,0,lunch
14.12,0.0,188.0,141,245.0,647.0,USDA,"Chicken, FC Country Good Italian All Breast Pattie; avg 53/3 oz",0.0,76.0,0.0,15.29,Other,American,3.53,0,0,0,0,0,0,lunch
10.99,0.0,176.0,142,298.0,670.0,USDA,"Chicken, FC SmartShapes Italian Glzd Grld Brst Strip; avg 200/.8 oz",1.1,71.0,2.2,19.78,Other,American,2.2,0,0,0,0,0,0,lunch
2.0,0.0,120.0,143,321.0,820.0,USDA,"Chicken, FC Bnls/Skls, Easy Gourmet Classic Italian Brst Fillet; avg 46/3.5 oz",5.0,60.0,1.0,20.0,Other,American,0.5,0,0,0,0,0,0,lunch
12.94,0.0,212.0,144,218.0,553.0,USDA,"Chicken, FC SmartShapes G'N'S Brd Brst Strips; avg 106/1.5 oz",8.24,47.0,1.18,12.94,Other,American,2.94,0,0,0,0,0,0,lunch
14.0,0.0,200.0,145,165.0,540.0,USDA,"Chicken, FC Ovenable Unbreaded Chicken Wingettes No Gluten added",2.0,105.0,0.0,17.0,Other,American,3.5,0,0,0,0,0,0,lunch
13.13,0.0,222.0,146,201.0,596.0,USDA,"Chicken, FC Gold'N'Spice Brd Chik'N O's avg 228/.7 oz",13.13,35.0,1.01,14.14,Other,American,3.03,0,0,0,0,0,0,lunch
12.33,1.4,219.0,147,197.0,986.0,USDA,"Chicken, FC Inferno Wings Wingettes, 1st & 2nd Wing Portions",10.96,68.0,1.37,15.07,Other,American,2.74,0,0,0,0,0,0,lunch
14.13,2.2,250.0,148,165.0,565.0,USDA,"Chicken, FC CN Chick-Licious Brst Patties; avg 49/3.25 oz",14.13,38.0,0.0,14.13,Other,American,3.26,0,0,0,0,0,0,lunch
9.0,0.0,190.0,149,233.0,550.0,USDA,"Chicken, FC Breaded Southern Select Breast Fillet 4oz.",14.0,45.0,2.0,15.0,Other,American,1.5,0,0,0,0,0,0,lunch
0.88,0.0,82.0,150,0.0,400.0,USDA,"Chicken, Bnls/Skls, Raw Easy Prep Farm Pantry 6 oz. Fillet, Gluten Free",0.0,50.0,0.0,20.0,Other,American,0.29,0,0,0,0,0,0,lunch
9.28,0.0,216.0,151,206.0,742.0,USDA,"Chicken,FC Chik'N Gone Wild Brd Bnls Wing w/Real Kentucky Bourbon",21.65,31.0,8.25,11.34,Other,American,1.55,0,0,0,0,0,0,lunch
11.76,0.0,188.0,152,189.0,518.0,USDA,"Chicken, Fully Cooked Original Honey Touched 3 pc No Wing, 17 oz. Avg, / 10 servings",4.71,71.0,0.0,16.47,Other,American,2.94,0,0,0,0,0,0,lunch
13.48,2.2,236.0,153,288.0,382.0,USDA,"Chicken, FC CN Whole Grain Breaded Breast Patties; avg 51/3.15 oz",13.48,45.0,1.12,14.61,Other,American,2.81,0,0,0,0,0,0,lunch
10.0,1.0,210.0,154,241.0,590.0,USDA,Perfect Answers NAE Panko Portioned Tender,13.0,40.0,0.0,15.0,Other,American,2.0,0,0,0,0,1,1,lunch
10.59,0.0,188.0,155,466.0,388.0,USDA,"Chicken, FC Healthy Answers NAE Grilled Brst Cutlet avg 64/3 oz",3.53,82.0,0.0,17.65,Other,American,3.53,0,0,0,0,0,0,dinner
15.38,3.8,462.0,156,115.0,846.0,USDA,PEPPERIDGE FARM CRACKERS CHEDDAR JACK,69.23,19.0,3.85,11.54,Other,American,3.85,1,0,0,0,1,1,snack
28.57,0.0,571.0,157,107.0,714.0,USDA,PEPPERIDGE FARM COOKIES BUTTER PECAN,67.86,89.0,35.71,7.14,Other,American,16.07,0,0,0,0,1,0,snack
17.86,3.6,429.0,158,393.0,54.0,USDA,Sun-Maid Vanilla Yogurt Covered Raisins 6-Pack/1 oz Cartons,67.86,0.0,60.71,3.57,Other,American,17.86,0,1,0,0,1,0,snack
0.0,0.0,29.0,159,8.0,8.0,USDA,V8 SPLASH BEVERAGE ORANGE PINEAPPLE,7.08,0.0,6.67,0.0,Other,American,0.0,0,1,0,0,1,1,lunch
0.0,7.5,250.0,160,725.0,0.0,USDA,Sun-Maid California Pitted Prunes 16 oz Canister,65.0,0.0,37.5,2.5,Other,American,0.0,0,1,0,1,1,1,lunch
47.62,0.0,571.0,161,0.0,2190.0,USDA,Naturally Hickory Smoked The Original 24/1 LB. Sliced Bacon,0.0,71.0,0.0,38.1,Other,American,16.67,0,0,0,0,0,0,lunch
0.0,5.0,300.0,162,750.0,25.0,USDA,Sun-Maid California Mixed Jumbo Raisins 12 oz Bag,77.5,0.0,65.0,2.5,Other,American,0.0,0,1,0,1,1,1,lunch
47.62,0.0,571.0,163,0.0,2190.0,USDA,Naturally Hickory Smoked The Original 8X3/1 LB. Sliced Bacon,0.0,71.0,0.0,38.1,Other,American,16.67,0,0,0,0,0,0,lunch
20.0,3.3,433.0,164,400.0,50.0,USDA,Sun-Maid Vanilla Yogurt Flavored Raisins 8 oz Bag,70.0,0.0,60.0,3.33,Other,American,16.67,0,1,0,0,1,0,snack
0.0,5.0,300.0,165,775.0,25.0,USDA,Sun-Maid California Sun-Dried Raisins 2 lb Bag,77.5,0.0,72.5,2.5,Other,American,0.0,0,1,0,1,1,1,lunch
15.18,0.0,205.0,166,0.0,571.0,USDA,Pork Shoulder Roast Boneless with Green Chili with Lime Seasoning,1.79,58.0,0.0,14.29,Other,American,5.36,0,0,0,0,0,0,dinner
20.0,3.3,433.0,167,567.0,67.0,USDA,Sun-Maid Dark Chocolate Yogurt Flavored Raisins 7 oz Bag,66.67,0.0,53.33,6.67,Other,American,16.67,0,1,0,0,1,0,snack
0.0,5.3,316.0,168,737.0,26.0,USDA,Sun-Maid California Sun-Dried Raisins 6-Pack/1.33 oz. Cartons,78.95,0.0,63.16,2.63,Other,American,0.0,0,1,0,1,1,1,lunch
0.0,0.0,19.0,169,63.0,21.0,USDA,V8 HYDRATE BEVERAGE PINEAPPLE MANGO,4.64,0.0,4.22,0.0,Other,American,0.0,0,1,0,0,1,1,lunch
0.0,5.0,300.0,170,775.0,25.0,USDA,Sun-Maid California Sun-Dried Raisins 9 oz Box,80.0,0.0,72.5,2.5,Other,American,0.0,0,1,0,1,1,1,lunch
25.93,3.7,444.0,171,296.0,222.0,USDA,PEPPERIDGE FARM COOKIES DARK CHOCOLATE,59.26,0.0,33.33,3.7,Other,American,11.11,0,0,0,0,1,1,snack
0.0,7.5,250.0,172,1200000.0,0.0,USDA,Sun-Maid Mediterranean Apricots 15 oz Canister,55.0,0.0,35.0,2.5,Other,American,0.0,0,1,0,1,1,1,lunch
0.0,5.0,300.0,173,750.0,25.0,USDA,Sun-Maid California Golden Raisins 15 oz Box,77.5,0.0,65.0,2.5,Other,American,0.0,0,1,0,1,1,1,lunch
0.0,7.1,321.0,174,714.0,0.0,USDA,Sun-Maid California Sun-Dried Raisins 0.5 oz Cartons - Case of 300,78.57,0.0,64.29,0.0,Other,American,0.0,0,1,0,1,1,1,lunch
17.39,0.0,435.0,175,0.0,152.0,USDA,CHOCOLATE CHIP COOKIES,60.87,22.0,13.04,4.35,Other,American,6.52,0,0,0,0,1,1,snack
0.0,1.4,64.0,176,171.0,0.0,USDA,"MIXED FRUIT MEDLEY FRESHLY FROZEN STRAWBERRIES, PEACHES, PINEAPPLE & MANGO, MIXED FRUIT MEDLEY",15.0,0.0,12.14,0.71,Other,American,0.0,0,1,0,0,1,1,snack
66.67,6.7,667.0,177,0.0,0.0,USDA,WALNUT HALVES & PIECES,13.33,0.0,3.33,16.67,Other,American,6.67,1,1,1,0,1,1,snack
6.41,6.4,192.0,178,0.0,308.0,USDA,"CALIFORNIA VEGGIE POCKETS, ALL NATURAL, ALL NATURAL",28.21,0.0,2.56,6.41,Other,American,0.0,1,0,1,0,1,0,breakfast
0.4,8.3,166.0,179,0.0,5166.0,USDA,"LEMON FLAVORED SALTED PLUM, LEMON, LEMON",33.14,0.0,16.57,2.17,Other,American,0.0,0,0,0,0,1,1,lunch
0.39,7.2,231.0,180,0.0,1844.0,USDA,SWEET & SOUR FLAVORED SALTED PLUM,53.84,0.0,46.13,1.08,Other,American,0.0,0,0,0,0,1,1,lunch
59.9,6.7,626.0,181,0.0,0.0,USDA,WALNUT BUTTER,19.97,0.0,3.33,16.64,Other,American,6.66,1,1,1,0,1,0,snack
32.14,10.7,536.0,182,1143.0,411.0,USDA,"ORIGINAL REAL VEGETABLE CHIPS, ORIGINAL",57.14,0.0,7.14,3.57,Other,American,1.79,0,0,0,0,1,1,snack
25.0,10.7,464.0,183,0.0,321.0,USDA,MULTI-GRAIN TORTILLA CHIPS,53.57,0.0,0.0,7.14,Other,American,1.79,1,0,0,0,1,1,snack
0.4,1.6,56.0,184,153.0,12.0,USDA,"APPLE, CARROT & SQUASH ORGANIC FRUIT & VEGETABLE PUREE, APPLE, CARROT & SQUASH",12.0,0.0,5.6,0.8,Other,American,0.0,0,1,0,0,1,1,snack
35.21,7.0,493.0,185,0.0,28.0,USDA,BLUE ALGAE NUT BUTTER,28.17,0.0,7.04,21.13,Other,American,7.04,0,1,0,0,1,0,snack
35.21,7.0,486.0,186,0.0,7.0,USDA,BERRY ANTIOXIDANT NUT BUTTER,35.21,0.0,14.08,14.08,Other,American,7.04,0,1,0,0,1,0,snack
35.71,0.0,357.0,187,0.0,357.0,USDA,"ORIGINAL CREAM CHEESE, ORIGINAL",7.14,107.0,7.14,7.14,Other,American,25.0,0,0,0,0,1,0,lunch
3.33,2.2,378.0,188,378.0,0.0,USDA,"100% WHOLE GRAIN INSTANT BROWN RICE, WHOLE GRAIN",77.78,0.0,0.0,8.89,Other,American,0.0,0,1,0,1,1,1,dinner
26.79,0.0,304.0,189,0.0,1018.0,USDA,"ORIGINAL HARDWOOD SMOKED COCKTAIL SMOKIES, ORIGINAL HARDWOOD SMOKED",3.57,62.0,1.79,21.43,Other,American,8.93,0,0,0,0,1,1,lunch
0.0,0.9,85.0,190,0.0,0.0,USDA,PINEAPPLE CHUNKS IN HEAVY SYRUP,20.94,0.0,20.09,0.43,Other,American,0.0,0,1,0,0,1,1,lunch
0.0,2.1,42.0,191,156.0,26.0,USDA,"SUGAR SNAP STIR-FRY WITH SUGAR SNAP PEAS, CARROTS, ONIONS, & SLICED MUSHROOMS, SUGAR SNAP STIR-FRY",8.33,0.0,4.17,1.04,Other,American,0.0,0,1,0,1,1,1,lunch
8.33,3.3,433.0,192,0.0,267.0,USDA,"7 ANCIENT GRAINS RICE CRACKERS WITH SEA SALT, SEA SALT",80.0,0.0,0.0,6.67,Other,American,0.0,1,0,0,1,1,1,dinner
0.0,2.2,378.0,193,22.0,0.0,USDA,INSTANT WHITE RICE,82.22,0.0,0.0,8.89,Other,American,0.0,0,1,0,1,1,1,dinner
6.67,0.0,400.0,194,0.0,267.0,USDA,TITA CRACKERS,80.0,0.0,20.0,6.67,Other,American,0.0,0,0,0,0,1,1,snack
10.0,0.0,467.0,195,0.0,300.0,USDA,"TREATS CRACKERS, VANILLA FLAVORED",80.0,0.0,20.0,6.67,Other,American,0.0,0,0,0,0,1,1,snack
10.0,0.0,467.0,196,0.0,300.0,USDA,ALMONDS TREATS CRACKERS,80.0,0.0,20.0,6.67,Other,American,0.0,0,0,0,0,1,1,snack
10.0,0.0,467.0,197,0.0,300.0,USDA,"TREATS CRACKERS, CINNAMON, CINNAMON",80.0,0.0,20.0,6.67,Other,American,0.0,0,0,0,0,1,1,snack
7.14,0.0,134.0,198,0.0,295.0,USDA,"93% LEAN | 7% FAT TURKEY BURGER PATTIES, TURKEY",0.0,71.0,0.0,19.64,Other,American,2.68,0,0,0,0,0,0,lunch
4.71,0.5,115.0,199,0.0,419.0,USDA,SELECTS LASAGNA WITH MEAT SAUCE,13.61,8.0,3.14,4.71,Other,American,2.09,0,0,0,0,0,0,lunch
10.0,2.2,200.0,200,0.0,89.0,USDA,"ALMOND DREAM, NON-DAIRY FROZEN DESSERT, CHOCOLATE, CHOCOLATE",26.67,0.0,18.89,2.22,Other,American,1.11,0,1,0,1,1,1,lunch
16.07,3.6,464.0,201,189.0,429.0,USDA,"OATMEAL RAISIN WITH WALNUTS SOFTBAKED COOKIES, OATMEAL RAISIN WITH WALNUTS",64.29,36.0,35.71,3.57,Other,American,7.14,0,0,0,0,1,1,dinner
5.0,0.0,350.0,202,0.0,425.0,USDA,"FIG BARS, FIG",70.0,0.0,35.0,5.0,Other,American,2.5,0,0,0,0,1,1,snack
28.22,3.5,529.0,203,0.0,723.0,USDA,"SOUR CREAM & ONION POTATO CHIPS, SOUR CREAM & ONION",59.96,0.0,3.53,7.05,Other,American,5.29,1,0,0,0,1,0,snack
0.0,7.5,325.0,204,0.0,0.0,USDA,CALIFORNIA WHOLE PITTED DATES,75.0,0.0,62.5,2.5,Other,American,0.0,0,1,0,1,1,1,lunch
0.0,0.0,88.0,205,0.0,2706.0,USDA,TERIYAKI SAUCE,11.76,0.0,11.76,5.88,Other,American,0.0,0,0,0,0,1,1,lunch
2.78,4.4,256.0,206,0.0,544.0,USDA,"WHEAT SUB ROLLS, WHEAT SUB",51.11,0.0,5.56,10.0,Other,American,1.11,0,0,0,0,1,1,lunch
0.0,0.0,250.0,207,0.0,0.0,USDA,GARDEN VEGETABLE DIP MIX,50.0,0.0,0.0,0.0,Other,American,0.0,0,1,0,0,1,1,lunch
2.43,1.0,165.0,208,0.0,549.0,USDA,ORANGE CHICKEN FRIED RICE,28.64,7.0,3.4,4.37,Other,American,0.49,0,0,0,0,0,0,dinner
3.06,1.0,168.0,209,0.0,500.0,USDA,BROCCOLI BEEF FRIED RICE,23.47,8.0,2.04,3.57,Other,American,1.02,0,0,0,0,0,0,dinner
3.57,3.6,179.0,210,0.0,679.0,USDA,THE GOOD HEALTH CHEESE ALTERNATIVE,10.71,0.0,0.0,25.0,Other,American,0.0,1,0,1,0,1,0,lunch
20.0,0.0,467.0,211,0.0,100.0,USDA,"LEMON TARTLETS, LEMON, LEMON",66.67,67.0,46.67,6.67,Other,American,10.0,0,1,0,0,1,1,lunch
3.57,3.6,393.0,212,0.0,1036.0,USDA,BAKED PRETZEL RODS,82.14,0.0,3.57,10.71,Other,American,0.0,1,0,0,0,1,1,dinner
2.08,0.0,333.0,213,0.0,500.0,USDA,DESSERT SHELLS,75.0,62.0,41.67,4.17,Other,American,0.0,0,0,0,0,1,1,lunch
16.67,3.3,467.0,214,0.0,867.0,USDA,"CHICKEN FLAVORED SNACK CRACKERS, CHICKEN",70.0,0.0,10.0,6.67,Other,American,0.0,0,0,0,0,0,0,snack
30.77,3.8,538.0,215,0.0,346.0,USDA,"FUDGE PEANUT BUTTER FILLED COOKIES, FUDGE PEANUT BUTTER",57.69,0.0,30.77,7.69,Other,American,15.38,0,0,0,0,1,0,snack
27.27,3.0,515.0,216,0.0,242.0,USDA,"ORIGINAL CHOCOLATE CHIP COOKIES, ORIGINAL CHOCOLATE CHIP",66.67,0.0,30.3,3.03,Other,American,7.58,0,0,0,0,1,1,snack
28.57,0.0,357.0,217,0.0,821.0,USDA,"HAVARTI CHEESE, HAVARTI",3.57,89.0,0.0,21.43,Other,American,17.86,0,0,0,0,1,0,lunch
8.82,0.0,132.0,218,0.0,824.0,USDA,"MEDIUM SALSA CON QUESO, MEDIUM",8.82,15.0,2.94,2.94,Other,American,2.94,0,0,0,0,1,1,lunch
0.0,0.0,61.0,219,0.0,758.0,USDA,"GEORGIA MUSTARD BBQ SAUCE, GEORGIA MUSTARD",15.15,0.0,9.09,0.0,Other,American,0.0,0,0,0,0,1,1,lunch
0.0,6.2,77.0,220,0.0,200.0,USDA,"REFRIED BLACK BEANS WITH ROASTED RED JALAPENO, ROASTED RED JALAPENO",13.85,0.0,0.77,4.62,Other,American,0.0,1,0,1,1,1,1,dinner
4.26,8.5,277.0,221,234.0,532.0,USDA,SPROUTED FAJITA SIZE TORTILLAS,48.94,0.0,2.13,10.64,Other,American,0.0,1,0,0,0,1,1,lunch
10.62,0.0,177.0,222,0.0,80.0,USDA,ORGANIC GROUND CHICKEN,0.88,84.0,0.0,18.58,Other,American,2.65,0,1,0,0,0,0,lunch
37.21,7.0,581.0,223,0.0,0.0,USDA,"72% COCOA CREME FILLED DARK CHOCOLATE, RASPBERRY ORANGE",55.81,0.0,39.53,4.65,Other,American,20.93,0,1,0,0,1,1,lunch
0.0,1.6,33.0,224,0.0,885.0,USDA,"EL MEXICANO, SALSA VERDE, MEXICAN GREEN SAUCE",6.56,0.0,3.28,1.64,Other,American,0.0,0,0,0,0,1,1,lunch
20.0,0.0,273.0,225,0.0,709.0,USDA,"PORK IN BBQ SAUCE, BBQ",9.09,55.0,5.45,12.73,Other,American,6.36,0,0,0,0,0,0,lunch
10.23,1.1,239.0,226,273.0,142.0,USDA,"BROWNIE BLAST VANILLA FROZEN DAIRY DESSERT SWIRLED WITH BROWNIES & FUDGE, BROWNIE BLAST",34.09,23.0,23.86,4.55,Other,American,3.98,0,0,0,0,1,1,lunch
3.8,8.7,207.0,227,152.0,147.0,USDA,"FRUIT & OATMEAL, PEACHES &VANILLA WALNUT",38.04,0.0,14.13,4.35,Other,American,0.54,0,0,0,1,1,1,snack
10.62,1.8,319.0,228,142.0,770.0,USDA,"SHELLS & CHEDDAR DELUXE MACARONI & CHEESE, SHELLS & CHEDDAR",45.13,13.0,3.54,10.62,Other,American,2.21,0,0,0,0,1,0,lunch
18.52,3.7,481.0,229,344.0,111.0,USDA,"DARK CHOCOLATE CREME FILLED WAFERS, DARK CHOCOLATE",70.37,0.0,40.74,3.7,Other,American,9.26,0,1,0,0,1,1,lunch
0.61,1.2,41.0,230,151.0,282.0,USDA,"MINESTRONE SOUP, MINESTRONE",6.94,0.0,1.63,1.63,Other,American,0.0,0,0,0,0,1,1,lunch
12.64,1.1,230.0,231,0.0,98.0,USDA,"CHOCO MINT CHIP PREMIUM ICE CREAM, CHOCO MINT CHIP",26.44,34.0,19.54,3.45,Other,American,8.05,0,1,0,0,1,0,snack
10.71,7.1,429.0,232,0.0,536.0,USDA,"LENTIL CRACKERS, CRACKED PEPPER, CRACKED PEPPER",71.43,0.0,3.57,17.86,Other,American,5.36,1,0,0,0,1,1,snack
0.0,0.0,4.0,233,0.0,238.0,USDA,"VEGETABLE STOCK, VEGETABLE",0.83,0.0,0.83,0.0,Other,American,0.0,0,0,0,0,1,1,lunch
26.67,0.0,267.0,234,0.0,1567.0,USDA,ITALIAN DRESSING,10.0,0.0,6.67,0.0,Other,American,3.33,0,0,0,0,1,1,lunch
1.43,2.9,357.0,235,0.0,629.0,USDA,"MACARONI & CHEESE DINNER, ORIGINAL",72.86,0.0,10.0,12.86,Other,American,0.0,0,0,0,0,1,0,lunch
0.71,2.9,57.0,236,54.0,0.0,USDA,BLUEBERRIES,12.14,0.0,8.57,0.71,Other,American,0.0,0,1,0,1,1,1,lunch
9.84,1.6,230.0,237,0.0,115.0,USDA,"STUFF'D """"ORIGINAL"""" MOOSE TRACKS FROZEN DAIRY DESSERT, """"ORIGINAL"""" MOOSE TRACKS",34.43,8.0,24.59,3.28,Other,American,4.92,0,1,0,0,1,1,lunch
0.38,4.6,108.0,238,0.0,308.0,USDA,"MAPLE BAKED BEANS, MAPLE",21.54,0.0,7.69,5.38,Other,American,0.0,0,0,0,0,1,1,dinner
16.07,0.0,250.0,239,0.0,679.0,USDA,FRESCO CHEESE,7.14,71.0,0.0,21.43,Other,American,7.14,0,0,0,0,1,0,lunch
21.43,0.0,286.0,240,0.0,750.0,USDA,QUESO FRESCO CHEESE,3.57,71.0,3.57,21.43,Other,American,14.29,0,0,0,0,1,0,lunch
0.0,1.8,53.0,241,0.0,58.0,USDA,"NONFAT YOGURT, STRAWBERRY",8.85,4.0,6.19,3.54,Other,American,0.0,0,1,0,0,1,0,snack
0.0,0.9,22.0,242,0.0,108.0,USDA,PETITE DICED TOMATOES,4.31,0.0,2.59,0.86,Other,American,0.0,0,1,0,0,1,1,lunch
0.0,1.6,32.0,243,0.0,63.0,USDA,"TOMATO PUREE, TOMATO",6.35,0.0,4.76,1.59,Other,American,0.0,0,1,0,0,1,1,lunch
0.0,1.7,34.0,244,0.0,101.0,USDA,"BASIL, GARLIC & OREGANO CHUNKY CRUSHED TOMATOES, BASIL, GARLIC & OREGANO",6.72,0.0,3.36,0.84,Other,American,0.0,0,1,0,0,1,1,lunch
0.0,6.2,85.0,245,0.0,338.0,USDA,AUTHENTIC REFRIED BEANS,14.62,0.0,0.77,5.38,Other,American,0.0,1,0,1,0,1,1,lunch
1.56,3.1,62.0,246,0.0,422.0,USDA,"PIZZA SAUCE, PEPPERONI FLAVORED, PEPPERONI FLAVORED",9.38,0.0,6.25,3.12,Other,American,0.0,0,0,0,0,1,1,lunch
2.97,0.0,89.0,247,356.0,396.0,USDA,"GORTON'S, CAJUN GRILLED FILLETS",0.99,50.0,0.0,14.85,Other,American,0.5,0,0,0,0,1,1,dinner
0.78,1.6,94.0,248,0.0,406.0,USDA,SLOPPY JOE SAUCE,20.31,0.0,15.62,1.56,Other,American,0.0,0,0,0,0,1,1,lunch
0.0,0.8,29.0,249,0.0,125.0,USDA,"BASIL, GARLIC & OREGANO ITALIAN STYLE DICED TOMATOES, BASIL, GARLIC & OREGANO",5.83,0.0,4.17,0.83,Other,American,0.0,0,1,0,0,1,1,lunch
9.38,0.8,234.0,250,0.0,391.0,USDA,"BURRITOS, EGG, APPLEWOOD SMOKED BACON & CHEESE",28.12,59.0,0.78,8.59,Other,American,2.73,0,0,0,0,0,0,breakfast
0.0,0.0,400.0,251,0.0,0.0,USDA,CONFECTIONERS POWDERED SUGAR,100.0,0.0,100.0,0.0,Other,American,0.0,0,1,0,0,1,1,lunch
0.0,0.0,375.0,252,0.0,0.0,USDA,"LIGHT BROWN SUGAR, LIGHT BROWN",100.0,0.0,100.0,0.0,Other,American,0.0,0,1,0,0,1,1,lunch
40.62,6.2,531.0,253,0.0,109.0,USDA,PEANUT BUTTER BLENDED WITH DARK CHOCOLATE,37.5,0.0,21.88,18.75,Other,American,7.81,0,1,0,0,1,0,snack
17.86,7.1,429.0,254,0.0,89.0,USDA,"ORGANIC MORNING FRUIT & NUT GRANOLA MIX, PURPLE BERRY RAISIN",64.29,0.0,17.86,10.71,Other,American,1.79,0,1,0,1,1,1,snack
1.28,2.6,83.0,255,173.0,3.0,USDA,"ORGANIC MORNING SUPERGRAIN SMOOTHIE, PEAR PINEAPPLE",15.38,0.0,8.97,2.56,Other,American,0.0,0,1,0,1,1,1,breakfast
2.38,4.8,381.0,256,0.0,167.0,USDA,"MORNING MULTILINGUAL CRUNCH BITES, PURPLE BERRY & CARROT",85.71,0.0,28.57,4.76,Other,American,0.0,0,0,0,1,1,1,lunch
4.17,0.0,167.0,257,0.0,694.0,USDA,"SPINACH SALAD DRESSING, SPINACH SALAD",30.56,0.0,27.78,0.0,Other,American,0.0,0,0,0,0,1,1,lunch
53.33,0.0,500.0,258,0.0,867.0,USDA,"CHUNKY BLUE CHEESE DRESSING, CHUNKY BLUE CHEESE",3.33,50.0,3.33,3.33,Other,American,10.0,0,0,0,0,1,0,lunch
33.33,0.0,400.0,259,0.0,667.0,USDA,"COLBY-JACK NATURAL CHEESE CUBES SNACKS, COLBY-JACK",3.33,100.0,0.0,23.33,Other,American,20.0,0,0,0,0,1,0,snack
26.79,0.0,321.0,260,0.0,875.0,USDA,"SMOKED SKINLESS SAUSAGE, SMOKED",7.14,62.0,7.14,10.71,Other,American,10.71,0,0,0,0,0,0,lunch
1.79,3.6,375.0,261,0.0,36.0,USDA,"TRI-COLOR PASTA 100% SEMOLINA PLAIN, SUNDRIED TOMATO & SPINACH",75.0,0.0,5.36,12.5,Other,American,0.0,0,1,0,1,1,1,dinner
4.42,0.0,106.0,262,124.0,319.0,USDA,LARGE CURD COTTAGE CHEESE,4.42,22.0,3.54,11.5,Other,American,3.1,0,0,0,0,1,0,lunch
6.15,4.6,400.0,263,0.0,538.0,USDA,"CINNA-APPLE WALNUT INSTANT HOT CEREAL, CINNA-APPLE WALNUT",78.46,0.0,33.85,4.62,Other,American,0.77,0,0,0,0,1,1,snack
3.53,0.0,88.0,264,206.0,65.0,USDA,"VANILLA WHOLE MILK YOGURT, VANILLA",8.82,15.0,8.24,4.12,Other,American,2.06,0,1,0,0,1,0,snack
8.2,11.5,393.0,265,372.0,0.0,USDA,"BROWN SUGAR AND MAPLE WITH FLAX & CHIA GLUTEN FREE OATMEAL, BROWN SUGAR AND MAPLE",0.0,0.0,16.39,11.48,Other,American,1.64,0,1,0,1,1,1,breakfast
3.57,0.0,393.0,266,0.0,1000.0,USDA,"BIRTHDAY CAKE INSTANT PUDDING WITH SPRINKLES PACKET, BIRTHDAY CAKE",89.29,0.0,78.57,0.0,Other,American,3.57,0,0,0,0,1,1,lunch
5.36,0.0,393.0,267,0.0,1000.0,USDA,"COOKIE DOUGH INSTANT PUDDING WITH CHOCOLATE CHIP PACKET, COOKIE DOUGH",89.29,0.0,75.0,0.0,Other,American,3.57,0,0,0,0,1,1,snack
3.57,0.0,393.0,268,0.0,1000.0,USDA,"INSTANT PUDDING, MARSHMALLOW CHOCOLATE CHIP",89.29,0.0,78.57,0.0,Other,American,1.79,0,0,0,0,1,1,snack
2.0,0.0,400.0,269,300.0,260.0,USDA,"CHOCOLATE DRINK MIX, CHOCOLATE",88.0,0.0,76.0,4.0,Other,American,0.0,0,0,0,0,1,1,lunch
2.0,0.0,400.0,270,300.0,260.0,USDA,"CHOCOLATE DRINK MIX, CHOCOLATE",88.0,0.0,76.0,4.0,Other,American,0.0,0,0,0,0,1,1,lunch
12.12,0.0,242.0,271,0.0,91.0,USDA,"CHOCOLATE CHIP COOKIE DOUGH CHUNKS OF REAL CHOCOLATE CHIP COOKIE DOUGH AND RICH FUDGE CHUNKS IN FLAVORED VANILLA ICE CREAM, CHOCOLATE CHIP COOKIE DOUGH",31.82,45.0,22.73,3.03,Other,American,7.58,0,1,0,0,1,0,snack
9.09,0.0,182.0,272,0.0,68.0,USDA,"STRAWBERRIES & CREAM OLD FASHIONED ICE CREAM, STRAWBERRIES & CREAM",25.76,38.0,19.7,3.03,Other,American,5.3,0,1,0,0,1,0,lunch
10.61,0.0,212.0,273,0.0,83.0,USDA,"VANILLA FLAVORED OLD FASHIONED FROZEN CUSTARD, VANILLA",27.27,76.0,18.18,3.03,Other,American,6.06,0,1,0,0,1,1,lunch
0.0,16.7,333.0,274,0.0,4333.0,USDA,"TACO SEASONING MIX, TACO",66.67,0.0,0.0,0.0,Other,American,0.0,1,0,0,0,1,1,lunch
0.0,3.3,33.0,275,0.0,383.0,USDA,GREEN CHILE SAUCE,6.67,0.0,3.33,3.33,Other,American,0.0,1,0,1,0,1,1,lunch
0.0,0.0,357.0,276,0.0,4286.0,USDA,"GLUTEN FREE TURKEY FLAVORED GRAVY MIX, TURKEY",71.43,0.0,28.57,0.0,Other,American,0.0,0,0,0,0,0,0,lunch
0.0,0.0,357.0,277,0.0,4714.0,USDA,BROWN GRAVY MIX,71.43,0.0,28.57,0.0,Other,American,0.0,0,0,0,0,1,1,lunch
4.29,5.7,257.0,278,171.0,400.0,USDA,SWEET MULTIGRAIN ROLLS,42.86,0.0,8.57,11.43,Other,American,0.0,0,0,0,0,1,1,lunch
0.0,1.2,18.0,279,0.0,59.0,USDA,EASY LEAVES PETITES,3.53,0.0,0.0,1.18,Other,American,0.0,0,1,0,0,1,1,lunch
46.67,10.0,600.0,280,0.0,0.0,USDA,RAW ALMONDS,20.0,0.0,3.33,26.67,Other,American,6.67,1,1,1,0,1,1,lunch
0.0,7.7,346.0,281,0.0,1654.0,USDA,"SOUP MIX, SOUP MIX",69.23,0.0,7.69,15.38,Other,American,0.0,0,0,0,0,1,1,lunch
0.0,0.0,310.0,282,0.0,24.0,USDA,GUMMY BRITEWORMS,71.43,0.0,52.38,7.14,Other,American,0.0,0,1,0,0,1,1,lunch
0.0,0.0,325.0,283,0.0,38.0,USDA,GUMMY BEARS,72.5,0.0,65.0,7.5,Other,American,0.0,0,1,0,0,1,1,lunch
0.0,0.0,326.0,284,0.0,58.0,USDA,GUMMY WATERMELON RINGS,79.07,0.0,53.49,4.65,Other,American,0.0,0,1,0,0,1,1,lunch
0.0,0.0,300.0,285,0.0,12.0,USDA,GUMMY APPLE RINGS,70.0,0.0,50.0,5.0,Other,American,0.0,0,1,0,0,1,1,lunch
0.0,0.0,325.0,286,0.0,200.0,USDA,GUMMY BLUE SHARKS,75.0,0.0,50.0,5.0,Other,American,0.0,0,0,0,0,1,1,lunch
0.0,0.0,308.0,287,0.0,38.0,USDA,GUMMY SOUR WARMS,69.23,0.0,64.1,7.69,Other,American,0.0,0,1,0,0,1,1,lunch
3.0,1.0,103.0,288,0.0,325.0,USDA,INDIAN SPICES GARAM MASALA,14.0,0.0,0.0,5.0,Other,American,0.0,0,0,0,0,1,1,lunch
6.0,1.0,138.0,289,0.0,520.0,USDA,SPLENDID PEAS POTATO ALOO MUTTER,19.0,15.0,0.0,2.0,Other,American,3.0,0,0,0,0,1,1,lunch
41.86,9.3,535.0,290,558.0,81.0,USDA,"BLUEBERRY FLAVORED OVEN ROASTED ALMONDS, BLUEBERRY",34.88,0.0,20.93,16.28,Other,American,3.49,0,1,0,0,1,1,dinner
50.0,0.0,429.0,291,0.0,893.0,USDA,VEGETABLE OIL SPREAD,0.0,0.0,0.0,0.0,Other,American,10.71,0,0,0,0,1,1,lunch
12.0,4.0,270.0,292,0.0,470.0,USDA,ITALIAN SAUSAGE,30.0,70.0,1.0,13.0,Other,American,4.5,1,0,0,0,0,0,lunch
0.0,0.8,56.0,293,56.0,0.0,USDA,FRUIT MIX IN EXTRA LIGHT SYRUP,13.71,0.0,12.1,0.0,Other,American,0.0,0,1,0,0,1,1,snack
0.0,1.6,63.0,294,62.0,0.0,USDA,PEAR HALVES IN LIGHT SYRUP,15.08,0.0,10.32,0.0,Other,American,0.0,0,1,0,0,1,1,lunch
0.0,0.8,56.0,295,64.0,0.0,USDA,YELLOW CLING SLICED PEACHES IN LIGHT SYRUP,14.29,0.0,12.7,0.79,Other,American,0.0,0,1,0,0,1,1,lunch
0.0,0.8,56.0,296,64.0,0.0,USDA,YELLOW CLING PEACH HALVES IN LIGHT SYRUP,14.29,0.0,12.7,0.79,Other,American,0.0,0,1,0,0,1,1,lunch
16.67,0.0,200.0,297,0.0,1050.0,USDA,VIENNA SAUSAGE,1.67,92.0,1.67,11.67,Other,American,5.0,0,0,0,0,0,0,lunch
1.77,0.0,106.0,298,0.0,111.0,USDA,"ORIGINAL RECIPE RICE PUDDING, ORIGINAL RECIPE",18.58,13.0,12.39,3.54,Other,American,0.88,0,1,0,0,1,1,dinner
50.0,10.7,607.0,299,0.0,0.0,USDA,SUNFLOWER KERNELS,21.43,0.0,3.57,21.43,Other,American,7.14,1,1,1,0,1,1,lunch
0.0,0.0,325.0,300,0.0,200.0,USDA,CHERRY LICORICE,75.0,0.0,42.5,5.0,Other,American,0.0,0,0,0,0,1,1,dinner
33.33,6.7,467.0,301,0.0,260.0,USDA,SWEETENED FANCY FLAKE COCONUT,46.67,0.0,33.33,6.67,Other,American,30.0,0,0,0,0,1,1,snack
35.71,3.6,536.0,302,1393.0,893.0,USDA,"MESQUITE BBQ FLAVORED POTATO CHIPS, MESQUITE BBQ",53.57,0.0,7.14,7.14,Other,American,3.57,0,0,0,0,1,1,snack
0.0,2.2,378.0,303,22.0,0.0,USDA,INSTANT WHITE RICE,82.22,0.0,0.0,8.89,Other,American,0.0,0,1,0,1,1,1,dinner
78.57,0.0,714.0,304,0.0,393.0,USDA,"SALTED SWEET CREAM SPREADABLE BUTTER WITH CANOLA OIL, SALTED SWEET CREAM",0.0,107.0,0.0,0.0,Other,American,32.14,0,0,0,0,1,0,lunch
0.0,0.0,250.0,305,0.0,0.0,USDA,"APRICOT PRESERVES, APRICOT",65.0,0.0,45.0,0.0,Other,American,0.0,0,1,0,0,1,1,lunch
14.29,0.0,429.0,306,143.0,1143.0,USDA,"CAESAR CROUTONS, CAESAR",71.43,0.0,0.0,14.29,Other,American,0.0,0,0,0,0,1,1,lunch
0.0,5.3,368.0,307,684.0,79.0,USDA,INSTANT MASHED POTATOES,78.95,0.0,5.26,5.26,Other,American,0.0,0,1,0,1,1,1,lunch
0.0,0.0,263.0,308,0.0,0.0,USDA,"ICED GREEN TEA, MANGO PINEAPPLE",52.63,0.0,52.63,0.0,Other,American,0.0,0,1,0,0,1,1,lunch
21.43,0.0,286.0,309,0.0,1048.0,USDA,"WHITE AMERICAN PASTEURIZED PROCESS CHEESE PRODUCT, WHITE AMERICAN",9.52,71.0,4.76,14.29,Other,American,14.29,0,0,0,0,1,0,lunch
0.0,0.0,400.0,310,0.0,867.0,USDA,CRACKERS,86.67,0.0,0.0,13.33,Other,American,0.0,0,0,0,0,1,1,snack
46.88,0.0,500.0,311,0.0,1094.0,USDA,"ORIGINAL SLAW DRESSING, ORIGINAL SLAW",18.75,62.0,18.75,0.0,Other,American,7.81,0,0,0,0,1,1,lunch
0.0,0.8,85.0,312,0.0,331.0,USDA,WHOLE BLACK BEANS,18.46,0.0,6.92,1.54,Other,American,0.0,0,0,0,0,1,1,lunch
5.38,3.8,100.0,313,0.0,446.0,USDA,REFRIED PINTO BEANS,10.0,0.0,0.0,3.85,Other,American,1.15,1,0,1,0,1,1,lunch
0.83,6.7,75.0,314,0.0,417.0,USDA,WHOLE PINTO BEANS,15.83,0.0,1.67,5.0,Other,American,0.0,1,0,1,0,1,1,lunch
0.0,2.4,381.0,315,0.0,131.0,USDA,"DRIED PRESERVES, MANGOES",92.86,0.0,76.19,2.38,Other,American,0.0,0,1,0,1,1,1,lunch
28.22,3.5,529.0,316,0.0,1323.0,USDA,"JALAPENO HEAT POTATO CHIPS, JALAPENO HEAT",59.96,0.0,3.53,7.05,Other,American,5.29,1,0,0,0,1,1,snack
18.75,1.6,391.0,317,0.0,312.0,USDA,LARGE CROISSANTS,46.88,16.0,7.81,7.81,Other,American,9.38,0,0,0,0,1,1,lunch
30.0,0.0,400.0,318,200.0,2000.0,USDA,"GRATED PARMESAN CHEESE, PARMESAN",0.0,100.0,0.0,40.0,Other,American,20.0,0,0,0,0,1,0,lunch
2.4,0.0,56.0,319,40.0,664.0,USDA,"CREAM OF MUSHROOM CONDENSED SOUP, CREAM OF MUSHROOM",7.2,0.0,0.8,0.8,Other,American,0.4,0,0,0,0,1,0,lunch
6.25,10.0,375.0,320,362.0,0.0,USDA,QUICK OATS,67.5,0.0,2.5,12.5,Other,American,0.0,1,1,0,1,1,1,breakfast
0.0,16.7,333.0,321,0.0,3333.0,USDA,FISH FRY,66.67,0.0,0.0,0.0,Other,American,0.0,1,0,0,0,0,0,lunch
2.4,0.8,56.0,322,183.0,368.0,USDA,"ITALIAN GARDEN PASTA SAUCE, ITALIAN GARDEN",8.0,0.0,6.4,1.6,Other,American,0.0,0,0,0,0,1,1,dinner
0.0,0.0,56.0,323,0.0,417.0,USDA,HOT DOG CHILI SAUCE,11.11,0.0,0.0,0.0,Other,American,0.0,0,0,0,0,1,1,lunch
0.0,11.4,286.0,324,660.0,86.0,USDA,"1 APPLE + 1 BANANA FRUIT BAR, APPLE + BANANA",80.0,0.0,62.86,2.86,Other,American,0.0,0,1,0,1,1,1,snack
21.05,0.0,316.0,325,0.0,1211.0,USDA,"AMERICAN SINGLES PASTEURIZED PREPARED CHEESE PRODUCT, AMERICAN",10.53,53.0,5.26,15.79,Other,American,13.16,0,0,0,0,1,0,lunch
29.41,0.0,412.0,326,0.0,588.0,USDA,"COLBY & MONTEREY JACK SLICED CHEESE, COLBY & MONTEREY JACK",0.0,88.0,0.0,23.53,Other,American,20.59,0,0,0,0,1,0,lunch
2.7,0.0,108.0,327,0.0,811.0,USDA,"DELI STYLE HONEY HAM, DELI STYLE",8.11,41.0,2.7,10.81,Other,American,0.0,0,0,0,0,1,0,lunch
0.0,1.8,339.0,328,0.0,0.0,USDA,"PURE FRUIT BITES, BANANA, BANANA",83.93,0.0,82.14,0.0,Other,American,0.0,0,1,0,0,1,1,snack
14.29,0.0,429.0,329,129.0,929.0,USDA,"GARLIC & BUTTER FLAVORED CROUTONS, GARLIC & BUTTER",71.43,0.0,0.0,14.29,Other,American,0.0,0,0,0,0,1,0,lunch
14.29,0.0,429.0,330,157.0,1143.0,USDA,"SEASONED CROUTONS, SEASONED",71.43,0.0,0.0,14.29,Other,American,0.0,0,0,0,0,1,1,lunch
5.63,0.9,103.0,331,0.0,423.0,USDA,CHILI NO BEANS,7.51,14.0,1.41,6.1,Other,American,2.11,0,0,0,0,1,1,lunch
0.0,0.8,63.0,332,83.0,4.0,USDA,FRUIT COCKTAIL IN LIGHT SYRUP,15.08,0.0,11.9,0.0,Other,American,0.0,0,1,0,0,1,1,snack
5.88,1.2,165.0,333,329.0,200.0,USDA,"SWEET POTATO FRIES FRENCH FRIED POTATOES, SWEET POTATO FRIES",27.06,0.0,8.24,1.18,Other,American,0.59,0,0,0,0,1,1,lunch
5.88,1.2,141.0,334,306.0,412.0,USDA,SHOESTRING FRIES FRENCH FRIED POTATOES,20.0,0.0,1.18,1.18,Other,American,0.59,0,0,0,0,1,1,lunch
32.14,0.0,393.0,335,0.0,1679.0,USDA,"UNCURED ORGANIC PEPPERONI, UNCURED",3.57,89.0,0.0,21.43,Other,American,10.71,0,0,0,0,1,1,lunch
0.0,8.0,200.0,336,0.0,2240.0,USDA,SPICED SEASONING PASTE,44.0,0.0,4.0,4.0,Other,American,0.0,1,0,0,0,1,1,lunch
2.0,5.0,60.0,337,0.0,150.0,USDA,CHIPOTLE PEPPERS IN ADOBO SAUCE,13.0,0.0,4.0,2.0,Other,American,0.0,1,0,1,1,1,1,snack
0.0,1.8,53.0,338,0.0,0.0,USDA,"DICED PEARS IN ORGANIC PEAR JUICE FROM CONCENTRATE, DICED PEARS",14.16,0.0,9.73,0.0,Other,American,0.0,0,1,0,0,1,1,breakfast
24.78,1.8,336.0,339,0.0,274.0,USDA,CHUCKANUT BAY CHEESECAKE,29.2,128.0,1.77,6.19,Other,American,13.27,0,0,0,0,1,0,snack
5.71,0.7,129.0,340,0.0,450.0,USDA,"SENSATIONAL SIDES, MACARONI & CHEESE, MACARONI & CHEESE",13.57,14.0,2.14,5.71,Other,American,2.5,0,0,0,0,1,0,lunch
7.0,2.0,155.0,341,0.0,580.0,USDA,SEASONED MUSHROOM CURRY,20.0,10.0,1.0,3.0,Other,American,2.0,0,0,0,0,1,1,dinner
0.0,3.8,250.0,342,0.0,96.0,USDA,CORN TORTILLAS,51.92,0.0,0.0,5.77,Other,American,0.0,1,1,0,1,1,1,lunch
56.25,15.6,581.0,343,0.0,31.0,USDA,"ORGANIC RAW COCONUT BUTTER, COCONUT, COCONUT",21.88,0.0,5.94,6.25,Other,American,50.0,0,1,0,0,1,0,snack
12.5,0.0,438.0,344,0.0,94.0,USDA,"FRUIT TARTLETS, RASPBERRY",75.0,62.0,50.0,6.25,Other,American,6.25,0,1,0,0,1,1,snack
20.0,0.0,467.0,345,0.0,100.0,USDA,"FRUIT TARTLETS, LEMON",66.67,67.0,46.67,6.67,Other,American,10.0,0,1,0,0,1,1,snack
24.39,0.0,293.0,346,0.0,878.0,USDA,"CLASSIC PRE-SLICED PORK ROLL SAUSAGE, CLASSIC",4.88,61.0,2.44,14.63,Other,American,8.54,0,0,0,0,0,0,lunch
9.82,0.0,170.0,347,0.0,250.0,USDA,"TURKEY BURGERS, TURKEY",0.0,71.0,0.0,19.64,Other,American,2.23,0,0,0,0,0,0,lunch
16.67,2.8,361.0,348,0.0,97.0,USDA,FANCY NUT CAKE & PASTRY FILLING,52.78,0.0,38.89,2.78,Other,American,1.39,0,1,0,1,1,1,snack
10.0,6.7,400.0,349,0.0,500.0,USDA,STONE GROUND LESS SALT WHEAT CRACKERS,73.33,0.0,0.0,13.33,Other,American,0.0,1,0,0,0,1,1,snack
13.33,6.7,400.0,350,0.0,1000.0,USDA,"STONE GROUND WHEAT CRACKERS, SESAME, SESAME",73.33,0.0,0.0,13.33,Other,American,0.0,1,0,0,0,1,1,snack
10.0,6.7,400.0,351,0.0,1000.0,USDA,"STONE GROUND WHEAT CRAKERS, ORIGINAL, ORIGINAL",73.33,0.0,0.0,13.33,Other,American,0.0,1,0,0,0,1,1,lunch
20.0,0.0,467.0,352,0.0,867.0,USDA,"SAVORY SNACK CRACKER, GARLIC & HERB, GARLIC & HERB",60.0,0.0,0.0,6.67,Other,American,16.67,0,0,0,0,1,1,snack
21.43,0.0,500.0,353,0.0,857.0,USDA,"SAVORY SNACK CRACKER, SPRING ONION, SPRING ONION",64.29,0.0,0.0,14.29,Other,American,14.29,0,0,0,0,1,1,snack
23.33,0.0,467.0,354,0.0,1067.0,USDA,"SAVORY HEARTY TOMATO SNACK CRACKER, HEARTY TOMATO, HEARTY TOMATO",60.0,0.0,6.67,6.67,Other,American,16.67,0,0,0,0,1,1,snack
26.67,0.0,467.0,355,0.0,1000.0,USDA,"SAVORY SNACK CRACKER, CELERY & ONION, CELERY & ONION",60.0,0.0,0.0,6.67,Other,American,20.0,0,0,0,0,1,1,snack
10.0,10.0,400.0,356,240.0,467.0,USDA,"SEA SALT MULTI-GRAIN CRACKERS WITH WHOLE GRAINS, SEEDS AND SEA SALT, SEA SALT",80.0,0.0,3.33,6.67,Other,American,0.0,1,0,0,0,1,1,snack
2.86,5.7,371.0,357,286.0,457.0,USDA,"APPLES & CINNAMON INSTANT IRISH OATMEAL, APPLES & CINNAMON",80.0,0.0,34.29,8.57,Other,American,0.0,0,0,0,0,1,1,breakfast
5.71,5.7,371.0,358,257.0,543.0,USDA,"OATMEAL WITH FLAX, PEACHES & CREAM",77.14,0.0,34.29,8.57,Other,American,0.0,0,0,0,0,1,0,breakfast
35.71,3.6,571.0,359,0.0,643.0,USDA,"ORIGINAL WAVY CORN CHIPS, ORIGINAL",57.14,0.0,0.0,3.57,Other,American,8.93,1,0,0,0,1,1,snack
2.8,1.2,80.0,360,0.0,448.0,USDA,"MENUDO BEEF TRIPE AND HOMINY STEW, MENUDO",6.0,48.0,0.0,7.6,Other,American,0.8,0,0,0,0,0,0,dinner
10.71,10.7,429.0,361,0.0,482.0,USDA,BAKED LENTIL CHIPS,67.86,0.0,0.0,14.29,Other,American,0.0,1,0,0,0,1,1,dinner
3.7,0.0,111.0,362,0.0,648.0,USDA,"HONEY SMOKED DELI THIN-SLICED TURKEY BREAST WITH WHITE TURKEY MEAT, HONEY SMOKED",5.56,46.0,3.7,14.81,Other,American,0.93,0,0,0,0,0,0,lunch
35.71,3.6,536.0,363,0.0,286.0,USDA,"LIGHTLY SALTED POTATO CHIPS, LIGHTLY SALTED",50.0,0.0,0.0,7.14,Other,American,7.14,1,0,0,0,1,1,snack
32.14,10.7,536.0,364,929.0,536.0,USDA,"MEDITERRANEAN GARLIC & HERBS REAL VEGETABLE CHIPS, MEDITERRANEAN GARLIC & HERBS",57.14,0.0,7.14,3.57,Other,American,1.79,0,0,0,0,1,1,snack
0.77,2.3,92.0,365,177.0,200.0,USDA,"EDEN, ORGANIC SPANISH RICE & BEANS",16.92,0.0,0.77,3.08,Other,American,0.0,0,0,0,1,1,1,dinner
32.14,0.0,357.0,366,0.0,607.0,USDA,"MONTEREY JACK SLICED CHEESE, MONTEREY JACK",0.0,107.0,0.0,25.0,Other,American,21.43,0,0,0,0,1,0,lunch
32.14,0.0,393.0,367,0.0,607.0,USDA,"COLBY SLICED CHEESE, COLBY",3.57,107.0,0.0,25.0,Other,American,21.43,0,0,0,0,1,0,lunch
20.0,0.0,200.0,368,0.0,1400.0,USDA,GREEK PITTED KALAMATA & GREEN OLIVES,6.67,0.0,0.0,0.0,Other,American,3.33,0,0,0,0,1,1,lunch
26.67,0.0,267.0,369,0.0,1400.0,USDA,WHOLE KALAMATA OLIVES,6.67,0.0,0.0,0.0,Other,American,3.33,0,0,0,0,1,1,lunch
26.67,0.0,267.0,370,0.0,1400.0,USDA,"PITTED KALAMATA OLIVES, KALAMATA",6.67,0.0,0.0,0.0,Other,American,3.33,0,0,0,0,1,1,lunch
1.79,3.6,375.0,371,196.0,0.0,USDA,"ENRICHED MACARONI PRODUCT, ANGEL HAIR NESTS",73.21,0.0,1.79,14.29,Other,American,0.0,1,1,0,1,1,1,lunch
7.89,0.9,202.0,372,158.0,491.0,USDA,"CRUNCHY BREADED FISH FILLETS, CRUNCHY BREADED",23.68,18.0,2.63,9.65,Other,American,0.88,0,0,0,0,0,0,lunch
25.0,7.1,500.0,373,0.0,161.0,USDA,"GRANOLA, CINNAMON, RAISIN, CINNAMON, RAISIN",57.14,0.0,21.43,10.71,Other,American,7.14,0,0,0,0,1,1,breakfast
1.79,3.6,375.0,374,179.0,0.0,USDA,"100% DURUM WHEAT SEMOLINA MACARONI PRODUCT, BUCATINI 14",78.57,0.0,3.57,12.5,Other,American,0.0,1,1,0,1,1,1,lunch
1.18,0.6,100.0,375,0.0,59.0,USDA,"RASPBERRY LOWFAT YOGURT WITH GRANOLA, RASPBERRY",20.59,3.0,12.94,2.94,Other,American,0.59,0,1,0,0,1,0,snack
35.71,0.0,393.0,376,0.0,679.0,USDA,"MEDIUM CHEDDAR SLICED CHEESE, MEDIUM CHEDDAR",3.57,107.0,0.0,25.0,Other,American,21.43,0,0,0,0,1,0,lunch
5.36,3.6,357.0,377,179.0,714.0,USDA,"PLAIN BREAD CRUMBS, PLAIN",71.43,0.0,7.14,14.29,Other,American,0.0,0,0,0,0,1,1,lunch
5.13,0.9,239.0,378,104.0,487.0,USDA,"CHOCOLATE CHIP PANCAKES, CHOCOLATE CHIP",41.88,9.0,13.68,4.27,Other,American,1.28,0,0,0,0,1,1,snack
3.12,1.6,297.0,379,0.0,203.0,USDA,"CINNAMON SUGAR FULLY BAKED SWEET SOFT PRETZELS, CINNAMON SUGAR",0.0,0.0,7.81,7.81,Other,American,1.56,0,0,0,0,1,1,dinner
15.71,0.0,243.0,380,0.0,443.0,USDA,"SEASONED & SMOKED ST. LOUIS STYLE PORK SPARERIBS IN ORIGINAL BBQ SAUCE, ST. LOUIS STYLE PORK SPARERIBS",9.29,68.0,9.29,15.71,Other,American,6.43,0,0,0,0,0,0,lunch
1.67,3.3,167.0,381,1600.0,833.0,USDA,"VEGGIE PEPPERONI MEATLESS SLICES, VEGGIE PEPPERONI",10.0,0.0,3.33,26.67,Other,American,0.0,1,0,1,0,0,0,breakfast
0.0,5.4,107.0,382,411.0,589.0,USDA,"VEGGIE MEATLESS BEEF, VEGGIE",12.5,0.0,1.79,14.29,Other,American,0.0,1,0,1,0,0,0,breakfast
0.0,3.3,38.0,383,0.0,0.0,USDA,WILD BLUEBERRIES IN WATER,10.83,0.0,5.83,0.0,Other,American,0.0,0,1,0,1,1,1,lunch
0.0,2.4,35.0,384,0.0,35.0,USDA,SLICED CARROTS,8.66,0.0,2.36,0.79,Other,American,0.0,0,1,0,1,1,1,lunch
5.7,2.5,291.0,385,0.0,392.0,USDA,"TRADITIONAL WHITE POCKET-LESS PITA, TRADITIONAL WHITE",50.63,0.0,3.8,10.13,Other,American,1.9,0,0,0,0,1,1,lunch
13.27,0.9,276.0,386,0.0,311.0,USDA,SUGAR FREE LEMON PIE,42.48,7.0,0.0,2.65,Other,American,6.19,0,0,0,0,1,1,lunch
15.04,1.8,301.0,387,0.0,283.0,USDA,CHERRY PIE,42.48,9.0,7.08,2.65,Other,American,7.96,0,0,0,0,1,1,lunch
15.04,1.8,292.0,388,0.0,301.0,USDA,NO SUGAR ADDED BLUEBERRY PIE,42.48,9.0,1.77,2.65,Other,American,7.96,0,0,0,0,1,1,lunch
40.0,0.0,400.0,389,0.0,2100.0,USDA,"PARMESAN & ROMANO GRATED CHEESE, PARMESAN & ROMANO",0.0,100.0,0.0,40.0,Other,American,20.0,0,0,0,0,1,0,lunch
0.0,0.8,49.0,390,102.0,0.0,USDA,MANDARIN ORANGES IN WATER,10.57,0.0,4.07,0.81,Other,American,0.0,0,1,0,0,1,1,lunch
3.41,2.3,364.0,391,0.0,1318.0,USDA,"BLUEBERRY PANCAKE & WAFFLE MIX, BLUEBERRY",68.18,11.0,6.82,9.09,Other,American,2.27,0,0,0,0,1,1,breakfast
5.7,2.5,291.0,392,0.0,418.0,USDA,ONION FLATBREAD,49.37,0.0,5.06,10.13,Other,American,2.53,0,0,0,0,1,1,lunch
0.0,0.0,222.0,393,0.0,444.0,USDA,"OLDE CAPE COD, BBQ & GRILLING SAUCE, HONEY, ORANGE, HONEY, ORANGE",55.56,0.0,52.78,0.0,Other,American,0.0,0,0,0,0,1,0,lunch
5.88,0.0,176.0,394,0.0,1235.0,USDA,"OLDE CAPE COD, BBQ & GRILLING SAUCE, CHIPOTLE, CHIPOTLE",29.41,0.0,17.65,0.0,Other,American,0.0,0,0,0,0,1,1,snack
0.0,0.0,100.0,395,0.0,533.0,USDA,"BAR-B-QUE SAUCE, ROASTED GARLIC HONEY, ROASTED GARLIC HONEY",26.67,0.0,23.33,0.0,Other,American,0.0,0,0,0,0,1,0,dinner
0.0,4.4,356.0,396,0.0,0.0,USDA,SUPREME BASMATI RICE,80.0,0.0,4.44,8.89,Other,American,0.0,1,1,0,1,1,1,dinner
4.08,0.0,163.0,397,0.0,82.0,USDA,"CHOCOLATE, STRAWBERRY FLAVORED VANILLA LOWFAT ICE CREAM WINTER SNOWMAN, CHOCOLATE, STRAWBERRY",24.49,20.0,18.37,4.08,Other,American,3.06,0,1,0,0,1,0,lunch
5.1,0.0,163.0,398,0.0,82.0,USDA,"MINT LOWFAT ICE CREAM FROSTY TREES WITH CANDY SPRINKLES, MINT",26.53,20.0,18.37,4.08,Other,American,3.06,0,1,0,0,1,0,lunch
9.21,0.0,211.0,399,0.0,382.0,USDA,LIGHTLY BREADED FLOUNDER FILLETS,14.47,33.0,0.0,10.53,Other,American,4.61,0,0,0,0,1,1,lunch
23.33,0.0,300.0,400,27.0,400.0,USDA,"ORIGINAL GOAT CHEESE, ORIGINAL",3.33,100.0,3.33,16.67,Other,American,15.0,0,0,0,0,1,0,breakfast
15.91,0.0,250.0,401,0.0,500.0,USDA,"BREADED CHICKEN BREAST PATTIES WITH RIB MEAT, CHICKEN BREAST PATTIES",19.32,45.0,1.14,10.23,Other,American,3.41,0,0,0,0,0,0,lunch
10.61,1.5,144.0,402,0.0,545.0,USDA,"TRADITIONALS GRAVY & 6 SALISBURY STEAKS MADE WITH CHICKEN, PORK AND BEEF, TRADITIONALS",6.06,42.0,0.76,7.58,Other,American,3.79,0,0,0,0,0,0,lunch
0.0,0.0,47.0,403,0.0,1938.0,USDA,"CHICKEN WING SAUCE, MILD, MILD",12.5,0.0,9.38,0.0,Other,American,0.0,0,0,0,0,0,0,lunch
0.0,3.3,117.0,404,0.0,700.0,USDA,"ORIGINAL SWEET & SMOKY BAR """"B"""" """"Q"""" SAUCE, ORIGINAL",26.67,0.0,23.33,0.0,Other,American,0.0,0,0,0,0,1,1,snack
3.2,0.8,56.0,405,304.0,296.0,USDA,"MARINARA PASTA SAUCE, MARINARA",5.6,0.0,4.8,1.6,Other,American,0.4,0,0,0,0,1,1,dinner
0.0,0.0,325.0,406,0.0,38.0,USDA,"STRAWBERRY FRUIT SNACKS, STRAWBERRY",77.5,0.0,45.0,2.5,Other,American,0.0,0,1,0,0,1,1,snack
7.14,7.1,286.0,407,0.0,643.0,USDA,"100% WHOLE WHEAT FLOUR FAJITA TORTILLAS, 100% WHOLE WHEAT",50.0,0.0,3.57,10.71,Other,American,3.57,1,0,0,0,1,1,lunch
34.48,0.0,552.0,408,0.0,103.0,USDA,"WHITE CHOCOLATE, WHITE",55.17,17.0,55.17,6.9,Other,American,20.69,0,1,0,0,1,1,lunch
6.38,2.7,177.0,409,0.0,409.0,USDA,VEGETABLE EGG ROLL,26.6,5.0,1.99,4.68,Other,American,0.85,0,0,0,0,1,0,breakfast
9.41,2.4,200.0,410,0.0,471.0,USDA,"EL MONTEREY, CHICKEN TAQUITOS WITH SEASONED CORN TORTILLAS, NACHO CHEESE, NACHO CHEESE",25.88,12.0,0.0,5.88,Other,American,1.18,0,0,0,0,0,0,lunch
21.43,0.0,286.0,411,0.0,714.0,USDA,STRING CHEESE STICKS,3.57,54.0,0.0,28.57,Other,American,12.5,0,0,0,0,1,0,lunch
4.46,0.0,125.0,412,0.0,1250.0,USDA,"TURKEY PASTRAMI, TURKEY",5.36,62.0,1.79,16.07,Other,American,0.89,0,0,0,0,0,0,lunch
0.0,0.0,100.0,413,0.0,800.0,USDA,"SPICY BROWN MUSTARD, SPICY BROWN",0.0,0.0,0.0,0.0,Other,American,0.0,0,0,0,0,1,1,lunch
0.0,0.0,100.0,414,0.0,2600.0,USDA,"DIJON MUSTARD MADE WITH WHITE WINE, DIJON",20.0,0.0,0.0,0.0,Other,American,0.0,0,0,0,0,1,1,lunch
100.0,0.0,857.0,415,0.0,0.0,USDA,VEGETABLE OIL,0.0,0.0,0.0,0.0,Other,American,14.29,0,1,0,0,1,1,lunch
30.95,2.4,500.0,416,0.0,83.0,USDA,"GODIVA, ASSORTED CLASSIC TRUFFLES",50.0,36.0,42.86,4.76,Other,American,19.05,0,1,0,0,1,1,lunch
28.57,2.4,429.0,417,0.0,667.0,USDA,"GARLIC TOAST SLICES, GARLIC",35.71,0.0,0.0,4.76,Other,American,10.71,0,0,0,0,1,1,breakfast
100.0,0.0,857.0,418,0.0,0.0,USDA,CANOLA OIL,0.0,0.0,0.0,0.0,Other,American,7.14,0,1,0,0,1,1,lunch
100.0,0.0,857.0,419,0.0,0.0,USDA,A BLEND OF CANOLA & VEGETABLE OILS,0.0,0.0,0.0,0.0,Other,American,7.14,0,1,0,0,1,1,lunch
100.0,0.0,857.0,420,0.0,0.0,USDA,CORN OIL,0.0,0.0,0.0,0.0,Other,American,14.29,0,1,0,0,1,1,lunch
100.0,0.0,857.0,421,0.0,0.0,USDA,CANOLA OIL,0.0,0.0,0.0,0.0,Other,American,7.14,0,1,0,0,1,1,lunch
77.78,0.0,778.0,422,0.0,0.0,USDA,"UNSALTED WHIPPED BUTTER, UNSALTED",0.0,222.0,0.0,0.0,Other,American,55.56,0,1,0,0,1,0,lunch
0.0,1.2,36.0,423,142.0,151.0,USDA,"FARM FAVORITES, SPRING VEGETABLES WITH ASPARAGUS AND GROUND PEPPERCORN, SPRING VEGETABLES",7.23,0.0,3.61,1.2,Other,American,0.0,0,0,0,0,1,1,lunch
15.29,1.2,235.0,424,0.0,612.0,USDA,"ITALIAN STYLE MEATBALLS, ITALIAN STYLE",7.06,76.0,3.53,17.65,Other,American,5.29,0,0,0,0,0,0,lunch
0.36,3.6,43.0,425,133.0,0.0,USDA,"BERRY MEDLEY A SWEET BLEND OF WHOLE STRAWBERRIES, BLACKBERRIES, RASPBERRIES AND BLUEBERRIES, BERRY MEDLEY",11.59,0.0,6.52,0.72,Other,American,0.0,0,1,0,1,1,1,lunch
0.0,4.7,372.0,426,0.0,488.0,USDA,"HONEY RAISIN BRAN MUFFIN MIX, HONEY RAISIN BRAN",79.07,0.0,46.51,4.65,Other,American,0.0,0,0,0,0,1,0,lunch
2.33,2.3,395.0,427,79.0,198.0,USDA,"FRUIT COBBLER MIX FISH FRY PRODUCTS, FRUIT",88.37,0.0,55.81,2.33,Other,American,0.0,0,0,0,1,0,0,snack
5.0,2.5,375.0,428,0.0,400.0,USDA,"CLASSIC SOURDOUGH ARTISAN BREAD MIX, CLASSIC SOURDOUGH",70.0,0.0,7.5,10.0,Other,American,0.0,0,0,0,0,1,1,lunch
51.79,10.7,589.0,429,0.0,18.0,USDA,SLIVERED ALMONDS,17.86,0.0,5.36,21.43,Other,American,3.57,0,1,0,0,1,1,lunch
3.33,3.3,333.0,430,150.0,3033.0,USDA,"SEASONED CRISPY SHRIMP FRY SEAFOOD BATTER MIX, SEASONED CRISPY SHRIMP FRY",73.33,0.0,3.33,6.67,Other,American,0.0,1,0,0,0,0,0,lunch
0.0,0.0,333.0,431,160.0,3533.0,USDA,"SEASONED CRISPY CHICKEN FRY CHICKEN BATTER MIX, SEASONED CRISPY CHICKEN FRY",66.67,0.0,0.0,6.67,Other,American,0.0,0,0,0,0,0,0,lunch
0.0,0.0,375.0,432,0.0,0.0,USDA,GRANULATED SUGAR,100.0,0.0,100.0,0.0,Other,American,0.0,0,1,0,0,1,1,lunch
0.0,0.0,375.0,433,0.0,0.0,USDA,PURE CANE SUGAR CUBES,100.0,0.0,100.0,0.0,Other,American,0.0,0,1,0,0,1,1,lunch
0.0,0.0,375.0,434,0.0,0.0,USDA,"GOLDEN BROWN PURE CANE SUGAR, GOLDEN BROWN",100.0,0.0,100.0,0.0,Other,American,0.0,0,1,0,0,1,1,lunch
0.0,0.0,400.0,435,0.0,0.0,USDA,CONFECTIONERS POWDERED PURE CANE SUGAR WITH CORNSTARCH,100.0,0.0,96.67,0.0,Other,American,0.0,0,1,0,0,1,1,lunch
0.0,0.0,400.0,436,0.0,150.0,USDA,"INSTANT CHOCOLATE DRINK, CHOCOLATE, CHOCOLATE",90.0,0.0,80.0,5.0,Other,American,0.0,0,0,0,0,1,1,lunch
1.96,0.0,98.0,437,0.0,745.0,USDA,"ROTISSERIE SEASONED CHICKEN BREAST, ROTISSERIE SEASONED",1.96,49.0,0.0,15.69,Other,American,0.0,0,0,0,0,0,0,lunch
16.05,0.0,247.0,438,0.0,556.0,USDA,HOT ITALIAN SAUSAGE,2.47,49.0,0.0,23.46,Other,American,6.17,0,0,0,0,0,0,lunch
17.28,0.0,284.0,439,0.0,432.0,USDA,FRESH BRATWURST,6.17,49.0,0.0,23.46,Other,American,6.17,0,0,0,0,1,1,lunch
0.0,6.1,91.0,440,0.0,45.0,USDA,"TOMATO PASTE, TOMATO",18.18,0.0,12.12,3.03,Other,American,0.0,0,1,0,1,1,1,lunch
0.0,0.4,7.0,441,28.0,128.0,USDA,CUT GREEN BEANS,1.32,0.0,0.44,0.44,Other,American,0.0,0,1,0,0,1,1,lunch
0.21,0.4,25.0,442,52.0,83.0,USDA,SUPER SWEET WHOLE KERNEL CORN,3.73,0.0,0.83,0.41,Other,American,0.0,0,1,0,0,1,1,lunch
0.0,0.4,17.0,443,44.0,107.0,USDA,SLICED BEETS,2.14,0.0,1.71,0.43,Other,American,0.0,0,1,0,0,1,1,lunch
0.0,1.2,36.0,444,139.0,170.0,USDA,SLICED POTATOES,8.48,0.0,0.61,0.61,Other,American,0.0,0,0,0,0,1,1,lunch
20.0,0.0,244.0,445,0.0,978.0,USDA,BEEF CHEDDAR FRANKS,2.22,56.0,2.22,15.56,Other,American,8.89,0,0,0,0,0,0,lunch
7.14,0.0,89.0,446,0.0,1071.0,USDA,"MEZZETTA, ITALIAN OLIVE ANTIPASTO MARINATED WITH FRESH GARLIC, HERBS & NAPA VALLEY CHARDONNAY",3.57,0.0,0.0,0.0,Other,American,0.0,0,0,0,0,1,1,lunch
0.0,2.4,40.0,447,106.0,12.0,USDA,NO SALT ADDED VERY YOUNG SWEET PEAS,8.0,0.0,2.4,2.4,Other,American,0.0,0,1,0,1,1,1,lunch
0.0,1.6,25.0,448,0.0,459.0,USDA,"TOMATO SAUCE, TOMATO",4.92,0.0,3.28,1.64,Other,American,0.0,0,0,0,0,1,1,lunch
0.8,0.8,64.0,449,84.0,240.0,USDA,WHITE SWEET WHOLE KERNEL CORN,11.2,0.0,5.6,0.8,Other,American,0.0,0,0,0,0,1,1,lunch
0.0,0.8,21.0,450,190.0,149.0,USDA,PETITE DICED TOMATOES,4.13,0.0,2.48,0.83,Other,American,0.0,0,0,0,0,1,1,lunch
7.14,2.9,400.0,451,0.0,714.0,USDA,"CHOCOLATE SUPREME HOT COCOA MIX, CHOCOLATE SUPREME",74.29,0.0,68.57,8.57,Other,American,7.14,0,0,0,0,1,1,lunch
3.57,0.0,393.0,452,0.0,143.0,USDA,"VANILLA BRULEE HOT COCOA MIX, VANILLA BRULEE",89.29,18.0,82.14,3.57,Other,American,1.79,0,0,0,0,1,1,lunch
12.94,2.4,271.0,453,0.0,506.0,USDA,"JOS, SPICY NACHO CHEESE",30.59,18.0,1.18,9.41,Other,American,4.12,0,0,0,0,1,0,lunch
9.68,0.0,129.0,454,0.0,806.0,USDA,NACHO CHEESE SAUCE,9.68,0.0,3.23,1.61,Other,American,0.81,0,0,0,0,1,0,lunch
10.19,0.9,222.0,455,93.0,472.0,USDA,"100% CRUNCHY BREADED WHOLE FISH FILLETS, CRUNCHY BREADED",24.07,19.0,0.93,7.41,Other,American,1.85,0,0,0,0,0,0,lunch
16.67,0.0,167.0,456,0.0,767.0,USDA,"BELL'S, LARGE PITTED RIPE OLIVES",6.67,0.0,0.0,0.0,Other,American,0.0,0,0,0,0,1,1,lunch
10.53,0.0,158.0,457,0.0,1211.0,USDA,"SMOKED TURKEY, SMOKED",0.0,70.0,0.0,17.54,Other,American,2.63,0,0,0,0,0,0,lunch
3.57,0.0,89.0,458,0.0,1232.0,USDA,"CLASSIC PREMIUM COOKED HAM, CLASSIC",3.57,36.0,0.0,17.86,Other,American,1.79,0,0,0,0,1,1,lunch
25.0,7.1,500.0,459,211.0,357.0,USDA,"YELLOW CORN CRISPY ROUNDS TORTILLA CHIPS, YELLOW CORN",67.86,0.0,0.0,7.14,Other,American,1.79,1,0,0,0,1,1,snack
0.0,1.5,77.0,460,61.0,0.0,USDA,BARTLETT SLICED PEARS IN HEAVY SYRUP,19.23,0.0,13.08,0.0,Other,American,0.0,0,1,0,0,1,1,snack
0.0,1.2,118.0,461,118.0,18.0,USDA,"CHERRY PIE FILLING OR TOPPING, CHERRY",28.24,0.0,23.53,1.18,Other,American,0.0,0,1,0,0,1,1,lunch
1.25,2.5,350.0,462,0.0,0.0,USDA,ENRICHED HOMINY QUICK GRITS,77.5,0.0,0.0,7.5,Other,American,0.0,0,1,0,1,1,1,lunch
100.0,0.0,857.0,463,0.0,0.0,USDA,VEGETABLE OIL,0.0,0.0,0.0,0.0,Other,American,14.29,0,1,0,0,1,1,lunch
100.0,0.0,86.0,464,0.0,0.0,USDA,VEGETABLE OIL,0.0,0.0,0.0,0.0,Other,American,14.29,0,1,0,0,1,1,lunch
100.0,0.0,857.0,465,0.0,0.0,USDA,HIGHLY REFINED PEANUT OIL,0.0,0.0,0.0,0.0,Other,American,17.86,0,1,0,0,1,1,snack
0.21,1.7,38.0,466,142.0,133.0,USDA,"GARDEN SOUP, CARROT GINGER, CARROT GINGER",8.33,0.0,3.33,0.42,Other,American,0.0,0,1,0,0,1,1,lunch
0.0,0.8,29.0,467,0.0,306.0,USDA,"LENTIL SOUP, LENTIL",6.12,0.0,1.22,1.22,Other,American,0.0,0,0,0,0,1,1,lunch
20.0,0.0,400.0,468,0.0,2800.0,USDA,"COUNTRY GRAVY MIX, COUNTRY",60.0,0.0,10.0,0.0,Other,American,10.0,0,0,0,0,1,1,lunch
3.12,3.1,250.0,469,94.0,719.0,USDA,"ITALIAN BREAD, ITALIAN",50.0,0.0,3.12,9.38,Other,American,0.0,1,0,0,0,1,1,lunch
3.51,1.8,281.0,470,105.0,509.0,USDA,"ORIGINAL RECIPE HAMBURGER POTATO ROLLS, ORIGINAL RECIPE",52.63,0.0,7.02,8.77,Other,American,0.0,0,0,0,0,1,1,lunch
3.51,1.8,281.0,471,105.0,509.0,USDA,"ORIGINAL RECIPE HOT DOG POTATO ROLLS, ORIGINAL RECIPE",52.63,0.0,7.02,8.77,Other,American,0.0,0,0,0,0,1,1,lunch
2.41,7.2,337.0,472,0.0,0.0,USDA,"5-GRAIN BLEND KAMUT KHORASAN WHEAT, OATS, WHOLE GRAIN LONG RICE, BARLEY, SPELT, 5-GRAIN BLEND",68.67,0.0,1.2,10.84,Other,American,0.0,1,1,0,1,1,1,dinner
3.33,6.7,233.0,473,0.0,17.0,USDA,"WHITE CORN SUPER SIZE TORTILLAS, WHITE CORN",43.33,0.0,3.33,3.33,Other,American,0.0,1,1,0,1,1,1,lunch
5.71,2.9,300.0,474,0.0,814.0,USDA,"FLOUR BURRITO TORTILLAS, FLOUR",52.86,0.0,2.86,7.14,Other,American,2.14,0,0,0,0,1,1,lunch
0.83,1.7,25.0,475,0.0,617.0,USDA,"RED CHILE SAUCE, RED CHILE",5.0,0.0,3.33,1.67,Other,American,0.0,0,0,0,0,1,1,lunch
3.85,0.0,185.0,476,0.0,92.0,USDA,"VANILLA SMOOTH & CREAMY FROZEN YOGURT, VANILLA",30.77,23.0,23.08,3.08,Other,American,2.31,0,1,0,0,1,0,snack
0.0,0.0,109.0,477,35.0,0.0,USDA,"BLACKBERRY DAIRY FREE FRUIT BARS, BLACKBERRY",27.27,0.0,21.82,0.0,Other,American,0.0,0,1,0,0,1,1,snack
7.5,0.0,167.0,478,287.0,50.0,USDA,"CLASSIC FUDGE BARS, CLASSIC FUDGE",23.33,25.0,21.67,3.33,Other,American,5.0,0,1,0,0,1,1,snack
11.83,0.0,215.0,479,108.0,32.0,USDA,"STRAWBERRY ICE CREAM, STRAWBERRY",25.81,38.0,21.51,2.15,Other,American,7.53,0,1,0,0,1,0,lunch
8.24,1.6,129.0,480,0.0,275.0,USDA,"MEATLOAF WITH PORTOBELLO MUSHROOM GRAVY MEATLOAF TOPPED WITH PORTOBELLO MUSHROOM GRAVY AND A SIDE OF CAULIFLOWER, GREEN BEANS AND ZUCCHINI, MEATLOAF WITH PORTOBELLO MUSHROOM GRAVY",4.31,25.0,1.18,9.02,Other,American,3.14,0,0,0,0,0,0,lunch
7.45,1.2,118.0,481,0.0,345.0,USDA,"CRUSTLESS CHICKEN POT PIE WHITE MEAT CHICKEN, BROCCOLI, CAULIFLOWER, SPINACH AND CARROTS IN A SHERRY & HERB CREAM SAUCE, CRUSTLESS CHICKEN POT PIE",3.14,33.0,1.18,9.02,Other,American,2.75,0,0,0,0,0,0,lunch
0.0,0.0,36.0,482,0.0,107.0,USDA,BBQ SAUCE,3.57,0.0,0.0,0.0,Other,American,0.0,0,1,0,0,1,1,lunch
5.88,1.2,118.0,483,0.0,535.0,USDA,"THAI-STYLE COCONUT CHICKEN, MEDIUM SPICY",8.24,18.0,3.53,8.24,Other,American,4.12,0,0,0,0,0,0,snack
3.75,1.2,138.0,484,0.0,594.0,USDA,SHRIMP PAD THAI,19.38,50.0,7.5,6.25,Other,American,0.62,0,0,0,0,1,1,lunch
24.0,0.0,400.0,485,0.0,600.0,USDA,"MINI MUFFINS, BLUEBERRY, BLUEBERRY",44.0,80.0,24.0,4.0,Other,American,4.0,0,0,0,0,1,1,lunch
0.0,0.0,333.0,486,0.0,50.0,USDA,MINI MARSHMALLOWS,80.0,0.0,53.33,3.33,Other,American,0.0,0,1,0,0,1,1,lunch
42.86,0.0,429.0,487,0.0,54.0,USDA,"MASCARPONE ITALIAN-STYLE CREAM CHEESE, MASCARPONE",10.71,143.0,7.14,3.57,Other,American,28.57,0,1,0,0,1,0,lunch
39.29,0.0,393.0,488,0.0,18.0,USDA,"CREME FRAICHE MADAGASCAR VANILLA CULTURED CREAM, CREME FRAICHE",10.71,125.0,7.14,3.57,Other,American,25.0,0,1,0,0,1,0,lunch
5.0,0.0,120.0,489,0.0,840.0,USDA,"BLACK FOREST HAM, BLACK FOREST",2.0,50.0,2.0,16.0,Other,American,2.0,0,0,0,0,1,1,lunch
10.0,0.0,160.0,490,0.0,840.0,USDA,"OVEN ROASTED TURKEY BREAST AND WHITE TURKEY, OVEN ROASTED",4.0,50.0,2.0,14.0,Other,American,3.0,0,0,0,0,0,0,dinner
10.0,0.0,180.0,491,0.0,840.0,USDA,"HONEY TURKEY BREAST AND WHITE TURKEY, HONEY",6.0,50.0,6.0,16.0,Other,American,3.0,0,0,0,0,0,0,lunch
0.0,0.0,18.0,492,0.0,1179.0,USDA,DILLS,3.57,0.0,0.0,0.0,Other,American,0.0,0,0,0,0,1,1,lunch
0.0,0.0,18.0,493,0.0,929.0,USDA,KOSHER DILLS,3.57,0.0,0.0,0.0,Other,American,0.0,0,0,0,0,1,1,lunch
21.43,0.0,286.0,494,0.0,714.0,USDA,"ORIGINAL LOW MOISTURE PART SKIM MOZZARELLA STRING CHEESE, ORIGINAL",3.57,71.0,3.57,21.43,Other,American,10.71,0,0,0,0,1,0,lunch
16.05,0.0,247.0,495,0.0,556.0,USDA,SWEET ITALIAN SAUSAGE,2.47,49.0,0.0,23.46,Other,American,6.17,0,0,0,0,0,0,lunch
0.0,2.5,33.0,496,0.0,4.0,USDA,PUMPKIN SOLID PACKED,8.33,0.0,3.33,0.83,Other,American,0.0,0,1,0,1,1,1,lunch
18.82,1.2,412.0,497,153.0,341.0,USDA,"BANANA ICED CAKE, BANANA",56.47,41.0,40.0,3.53,Other,American,7.06,0,0,0,0,1,1,lunch
12.0,4.0,420.0,498,0.0,400.0,USDA,"OATMEAL RAISIN SOFT OATMEAL COOKIE BARS WITH RAISINS, OATMEAL RAISIN",70.0,30.0,32.0,6.0,Other,American,2.0,0,0,0,0,1,1,snack
18.0,4.0,460.0,499,0.0,200.0,USDA,"CHOCOLATE CHIP SOFT COOKIE BARS WITH CHOCOLATE CHIPS, CHOCOLATE CHIP",70.0,10.0,34.0,4.0,Other,American,5.0,0,0,0,0,1,1,snack
14.93,4.5,403.0,500,0.0,448.0,USDA,"CREME FILLED CHOCOLATE CUPCAKES CHOCOLATE ICING WITH CREME FILLING, CREME FILLED CHOCOLATE",62.69,15.0,44.78,2.99,Other,American,4.48,0,0,0,0,1,1,lunch
16.42,1.5,418.0,501,0.0,224.0,USDA,"CREME FILLED ICED SPONGE CAKES WITH CREME FILLING, CREME FILLED",65.67,67.0,47.76,2.99,Other,American,5.22,0,0,0,0,1,1,lunch
17.31,1.9,385.0,502,0.0,212.0,USDA,"WRAPPED CAKES, STRAWBERRY",57.69,29.0,46.15,3.85,Other,American,13.46,0,0,0,0,1,1,lunch
28.57,0.0,250.0,503,0.0,607.0,USDA,FRESH SPREADABLE CREAM CHEESE,7.14,54.0,3.57,7.14,Other,American,12.5,0,0,0,0,1,0,lunch
64.29,0.0,643.0,504,71.0,429.0,USDA,"ROASTED GARLIC HERB BUTTER SPREAD, ROASTED GARLIC HERB",7.14,214.0,0.0,0.0,Other,American,35.71,0,0,0,0,1,0,dinner
16.21,7.1,464.0,505,0.0,729.0,USDA,"FRIED CORN, BBQ, BBQ",71.43,0.0,0.0,7.14,Other,American,6.36,1,0,0,0,1,1,lunch
0.0,0.0,375.0,506,0.0,0.0,USDA,GRANULATED WHITE PURE CANE SUGAR,100.0,0.0,100.0,0.0,Other,American,0.0,0,1,0,0,1,1,lunch
9.41,0.0,176.0,507,0.0,871.0,USDA,"SWEET CHICKEN & APPLE SAUSAGE, SWEET CHICKEN & APPLE",3.53,82.0,3.53,12.94,Other,American,1.76,0,0,0,0,0,0,lunch
0.42,3.3,75.0,508,0.0,292.0,USDA,WHOLE PINTO BEANS,12.5,0.0,0.83,4.17,Other,American,0.17,1,0,1,1,1,1,lunch
14.18,0.7,241.0,509,213.0,71.0,USDA,"SOUTHERN BANANA PUDDING ICE CREAM, SOUTHERN BANANA PUDDING",24.82,57.0,21.99,4.26,Other,American,9.22,0,1,0,0,1,0,lunch
16.0,8.0,440.0,510,0.0,0.0,USDA,"HONEY ALMOND GRANOLA, HONEY ALMOND",62.0,0.0,14.0,12.0,Other,American,3.0,0,1,0,0,1,0,breakfast
27.03,8.1,486.0,511,416.0,486.0,USDA,"ROASTED CRUNCHY COATED PEANUTS, ROASTED",45.95,0.0,8.11,21.62,Other,American,4.05,0,0,0,0,1,1,dinner
13.25,1.2,193.0,512,0.0,72.0,USDA,"MINT CHIP ICE CREAM, MINT CHIP",15.66,48.0,10.84,3.61,Other,American,8.43,0,1,0,0,1,0,snack
75.0,9.4,719.0,513,0.0,297.0,USDA,"MACADAMIA NUTS, SEA SALT",12.5,0.0,3.12,6.25,Other,American,12.5,1,0,1,0,1,1,snack
13.25,0.0,193.0,514,0.0,60.0,USDA,"ICE CREAM, BANANA SPLIT, BANANA SPLIT",15.66,48.0,10.84,2.41,Other,American,8.43,0,1,0,0,1,0,lunch
14.46,0.0,241.0,515,0.0,72.0,USDA,"CHOCOLATE CHIP COOKIE DOUGH ICE CREAM, CHOCOLATE CHIP COOKIE DOUGH",26.51,48.0,16.87,3.61,Other,American,8.43,0,1,0,0,1,0,snack
8.04,0.0,143.0,516,0.0,348.0,USDA,"TACO SEASONED GROUND TURKEY, TACO SEASONED",0.0,76.0,0.0,16.96,Other,American,1.79,0,0,0,0,0,0,lunch
42.86,0.0,500.0,517,0.0,2000.0,USDA,"SWEET APPLE-WOOD SMOKED REGULAR SLICED ORIGINAL BACON, SWEET APPLE-WOOD",0.0,71.0,0.0,28.57,Other,American,14.29,0,0,0,0,0,0,lunch
10.0,0.0,200.0,518,267.0,1000.0,USDA,"HICKORY SMOKED UNCURED TURKEY BACON, HICKORY SMOKED",0.0,133.0,0.0,33.33,Other,American,0.0,0,0,0,0,0,0,lunch
8.0,12.0,400.0,519,0.0,0.0,USDA,"UNSWEETENED WITH ANCIENT GRAINS QUINOA & AMARANTH INSTANT OATMEAL, UNSWEETENED WITH ANCIENT GRAINS QUINOA & AMARANTH",64.0,0.0,0.0,16.0,Other,American,1.0,1,1,0,1,1,1,breakfast
18.0,4.0,420.0,520,0.0,400.0,USDA,"CHOCOLATE BELLS CUPCAKES WITH CREME ICING, CHOCOLATE",60.0,10.0,42.0,4.0,Other,American,12.0,0,0,0,0,1,1,lunch
5.26,7.9,368.0,521,395.0,474.0,USDA,"PEANUT BUTTER & CHOCOLATE CEREAL, PEANUT BUTTER & CHOCOLATE",76.32,0.0,23.68,7.89,Other,American,1.32,0,0,0,0,1,0,snack
0.0,1.6,109.0,522,0.0,922.0,USDA,"SEAFOOD COCKTAIL SAUCE, COCKTAIL",26.56,0.0,21.88,1.56,Other,American,0.0,0,0,0,0,0,0,lunch
0.0,0.0,88.0,523,0.0,3471.0,USDA,"ROASTED GARLIC & HERBS MARINADE, ROASTED GARLIC & HERBS",17.65,0.0,11.76,5.88,Other,American,0.0,0,0,0,0,1,1,dinner
0.0,0.0,100.0,524,0.0,900.0,USDA,HOT & SPICY MUSTARD,20.0,0.0,0.0,0.0,Other,American,0.0,0,0,0,0,1,1,lunch
0.0,0.0,100.0,525,0.0,1900.0,USDA,"HOT & SPICY MUSTARD, JALAPENO, JALAPENO",0.0,0.0,0.0,0.0,Other,American,0.0,0,0,0,0,1,1,lunch
1.16,1.4,107.0,526,0.0,367.0,USDA,"KUNG PAO CHICKEN, MEDIUM SPICY, MEDIUM SPICY",16.28,19.0,10.23,7.44,Other,American,0.23,0,0,0,0,0,0,lunch
0.0,0.0,333.0,527,0.0,3200.0,USDA,CHICKEN FRY,73.33,0.0,0.0,6.67,Other,American,0.0,0,0,0,0,0,0,lunch
13.83,1.1,245.0,528,0.0,69.0,USDA,"DARK CHOCOLATE CHIPS ICE CREAM, DARK CHOCOLATE CHIPS",26.6,43.0,25.53,4.26,Other,American,8.51,0,1,0,0,1,0,snack
17.14,1.4,271.0,529,0.0,107.0,USDA,"CHOCOLATE PEANUT BUTTER ICE CREAM, CHOCOLATE PEANUT BUTTER",24.29,43.0,22.86,7.14,Other,American,7.14,0,1,0,0,1,0,snack
12.77,0.0,223.0,530,0.0,74.0,USDA,"HOMEMADE VANILLA ICE CREAM, HOMEMADE VANILLA",23.4,48.0,22.34,4.26,Other,American,7.45,0,1,0,0,1,0,lunch
78.57,0.0,714.0,531,0.0,250.0,USDA,"EUROPEAN STYLE BUTTER WITH SEA SALT, SEA SALT",0.0,214.0,0.0,0.0,Other,American,50.0,0,0,0,0,1,0,lunch
78.57,0.0,714.0,532,21.0,643.0,USDA,"SALTED SWEET CREAM BUTTER, SALTED",0.0,214.0,0.0,0.0,Other,American,50.0,0,0,0,0,1,0,lunch
13.64,0.0,273.0,533,0.0,364.0,USDA,"CREAM CHEESE FLAVORED DIP, CREAM CHEESE",33.33,30.0,30.3,3.03,Other,American,6.06,0,0,0,0,1,0,lunch
5.26,0.0,281.0,534,0.0,281.0,USDA,"LOW FAT CARAMEL DIP, CARAMEL",63.16,0.0,36.84,1.75,Other,American,5.26,0,0,0,0,1,1,lunch
28.57,0.0,286.0,535,0.0,310.0,USDA,"ORIGINAL WHIPPED CREAM CHEESE SPREAD, ORIGINAL",4.76,95.0,4.76,4.76,Other,American,16.67,0,0,0,0,1,0,lunch
21.05,0.0,474.0,536,0.0,421.0,USDA,"CHOCOLATE CHIP BREAK'N BAKE COOKIE DOUGH, CHOCOLATE CHIP",63.16,26.0,36.84,5.26,Other,American,10.53,0,0,0,0,1,1,snack
26.47,0.0,353.0,537,0.0,882.0,USDA,"PROVOLONE SLICED CHEESE WITH SMOKE FLAVORING, PROVOLONE",0.0,59.0,0.0,23.53,Other,American,17.65,0,0,0,0,1,0,lunch
1.43,2.9,357.0,538,186.0,729.0,USDA,"ORIGINAL MACARONI & CHEESE DINNER, ORIGINAL",74.29,0.0,12.86,11.43,Other,American,0.0,0,0,0,0,1,0,lunch
0.0,0.0,333.0,539,0.0,0.0,USDA,"EGGS, EGG SHAPED BUBBLE GUM FILLED WITH EXTRA SOUR FLAVOR CRYSTALS",83.33,0.0,66.67,0.0,Other,American,0.0,0,1,0,0,1,0,breakfast
0.0,0.0,333.0,540,0.0,0.0,USDA,"DUBBLE BUBBLE, BUBBLE GUM",83.33,0.0,83.33,0.0,Other,American,0.0,0,1,0,0,1,1,lunch
0.0,0.0,333.0,541,0.0,0.0,USDA,TINY JELLY BIRD EGGS CANDY,90.48,0.0,76.19,0.0,Other,American,0.0,0,1,0,0,1,0,breakfast
19.51,2.4,390.0,542,0.0,610.0,USDA,"PARMESAN PRE-SLICED GARLIC BREAD LOAVES, PARMESAN",41.46,12.0,2.44,9.76,Other,American,7.32,0,0,0,0,1,1,lunch
19.51,2.4,390.0,543,0.0,561.0,USDA,"GARLIC PRE-SLICED BREAD LOAVES, GARLIC",39.02,0.0,2.44,7.32,Other,American,7.32,0,0,0,0,1,1,lunch
21.05,2.6,254.0,544,0.0,702.0,USDA,"VIDALIA ONION BEEF PATTIES, VIDALIA ONION",6.14,44.0,2.63,13.16,Other,American,8.77,0,0,0,0,0,0,lunch
24.56,2.6,298.0,545,0.0,632.0,USDA,"CLASSIC BEEF PATTIES, CLASSIC",5.26,53.0,2.63,14.91,Other,American,9.65,0,0,0,0,0,0,lunch
0.0,3.3,17.0,546,0.0,0.0,USDA,CHOPPED GREEN CHILE,3.33,0.0,3.33,0.0,Other,American,0.0,1,1,1,1,1,1,lunch
0.83,5.0,33.0,547,0.0,17.0,USDA,"RED CHILE, HOT, HOT",8.33,0.0,1.67,1.67,Other,American,0.0,1,1,1,1,1,1,lunch
1.0,10.0,160.0,548,0.0,380.0,USDA,"GENIUNE BAVARIAN, ORGANIC WHOLE RYE BREAD, RYE, RYE",38.0,0.0,2.0,4.0,Other,American,0.0,1,0,0,0,1,1,lunch
2.63,1.8,123.0,549,0.0,316.0,USDA,"ORGANIC SPELT ENGLISH MUFFINS, SPELT",26.32,0.0,1.75,3.51,Other,American,0.88,0,0,0,0,1,1,lunch
12.0,10.0,300.0,550,0.0,400.0,USDA,"CARROT RAISIN FLAX MUFFINS, CARROT RAISIN",44.0,0.0,24.0,8.0,Other,American,0.0,0,0,0,0,1,1,lunch
14.0,10.0,300.0,551,270.0,420.0,USDA,"WILD BLUEBERRY GLUTEN-FREE FLAX MUFFINS, WILD BLUEBERRY",40.0,0.0,22.0,10.0,Other,American,0.0,0,0,0,0,1,1,lunch
14.0,10.0,320.0,552,280.0,400.0,USDA,"GLUTEN-FREE CRANBERRY ORANGE FLAX MUFFINS, CRANBERRY ORANGE",46.0,0.0,26.0,8.0,Other,American,0.0,0,0,0,0,1,1,lunch
6.25,2.1,271.0,553,0.0,375.0,USDA,HOT DOG BUNS,45.83,0.0,6.25,8.33,Other,American,0.83,0,0,0,0,1,1,lunch
4.1,1.4,219.0,554,116.0,355.0,USDA,"PREMIUM BBQ BUNS, CORNMEAL, CORNMEAL",39.65,0.0,4.1,5.47,Other,American,0.0,0,0,0,0,1,1,lunch
4.79,5.5,246.0,555,232.0,328.0,USDA,PREMIUM BBQ BUNS,38.28,0.0,4.1,12.31,Other,American,0.68,1,0,0,0,1,1,lunch
23.53,5.9,471.0,556,0.0,382.0,USDA,COCOA-CAKES,61.76,44.0,26.47,8.82,Other,American,14.71,0,0,0,0,1,1,lunch
21.43,0.0,500.0,557,0.0,786.0,USDA,"HOMESTYLE GARLIC & BUTTER FLAVORED TRADITIONAL CUT BAKED CROUTONS, HOMESTYLE GARLIC & BUTTER",57.14,0.0,0.0,14.29,Other,American,0.0,0,0,0,0,1,0,dinner
93.33,0.0,867.0,558,0.0,0.0,USDA,ORGANIC HIGH OLEIC SUNFLOWER OIL,0.0,0.0,0.0,0.0,Other,American,6.67,0,1,0,0,1,1,lunch
0.0,3.2,48.0,559,0.0,548.0,USDA,"MEDIUM CHUNKY SALSA, MEDIUM",9.68,0.0,3.23,0.0,Other,American,0.0,1,0,1,0,1,1,lunch
35.71,3.6,536.0,560,0.0,571.0,USDA,"ORIGINAL RIDGED POTATO CHIPS, ORIGINAL",50.0,0.0,0.0,7.14,Other,American,7.14,1,0,0,0,1,1,snack
7.14,10.7,357.0,561,250.0,714.0,USDA,"OLD FASHIONED PRETZEL RODS, OLD FASHIONED",71.43,0.0,3.57,10.71,Other,American,1.43,1,0,0,0,1,1,lunch
35.71,3.6,536.0,562,0.0,0.0,USDA,"UNSALTED POTATO CHIPS, UNSALTED",50.0,0.0,0.0,7.14,Other,American,7.14,1,1,0,0,1,1,snack
32.14,3.6,536.0,563,1036.0,964.0,USDA,"UTZ, POTATO CHIPS, BAR-B-Q, BAR-B-Q",50.0,0.0,3.57,7.14,Other,American,7.14,1,0,0,0,1,1,snack
0.0,3.8,92.0,564,0.0,4.0,USDA,ORGANIC PINTO BEANS,16.15,0.0,0.77,5.38,Other,American,0.0,1,1,1,1,1,1,lunch
2.22,4.4,356.0,565,218.0,0.0,USDA,ORGANIC TRICOLOR BLEND RICE,77.78,0.0,0.0,6.67,Other,American,0.0,1,1,0,1,1,1,dinner
3.51,3.5,368.0,566,281.0,0.0,USDA,"GLUTEN FREE 100% ORGANIC BROWN RICE PASTA, LASAGNA",77.19,0.0,0.0,8.77,Other,American,0.0,1,1,0,1,1,1,dinner
4.39,3.5,386.0,567,281.0,26.0,USDA,"100% ORGANIC BROWN RICE GLUTEN FREE PASTA, EGG TAGLIATELLE",75.44,70.0,0.0,10.53,Other,American,0.88,1,1,0,1,1,0,dinner
2.63,7.0,368.0,568,421.0,0.0,USDA,100% ORGANIC WHOLE WHEAT SPAGHETTI,75.44,0.0,5.26,10.53,Other,American,0.0,0,1,0,1,1,1,lunch
1.75,3.5,368.0,569,228.0,0.0,USDA,100% ORGANIC DURUM SEMOLINA SPAGHETTI,77.19,0.0,3.51,10.53,Other,American,0.0,1,1,0,1,1,1,lunch
2.26,0.6,90.0,570,0.0,310.0,USDA,"SARDINES IN HOT TOMATO SAUCE, SARDINES",2.58,26.0,1.29,14.19,Other,American,1.61,0,0,0,0,1,1,lunch
10.71,10.7,429.0,571,0.0,643.0,USDA,"BAKED LENTIL CHIPS, CUCUMBER DILL, CUCUMBER DILL",67.86,0.0,3.57,14.29,Other,American,0.0,1,0,0,0,1,1,dinner
3.54,0.9,62.0,572,0.0,106.0,USDA,"LOW SODIUM FRADIAVOLO ALL NATURAL SAUCE, LOW SODIUM FRADIAVOLO",5.31,0.0,3.54,1.77,Other,American,0.0,0,1,0,0,1,1,lunch
3.54,0.9,62.0,573,0.0,372.0,USDA,"FRADIAVOLO PREMIUM SAUCE, FRADIAVOLO",5.31,0.0,3.54,1.77,Other,American,0.0,0,0,0,0,1,1,lunch
3.54,1.8,71.0,574,0.0,381.0,USDA,VODKA SAUCE,6.19,4.0,3.54,2.65,Other,American,0.44,0,0,0,0,1,1,lunch
3.54,0.9,62.0,575,0.0,372.0,USDA,"MARINARA PREMIUM SAUCE, MARINARA",5.31,0.0,3.54,1.77,Other,American,0.0,0,0,0,0,1,1,lunch
1.79,3.6,375.0,576,179.0,0.0,USDA,100% DURUM WHEAT SEMOLINA MACARONI PRODUCT,78.57,0.0,3.57,12.5,Other,American,0.0,1,1,0,1,1,1,lunch
3.51,1.8,368.0,577,263.0,0.0,USDA,100% ORGANIC GLUTEN FREE SPAGHETTI,75.44,0.0,0.0,8.77,Other,American,0.0,0,1,0,0,1,1,lunch
2.94,0.0,412.0,578,106.0,559.0,USDA,"ORIGINAL MINI ARTISAN CRACKERS, ORIGINAL",76.47,0.0,0.0,11.76,Other,American,0.0,0,0,0,0,1,1,snack
9.63,0.0,141.0,579,0.0,333.0,USDA,BOILED WHOLE OYSTERS,0.0,85.0,0.0,13.33,Other,American,2.59,0,0,0,0,1,1,lunch
0.0,0.0,107.0,580,188.0,250.0,USDA,"SOLID WHITE ALBACORE PREMIUM TUNA IN WATER, SOLID WHITE ALBACORE",0.0,45.0,0.0,23.21,Other,American,0.0,0,0,0,0,1,1,lunch
6.67,3.3,400.0,581,67.0,267.0,USDA,"BROWN RICE THINS SNACK CRACKERS, BROWN RICE",76.67,0.0,0.0,6.67,Other,American,0.0,1,0,0,1,1,1,dinner
11.67,3.3,433.0,582,187.0,733.0,USDA,"COUNTRY RANCH ALMOND & RICE CRACKER SNACKS, COUNTRY RANCH",73.33,0.0,3.33,10.0,Other,American,0.0,1,0,0,0,1,1,dinner
0.0,0.8,57.0,583,0.0,8.0,USDA,PINEAPPLE CHUNKS IN ITS OWN 100% JUICE,13.93,0.0,12.3,0.0,Other,American,0.0,0,1,0,0,1,1,breakfast
0.0,1.6,104.0,584,0.0,4.0,USDA,"DARK SWEET WHOLE PITTED CHERRIES WITH SUGAR, DARK SWEET",24.0,0.0,16.0,0.8,Other,American,0.0,0,1,0,0,1,1,lunch
0.0,0.0,375.0,585,0.0,0.0,USDA,PURE CANE SUGAR,100.0,0.0,100.0,0.0,Other,American,0.0,0,1,0,0,1,1,lunch
0.0,0.0,333.0,586,0.0,0.0,USDA,"POURABLE GOLDEN BROWN PURE CANE SUGAR, POURABLE GOLDEN BROWN",100.0,0.0,100.0,0.0,Other,American,0.0,0,1,0,0,1,1,lunch
4.29,2.9,343.0,587,394.0,0.0,USDA,"FORBIDDEN ORGANIC RICE RAMEN NOODLE CAKES, FORBIDDEN",74.29,0.0,0.0,5.71,Other,American,0.0,0,1,0,1,1,1,dinner
2.86,2.9,343.0,588,246.0,0.0,USDA,"JADE PEARL ORGANIC RICE RAMEN NOODLE CAKES, JADE PEARL",74.29,0.0,0.0,5.71,Other,American,0.0,0,1,0,1,1,1,dinner
17.65,0.0,235.0,589,0.0,1294.0,USDA,"PASTEURIZED PROCESS CHEESE FOOD ALTERNATIVE, CHEDDAR SLICES, CHEDDAR SLICES",5.88,0.0,0.0,17.65,Other,American,0.0,0,0,0,0,1,0,lunch
14.29,0.0,214.0,590,0.0,1000.0,USDA,"PASTEURIZED PROCESS CHEESE FOOD ALTERNATIVE, CHEDDAR & PEPPER JACK SHREDS, CHEDDAR & PEPPER JACK SHREDS",3.57,0.0,0.0,21.43,Other,American,0.0,0,0,0,0,1,0,lunch
0.88,0.0,106.0,591,182.0,59.0,USDA,"PASSION FRUIT PROBIOTIC FORMULA BLENDED LOWFAT YOGURT, PASSION FRUIT",20.0,6.0,17.06,4.12,Other,American,0.59,0,1,0,0,1,0,snack
0.88,0.0,94.0,592,153.0,53.0,USDA,"ORIGINAL BLUEBERRY BLENDED LOWFAT YOGURT, ORIGINAL BLUEBERRY",17.65,3.0,15.29,2.94,Other,American,0.59,0,1,0,0,1,0,snack
0.0,0.0,53.0,593,127.0,37.0,USDA,"DANNON, ACTIVIA, PROBIOTIC NONFAT GREEK LIGHT YOGURT, VANILLA, VANILLA",4.67,3.0,4.0,8.67,Other,American,0.0,0,1,0,0,1,0,snack
3.49,4.7,372.0,594,0.0,581.0,USDA,"MAPLE & BROWN SUGAR FLAVORED INSTANT IRISH OATMEAL, MAPLE & BROWN SUGAR",79.07,0.0,30.23,6.98,Other,American,0.0,0,0,0,0,1,1,breakfast
2.67,0.0,107.0,595,93.0,30.0,USDA,"TIMELESS TOASTED COCONUT NOT-SO-TRADITIONAL BLENDED GREEK YOGURT, TIMELESS TOASTED COCONUT VANILLA",12.67,10.0,12.0,7.33,Other,American,1.67,0,1,0,0,1,0,snack
0.0,0.0,32.0,596,0.0,1452.0,USDA,"HOT MARINATED SLICED JALAPENO PEPPERS, HOT",3.23,0.0,3.23,0.0,Other,American,0.0,0,0,0,0,1,1,lunch
23.08,5.1,487.0,597,0.0,0.0,USDA,TORTILLA CHIPS,66.67,0.0,0.0,5.13,Other,American,2.56,1,1,0,0,1,1,snack
22.22,3.7,519.0,598,104.0,222.0,USDA,"PEANUT BUTTER WAFERS, PEANUT BUTTER",59.26,0.0,0.0,3.7,Other,American,5.56,1,0,0,0,1,0,snack
20.0,0.0,500.0,599,0.0,500.0,USDA,"BREAD STICKS, SESAME",60.0,0.0,0.0,10.0,Other,American,0.0,0,0,0,0,1,1,lunch
2.08,12.5,333.0,600,0.0,0.0,USDA,"MONTANA'S, CREAM OF THE WEST, 100% ROASTED WHEAT",68.75,0.0,0.0,14.58,Other,American,0.0,1,1,0,1,1,0,dinner
23.33,0.0,500.0,601,117.0,183.0,USDA,"VANILLA WAFER, VANILLA",66.67,0.0,36.67,6.67,Other,American,11.67,0,0,0,0,1,1,lunch
10.0,6.7,100.0,602,0.0,767.0,USDA,"SEA SALT PITTED CALIFORNIA RIPE JUMBO OLIVES, SEA SALT",0.0,0.0,0.0,0.0,Other,American,0.0,1,0,1,0,1,1,lunch
13.33,0.0,167.0,603,0.0,467.0,USDA,"SEA SALT REDUCED SODIUM PITTED CALIFORNIA RIPE LARGE OLIVES, SEA SALT",6.67,0.0,0.0,0.0,Other,American,0.0,0,0,0,0,1,1,lunch
0.0,0.0,18.0,604,0.0,1107.0,USDA,"KOSHER PETITE DILLS PICKLES, KOSHER PETITE DILLS",3.57,0.0,0.0,0.0,Other,American,0.0,0,0,0,0,1,1,lunch
0.0,0.0,18.0,605,0.0,929.0,USDA,"KOSHER BABY DILLS, KOSHER BABY",3.57,0.0,0.0,0.0,Other,American,0.0,0,0,0,0,1,1,lunch
0.0,0.0,18.0,606,0.0,929.0,USDA,KOSHER DILL SPEARS,3.57,0.0,0.0,0.0,Other,American,0.0,0,0,0,0,1,1,lunch
10.0,3.0,290.0,607,0.0,540.0,USDA,"TORTELLONI CHEESE """"DELICATO"""", MILD AND CREAMY, MILD AND CREAMY",39.0,65.0,1.0,10.0,Other,American,4.0,0,0,0,0,1,0,lunch
10.38,2.8,264.0,608,0.0,425.0,USDA,CHEESE FORTE RAVIOLI,32.08,71.0,1.89,10.38,Other,American,5.66,0,0,0,0,1,0,lunch
9.17,2.8,266.0,609,0.0,440.0,USDA,SPINACI E RICOTTA RAVIOLI PASTA,34.86,64.0,2.75,11.01,Other,American,3.67,0,0,0,0,1,1,dinner
5.19,2.2,126.0,610,0.0,600.0,USDA,"MUSTARD POTATO SALAD, MUSTARD POTATO",17.78,4.0,2.96,2.22,Other,American,0.74,0,0,0,0,1,1,lunch
8.18,1.8,145.0,611,0.0,218.0,USDA,COLE SLAW,17.27,5.0,15.45,0.91,Other,American,1.36,0,0,0,0,1,1,lunch
15.0,1.4,200.0,612,0.0,400.0,USDA,"LOADED POTATO SALAD, LOADED POTATO",13.57,29.0,1.43,3.57,Other,American,5.0,0,0,0,0,1,1,lunch
10.0,1.4,164.0,613,0.0,471.0,USDA,"DEVILED EGG POTATO SALAD, DEVILED EGG POTATO",15.71,107.0,5.0,4.29,Other,American,2.14,0,0,0,0,1,0,breakfast
46.67,6.7,600.0,614,1113.0,0.0,USDA,ORGANIC HEMP SEEDS,6.67,0.0,0.0,26.67,Other,American,3.33,1,1,1,0,1,1,lunch
5.36,0.0,125.0,615,0.0,768.0,USDA,"ROTISSERIE SEASONED CHICKEN BREAST WITH RIB MEAT, ROTISSERIE SEASONED",1.79,62.0,0.0,16.07,Other,American,0.89,0,0,0,0,0,0,lunch
41.18,11.8,588.0,616,0.0,559.0,USDA,ADOBO,47.06,0.0,11.76,11.76,Other,American,5.88,0,0,0,0,1,1,lunch
32.14,0.0,357.0,617,0.0,1714.0,USDA,HARD SALAMI,7.14,89.0,0.0,21.43,Other,American,10.71,0,0,0,0,1,1,lunch
3.64,0.9,136.0,618,0.0,136.0,USDA,"PISTACHIO DELIGHT, PISTACHIO",26.36,0.0,22.73,0.91,Other,American,3.18,0,1,0,0,1,1,lunch
43.75,3.1,562.0,619,0.0,0.0,USDA,RAW CASHEW NUT BUTTER,31.25,0.0,6.25,18.75,Other,American,7.81,0,1,0,0,1,0,snack
36.67,0.0,400.0,620,0.0,567.0,USDA,FRENCH DRESSING,20.0,0.0,13.33,0.0,Other,American,5.0,0,0,0,0,1,1,lunch
1.79,3.6,375.0,621,214.0,0.0,USDA,"ENRICHED MACARONI PRODUCT, CUT FUSILLI",78.57,0.0,3.57,12.5,Other,American,0.0,1,1,0,1,1,1,lunch
1.79,3.6,375.0,622,196.0,0.0,USDA,"ENRICHED MACARONI PRODUCT, RADIATORS",73.21,0.0,1.79,14.29,Other,American,0.0,1,1,0,1,1,1,lunch
32.0,8.0,520.0,623,200.0,920.0,USDA,"SEA SALT MICROWAVE PREMIUM POPCORN, SEA SALT",48.0,0.0,0.0,8.0,Other,American,16.0,1,0,0,0,1,1,lunch
38.1,4.8,571.0,624,0.0,238.0,USDA,"PEANUT BUTTER MILK CHOCOLATE FILLED WITH PEANUT BUTTER ORGANIC BAR, PEANUT BUTTER",47.62,12.0,40.48,11.9,Other,American,14.29,0,0,0,0,1,0,snack
21.43,2.4,500.0,625,0.0,250.0,USDA,"CARAMEL & PEANUT MILK CHOCOLATE FILLED WITH NOUGAT, CARAMEL & PEANUTS ORGANIC BAR, CARAMEL & PEANUT",69.05,12.0,57.14,4.76,Other,American,10.71,0,0,0,0,1,0,snack
30.95,7.1,500.0,626,0.0,119.0,USDA,"COCONUT DARK CHOCOLATE FILLED WITH COCONUT ORGANIC BAR, COCONUT",54.76,0.0,33.33,4.76,Other,American,21.43,0,1,0,0,1,1,snack
0.0,0.0,312.0,627,0.0,172.0,USDA,"BAR, BLUEBERRY LICORICE, BLUEBERRY LICORICE",75.0,0.0,53.12,3.12,Other,American,0.0,0,0,0,0,1,1,dinner
0.0,5.0,350.0,628,650.0,25.0,USDA,"STRAWBERRY ORGANIC TWISTED FRUIT SNACK, STRAWBERRY",80.0,0.0,70.0,0.0,Other,American,0.0,0,1,0,1,1,1,snack
1.33,0.7,133.0,629,0.0,220.0,USDA,DINE IN LONG GRAIN RICE,28.67,0.0,0.0,2.67,Other,American,0.67,0,0,0,0,1,1,dinner
3.53,0.0,106.0,630,0.0,29.0,USDA,"NANCY'S, ORGANIC PROBIOTIC GREEK WHOLE MILK YOGURT, HONEY, HONEY",7.06,15.0,7.06,11.76,Other,American,1.76,0,1,0,0,1,0,snack
4.67,0.0,87.0,631,140.0,47.0,USDA,"PLAIN WHOLE MILK YOGURT, PLAIN",7.33,17.0,4.67,3.33,Other,American,2.0,0,1,0,0,1,0,snack
3.33,0.7,107.0,632,93.0,43.0,USDA,"RASPBERRY CREAM TOP WHOLE MILK YOGURT, RASPBERRY",16.67,13.0,14.0,2.67,Other,American,1.67,0,1,0,0,1,0,snack
3.33,0.0,107.0,633,140.0,40.0,USDA,"PEACH ON THE BOTTOM WHOLE MILK YOGURT, PEACH",16.67,13.0,14.0,2.67,Other,American,1.67,0,1,0,0,1,0,snack
4.0,0.7,120.0,634,140.0,40.0,USDA,"CHOCOLATE ON THE BOTTOM WHOLE MILK YOGURT, CHOCOLATE",18.67,13.0,16.0,2.67,Other,American,1.67,0,1,0,0,1,0,snack
0.0,0.0,314.0,635,0.0,78.0,USDA,"FRUIT PUNCH SNACKS, FRUIT PUNCH",74.51,0.0,43.14,3.92,Other,American,0.0,0,1,0,0,1,1,snack
21.43,0.0,250.0,636,0.0,929.0,USDA,"AGED CHEDDAR GOURMET SPREADABLE CHEESE, AGED CHEDDAR",3.57,71.0,0.0,10.71,Other,American,14.29,0,0,0,0,1,0,lunch
17.86,0.0,250.0,637,0.0,304.0,USDA,"FRESH MOZZARELLA SLICED CHEESE, MOZZARELLA",3.57,54.0,0.0,17.86,Other,American,12.5,0,0,0,0,1,0,lunch
0.0,0.0,111.0,638,0.0,944.0,USDA,"ORIGINAL BLACK & TAN BARBECUE SAUCE, HONEY",30.56,0.0,25.0,0.0,Other,American,0.0,0,0,0,0,1,0,snack
0.0,1.4,194.0,639,0.0,722.0,USDA,"ORIGINAL BARBECUE SAUCE, ORIGINAL",47.22,0.0,41.67,0.0,Other,American,0.0,0,0,0,0,1,1,snack
0.0,1.4,194.0,640,0.0,722.0,USDA,"SWEET APPLE BARBECUE SAUCE, SWEET APPLE",47.22,0.0,41.67,0.0,Other,American,0.0,0,0,0,0,1,1,snack
21.43,7.1,464.0,641,0.0,286.0,USDA,"BLUE CORN TORTILLA STRIPS, BLUE CORN",60.71,0.0,0.0,7.14,Other,American,1.79,1,0,0,1,1,1,lunch
0.0,0.0,325.0,642,0.0,175.0,USDA,"FRUIT GUMMIES, FRUIT, FRUIT",80.0,0.0,42.5,0.0,Other,American,0.0,0,0,0,0,1,1,snack
0.0,0.0,304.0,643,0.0,174.0,USDA,"ORGANIC FRUIT GUMMY SNACKS, STRAWBERRY, PEACH, TANGERINE, LEMON, TROPICAL & MIXED BERRY, STRAWBERRY, PEACH, TANGERINE, LEMON, TROPICAL & MIXED BERRY",78.26,0.0,43.48,0.0,Other,American,0.0,0,0,0,0,1,1,snack
34.29,20.0,571.0,644,400.0,0.0,USDA,"CACAO CRUNCH ORGANIC 80% DARK CHOCOLATE, CACAO CRUNCH",48.57,0.0,17.14,11.43,Other,American,22.86,0,1,0,0,1,1,lunch
39.29,10.7,571.0,645,714.0,0.0,USDA,"72% COCOA CRANBERRIES ALMONDS + DARK CHOCOLATE, CRANBERRIES ALMONDS",50.0,0.0,28.57,7.14,Other,American,21.43,0,1,0,0,1,1,lunch
8.57,10.0,300.0,646,0.0,629.0,USDA,"MULTI-GRAIN WRAPS, MULTI-GRAIN",47.14,0.0,4.29,8.57,Other,American,3.57,1,0,0,0,1,1,lunch
17.86,3.6,500.0,647,0.0,214.0,USDA,"COCONUT GLUTEN FREE COOKIES, COCONUT",78.57,54.0,28.57,3.57,Other,American,10.71,0,0,0,0,1,1,snack
25.0,3.6,500.0,648,0.0,429.0,USDA,"SESAME SEAWEED RICE CHIPS, SESAME SEAWEED",64.29,0.0,3.57,7.14,Other,American,1.79,1,0,0,0,1,1,dinner
8.33,3.3,433.0,649,0.0,67.0,USDA,FORTUNE COOKIES SNACKS,83.33,0.0,50.0,6.67,Other,American,0.0,0,1,0,1,1,1,snack
0.0,0.0,400.0,650,0.0,800.0,USDA,ROASTED SEAWEED,40.0,0.0,0.0,40.0,Other,American,0.0,0,0,0,0,1,1,dinner
0.0,0.0,286.0,651,0.0,7571.0,USDA,"CHOP SUEY SEASONING MIX, CHOP SUEY",71.43,0.0,14.29,0.0,Other,American,0.0,0,0,0,0,1,1,lunch
9.38,0.0,156.0,652,0.0,312.0,USDA,"RASPBERRY VINAIGRETTE, RASPBERRY",18.75,0.0,18.75,0.0,Other,American,0.0,0,0,0,0,1,1,lunch
9.38,0.0,94.0,653,0.0,875.0,USDA,"SEA SALT CALIFORNIA RIPE SLICED OLIVES, SEA SALT",0.0,0.0,0.0,0.0,Other,American,0.0,0,0,0,0,1,1,lunch
10.71,0.0,107.0,654,0.0,750.0,USDA,"SEA SALT PITTED CALIFORNIA RIPE EXTRA LARGE OLIVES, SEA SALT",0.0,0.0,0.0,0.0,Other,American,0.0,0,0,0,0,1,1,lunch
40.0,30.0,425.0,655,0.0,0.0,USDA,"DARK CHOCOLATE, COCONUT",52.5,12.0,2.5,5.0,Other,American,25.0,1,1,0,0,1,1,snack
40.0,27.5,425.0,656,0.0,0.0,USDA,ALMOND DARK CHOCOLATE,50.0,12.0,2.5,7.5,Other,American,20.0,1,1,0,0,1,1,lunch
35.0,30.0,400.0,657,0.0,38.0,USDA,CREAMY CHOCOLATE,55.0,12.0,2.5,5.0,Other,American,22.5,1,1,0,0,1,0,lunch
0.0,0.0,286.0,658,0.0,0.0,USDA,"BUCKWHEAT BLOSSOM PURE & UNFILTERED SIMPLY RAW HONEY, BUCKWHEAT BLOSSOM",80.95,0.0,80.95,0.0,Other,American,0.0,0,1,0,0,1,0,lunch
0.0,0.0,286.0,659,0.0,0.0,USDA,"PACIFIC NORTHWEST BLACKBERRY BLOSSOM PURE & UNFILTERED RAW HONEY, PACIFIC NORTHWEST BLACKBERRY",80.95,0.0,80.95,0.0,Other,American,0.0,0,1,0,0,1,0,lunch
43.75,6.2,562.0,660,0.0,203.0,USDA,"VANILLA ALMOND BUTTER, VANILLA",34.38,0.0,18.75,15.62,Other,American,9.38,0,0,0,0,1,0,lunch
65.62,15.6,656.0,661,0.0,31.0,USDA,"RAW COCONUT BUTTER, WHOLE COCONUT PUREE, COCONUT, COCONUT",25.0,0.0,6.25,6.25,Other,American,56.25,0,1,0,0,1,0,snack
53.33,16.7,667.0,662,0.0,17.0,USDA,90% COCOA DARK CHOCOLATE,30.0,0.0,6.67,13.33,Other,American,33.33,0,1,0,0,1,1,lunch
16.28,2.3,349.0,663,0.0,23.0,USDA,"DELICIOUS CHERRIES COVERED WITH REAL DARK CHOCOLATE, DARK CHOCOLATE",67.44,0.0,48.84,2.33,Other,American,9.3,0,1,0,0,1,1,lunch
38.1,4.8,548.0,664,0.0,48.0,USDA,"MILK CHOCOLATE COVERED ALMONDS, MILK CHOCOLATE",47.62,12.0,40.48,11.9,Other,American,14.29,0,1,0,0,1,0,breakfast
0.0,0.0,375.0,665,0.0,0.0,USDA,RAW CANE SUGAR,100.0,0.0,100.0,0.0,Other,American,0.0,0,1,0,0,1,1,lunch
3.33,0.0,333.0,666,0.0,100.0,USDA,"STRAWBERRY FLAVORED SOFT AUSTRALIAN LIQUORICE, STRAWBERRY",76.67,0.0,36.67,3.33,Other,American,0.0,0,1,0,0,1,1,dinner
3.33,0.0,333.0,667,0.0,97.0,USDA,"MANGO FLAVORED SOFT AUSTRALIAN LIQUORICE, MANGO",76.67,0.0,36.67,3.33,Other,American,0.0,0,1,0,0,1,1,dinner
0.0,0.0,350.0,668,0.0,12.0,USDA,GUMMIES,82.5,0.0,47.5,5.0,Other,American,0.0,0,1,0,0,1,1,lunch
1.67,6.7,333.0,669,0.0,0.0,USDA,100% ORGANIC EINKORN ALL-PURPOSE FLOUR,66.67,0.0,0.0,13.33,Other,American,0.0,1,1,0,1,1,1,lunch
43.86,3.5,684.0,670,0.0,211.0,USDA,MARBLE HALVAH SESAME TREAT,31.58,0.0,17.54,10.53,Other,American,7.02,0,0,0,0,1,1,lunch
2.0,2.9,133.0,671,0.0,243.0,USDA,DAL PALAK WITH ZEERA RICE,24.29,0.0,0.29,4.57,Other,American,0.29,0,0,0,1,1,1,dinner
4.57,1.7,161.0,672,0.0,606.0,USDA,MUGHLAI KOFTA CURRY WITH PEAS PULAO,26.57,2.0,5.43,3.43,Other,American,1.71,0,0,0,0,1,1,dinner
6.0,1.0,138.0,673,0.0,520.0,USDA,"SPLENDID PEAS POTATO, MILD, MILD",19.0,15.0,0.0,2.0,Other,American,3.0,0,0,0,0,1,1,lunch
7.0,2.0,155.0,674,0.0,580.0,USDA,"SEASONED MUSHROOMS CURRY, MILD, MILD",20.0,10.0,1.0,3.0,Other,American,2.0,0,0,0,0,1,1,dinner
0.8,4.8,145.0,675,0.0,384.0,USDA,CHINESE FRIED RICE,32.0,0.0,0.8,2.4,Other,American,0.24,1,0,0,0,1,1,dinner
0.0,2.9,371.0,676,117.0,0.0,USDA,INSTANT POLENTA CORNMEAL,80.0,0.0,0.0,5.71,Other,American,0.0,0,1,0,1,1,1,lunch
1.79,5.4,357.0,677,211.0,0.0,USDA,"ENRICHED MACARONI PRODUCT, ELBOWS",75.0,0.0,1.79,12.5,Other,American,0.0,1,1,0,1,1,1,lunch
25.0,7.1,500.0,678,250.0,536.0,USDA,"RED HOT BLUES CORN TORTILLA CHIPS, RED HOT BLUES",60.71,0.0,0.0,7.14,Other,American,1.79,1,0,0,0,1,1,snack
25.0,7.1,500.0,679,286.0,232.0,USDA,"BLUE CORN TORTILLA CHIPS, BLUE",60.71,0.0,0.0,7.14,Other,American,3.57,1,0,0,0,1,1,snack
75.0,7.1,714.0,680,0.0,643.0,USDA,WASABI SOY MACADAMIAS,14.29,0.0,3.57,7.14,Other,American,10.71,1,0,1,0,1,1,lunch
45.45,12.1,606.0,681,0.0,242.0,USDA,"SPICY PUMPKIN, SPICY",18.18,0.0,0.0,30.3,Other,American,9.09,1,0,1,0,1,1,lunch
0.0,2.5,25.0,682,100.0,142.0,USDA,DICED RUTABAGAS,5.0,0.0,2.5,0.0,Other,American,0.0,0,0,0,1,1,1,lunch
0.0,0.9,17.0,683,0.0,339.0,USDA,SLICED MUSHROOMS,2.61,0.0,0.87,1.74,Other,American,0.0,0,0,0,0,1,1,lunch
1.25,7.5,350.0,684,0.0,525.0,USDA,"GOJI BERRIES SUPERFOOD SNACK, GOJI BERRIES",75.0,0.0,47.5,12.5,Other,American,0.0,0,0,0,0,1,1,snack
0.0,0.0,333.0,685,0.0,0.0,USDA,"BUBBLE GUM, ORIGINAL & BLUE RAZZ",83.33,0.0,66.67,0.0,Other,American,0.0,0,1,0,0,1,1,lunch
5.36,8.3,167.0,686,333.0,12.0,USDA,"ORIGINAL ORGANIC TEMPEH, ORIGINAL",11.9,0.0,0.0,19.05,Other,American,1.19,1,1,1,1,1,1,lunch
5.36,7.1,143.0,687,0.0,286.0,USDA,ORGANIC CURRY LENTIL DIP,14.29,0.0,0.0,7.14,Other,American,0.0,1,0,1,1,1,1,dinner
0.0,1.1,101.0,688,0.0,11.0,USDA,"STRAWBERRY PIE FILLING & TOPPING, STRAWBERRY",26.97,0.0,21.35,0.0,Other,American,0.0,0,1,0,0,1,1,lunch
0.42,2.5,76.0,689,0.0,8.0,USDA,"BLENDED SUPERFRUIT, BLUEBERRY & BLACKCURRANT",17.65,0.0,13.45,0.84,Other,American,0.0,0,1,0,1,1,1,snack
0.0,1.8,31.0,690,0.0,0.0,USDA,WHOLE WATER CHESTNUTS,7.93,0.0,1.32,0.88,Other,American,0.0,0,1,0,0,1,1,snack
0.0,1.4,14.0,691,0.0,0.0,USDA,SLICED BAMBOO SHOOTS,2.86,0.0,0.71,0.71,Other,American,0.0,0,1,0,0,1,1,lunch
0.0,2.9,371.0,692,0.0,400.0,USDA,"MAPLE BROWN SUGAR INSTANT HOT CEREAL, MAPLE BROWN SUGAR",80.0,0.0,37.14,5.71,Other,American,0.0,0,0,0,0,1,1,breakfast
0.0,8.6,286.0,693,837.0,43.0,USDA,"1 APPLE + 3 APRICOTS FRUIT BAR, APPLE + APRICOTS",77.14,0.0,65.71,2.86,Other,American,0.0,0,1,0,1,1,1,snack
0.0,8.6,286.0,694,489.0,43.0,USDA,"1 APPLE + 1 PEAR FRUIT BAR, APPLE + PEAR",77.14,0.0,68.57,2.86,Other,American,0.0,0,1,0,1,1,1,snack
5.91,0.9,132.0,695,121.0,436.0,USDA,"BAKED MACARONI & CHEESE WITH REAL CHEDDAR CHEESE & ELBOW MACARONI, BAKED MACARONI & CHEESE",13.18,18.0,0.91,6.82,Other,American,3.18,0,0,0,0,1,0,dinner
5.0,1.0,125.0,696,0.0,435.0,USDA,"SIGNATURE MACARONI & CHEESE WITH REAL MILK, CHEDDAR CHEESE, & ELBOW MACARONI, SIGNATURE MACARONI & CHEESE",13.0,18.0,2.0,6.0,Other,American,3.0,0,0,0,0,1,0,breakfast
26.53,0.0,296.0,697,0.0,1184.0,USDA,"HOT LOUISIANA SMOKED SAUSAGE, HOT LOUISIANA",3.06,66.0,0.0,13.27,Other,American,9.18,0,0,0,0,0,0,lunch
1.15,6.2,100.0,698,277.0,108.0,USDA,"LOW SODIUM CHILI BEANS PINTO WITH CHILI PEPPER, ONION & GARLIC IN A ZESTY TOMATO SAUCE, CHILI PEPPER, ONION & GARLIC",16.15,0.0,1.54,5.38,Other,American,0.0,1,1,1,1,1,1,lunch
0.77,4.6,92.0,699,269.0,338.0,USDA,"WHITE CHILI BEANS WITH ONION, GARLIC, CHILI SPICES & MILD JALAPENO, ONION, GARLIC, CHILI SPICES & MILD JALAPENO",16.15,0.0,0.77,5.38,Other,American,0.0,1,0,1,0,1,1,lunch
0.0,1.8,364.0,700,0.0,145.0,USDA,RICE STICKS RICE NOODLES,90.91,0.0,0.0,0.0,Other,American,0.0,0,0,0,0,1,1,dinner
0.91,3.6,364.0,701,182.0,45.0,USDA,"RAMEN STYLE CHINESE NOODLES, RAMEN STYLE",76.36,0.0,1.82,12.73,Other,American,0.91,1,1,0,1,1,1,dinner
0.22,0.0,340.0,702,0.0,860.0,USDA,SPRING ROLL SKIN,82.5,0.0,0.0,2.13,Other,American,0.13,0,0,0,0,1,1,lunch
1.9,1.0,219.0,703,0.0,314.0,USDA,"ASIAN MEALS, MALAYSIAN GARLIC SESAME NOODLE, RICE NOODLE SOUP BOWL",42.86,0.0,0.0,5.71,Other,American,0.95,0,0,0,0,1,1,dinner
0.0,0.0,333.0,704,0.0,7111.0,USDA,"CHOW MEIN SEASONING MIX, CHOW MEIN",66.67,0.0,22.22,0.0,Other,American,0.0,0,0,0,0,1,1,lunch
0.0,0.0,375.0,705,0.0,0.0,USDA,PREMIUM PURE CANE GRANULATED SUGAR,100.0,0.0,100.0,0.0,Other,American,0.0,0,1,0,0,1,1,lunch
0.0,0.0,211.0,706,0.0,26.0,USDA,"FINE DESSERT FILLING, CHERRY, CHERRY",50.0,0.0,34.21,0.0,Other,American,0.0,0,1,0,0,1,1,lunch
0.0,0.0,189.0,707,0.0,14.0,USDA,"FINE DESSERT FILLING, PINEAPPLE, PINEAPPLE",48.65,0.0,35.14,0.0,Other,American,0.0,0,1,0,0,1,1,lunch
0.0,0.0,194.0,708,0.0,28.0,USDA,"FINE DESSERT FILLING, RASPBERRY, RASPBERRY",50.0,0.0,33.33,0.0,Other,American,0.0,0,1,0,0,1,1,lunch
9.72,2.8,306.0,709,0.0,56.0,USDA,"FINE DESSERT FILLING, POPPYSEED, POPPYSEED",55.56,0.0,41.67,5.56,Other,American,0.0,0,1,0,1,1,1,lunch
0.0,2.4,28.0,710,110.0,189.0,USDA,SLICED MUSHROOMS,3.15,0.0,0.0,3.15,Other,American,0.0,0,0,0,1,1,1,lunch
0.0,0.8,21.0,711,190.0,12.0,USDA,NO SALT ADDED DICED TOMATOES,4.13,0.0,2.48,0.83,Other,American,0.0,0,1,0,0,1,1,lunch
0.0,0.8,24.0,712,187.0,203.0,USDA,"ITALIAN STYLE STEWED TOMATOES, ITALIAN STYLE",5.69,0.0,4.88,0.81,Other,American,0.0,0,0,0,0,1,1,dinner
0.39,4.7,85.0,713,0.0,287.0,USDA,TENDER SWEET PEAS,14.73,0.0,3.88,4.65,Other,American,0.0,1,0,1,1,1,1,lunch
0.0,1.5,117.0,714,182.0,18.0,USDA,"SAUCED YAM CUTS SWEET POTATOES, ORANGE PINEAPPLE, ORANGE PINEAPPLE",27.74,0.0,17.52,1.46,Other,American,0.0,0,1,0,0,1,1,lunch
0.0,0.0,250.0,715,0.0,10750.0,USDA,BEEF STROGANOFF SEASONING MIX,50.0,0.0,25.0,25.0,Other,American,0.0,0,0,0,0,0,0,lunch
18.75,3.1,453.0,716,0.0,1750.0,USDA,"HOT & SPICY WITH CHILI PIQUIN & SHRIMP RAMEN NOODLE SOUP, HOT & SPICY WITH CHILI PIQUIN & SHRIMP",60.94,16.0,3.12,10.94,Other,American,9.38,1,0,0,0,1,1,dinner
13.64,12.1,424.0,717,258.0,1182.0,USDA,LIGHT BUTTER FLAVOR MICROWAVE POPCORN,63.64,0.0,0.0,9.09,Other,American,6.06,1,0,0,0,1,0,lunch
6.94,1.4,389.0,718,0.0,1222.0,USDA,"MACARONI & CHEESE PASTA, MACARONI & CHEESE",69.44,0.0,4.17,11.11,Other,American,3.47,0,0,0,0,1,0,dinner
4.92,1.6,377.0,719,295.0,754.0,USDA,"ORIGINAL SPEEDY MAC MACARONI & CHEESE MICROWAVEABLE DINNER, ORIGINAL",68.85,8.0,8.2,11.48,Other,American,3.28,0,0,0,0,1,0,lunch
15.62,0.0,156.0,720,0.0,781.0,USDA,"BELL'S, SLICED RIPE OLIVES",6.25,0.0,0.0,0.0,Other,American,0.0,0,0,0,0,1,1,lunch
0.0,0.0,18.0,721,0.0,1464.0,USDA,"HOT JALAPENO PEPPERS SLICED, HOT JALAPENO",0.0,0.0,0.0,0.0,Other,American,0.0,0,0,0,0,1,1,lunch
0.0,0.0,18.0,722,0.0,571.0,USDA,ROASTED PEPPERS,3.57,0.0,3.57,0.0,Other,American,0.0,0,0,0,0,1,1,dinner
0.0,0.0,100.0,723,0.0,900.0,USDA,"HAMBURGER RELISH, SWEET TOMATO, SWEET TOMATO",26.67,0.0,26.67,0.0,Other,American,0.0,0,0,0,0,1,1,lunch
0.0,0.0,36.0,724,0.0,1107.0,USDA,"HOT CHERRY WHOLE PEPPERS, HOT CHERRY",7.14,0.0,0.0,0.0,Other,American,0.0,0,0,0,0,1,1,lunch
0.0,0.0,100.0,725,0.0,800.0,USDA,"SWEET INDIA RELISH, SWEET",26.67,0.0,20.0,0.0,Other,American,0.0,0,0,0,0,1,1,lunch
0.0,0.0,18.0,726,0.0,929.0,USDA,"KOSHER DILL SANDWICH STUFFERS, KOSHER DILL",3.57,0.0,0.0,0.0,Other,American,0.0,0,0,0,0,1,1,lunch
0.83,1.7,42.0,727,0.0,133.0,USDA,"THE ORIGINAL PIZZA SAUCE, ORIGINAL",6.67,0.0,3.33,1.67,Other,American,0.0,0,1,0,0,1,1,lunch
6.67,3.3,367.0,728,0.0,2133.0,USDA,GLUTEN FREE PRETZEL STICKS,70.0,0.0,3.33,3.33,Other,American,0.0,1,0,0,0,1,1,lunch
16.67,6.7,467.0,729,320.0,367.0,USDA,"ORIGINAL MULTI-SEED CRACKERS WITH SESAME, QUINOA, FLAX AND AMARANTH SEEDS WITH A RICH AND SAVORY TASTE, ORIGINAL",66.67,0.0,0.0,10.0,Other,American,1.67,1,0,0,0,1,1,snack
35.71,10.7,571.0,730,214.0,36.0,USDA,"SWEET POTATO REAL VEGETABLE CHIPS, SWEET POTATO",53.57,0.0,10.71,3.57,Other,American,3.57,0,1,0,0,1,1,snack
28.57,3.6,500.0,731,929.0,750.0,USDA,"SEA SALT VEGGIE STICKS, SEA SALT",64.29,0.0,0.0,3.57,Other,American,3.57,1,0,0,0,1,0,breakfast
40.0,0.0,450.0,732,0.0,2000.0,USDA,"SWEET APPLE-WOOD SMOKED THICK SLICED BACON, SWEET APPLE-WOOD",0.0,50.0,0.0,30.0,Other,American,15.0,0,0,0,0,0,0,lunch
10.71,0.0,179.0,733,0.0,696.0,USDA,TURKEY SAUSAGE,0.0,98.0,0.0,19.64,Other,American,2.68,0,0,0,0,0,0,lunch
0.0,4.5,364.0,734,318.0,591.0,USDA,"CHOCOLATE PUDDING & PIE FILLING, CHOCOLATE",90.91,0.0,59.09,0.0,Other,American,0.0,0,0,0,0,1,1,lunch
4.29,8.6,371.0,735,314.0,486.0,USDA,"APPLE & CINNAMON FLAVORED INSTANT OATMEAL, APPLE & CINNAMON",77.14,0.0,34.29,8.57,Other,American,0.0,0,0,0,0,1,1,breakfast
0.0,0.9,22.0,736,0.0,108.0,USDA,DICED TOMATOES,4.31,0.0,2.59,0.86,Other,American,0.0,0,1,0,0,1,1,lunch
0.0,0.8,29.0,737,0.0,125.0,USDA,"BASIL, GARLIC & OREGANO ITALIAN STYLE DICED TOMATOES, BASIL, GARLIC & OREGANO",5.83,0.0,4.17,0.83,Other,American,0.0,0,1,0,0,1,1,lunch
0.0,0.9,22.0,738,0.0,108.0,USDA,PETITE DICED TOMATOES,4.31,0.0,2.59,0.86,Other,American,0.0,0,1,0,0,1,1,lunch
0.0,0.9,22.0,739,0.0,121.0,USDA,"SPICY GREEN CHILIES & LIME SALSA STYLE PETITE DICED TOMATOES, SPICY GREEN CHILIES & LIME",4.31,0.0,2.59,0.86,Other,American,0.0,0,1,0,0,1,1,lunch
0.0,0.9,22.0,740,0.0,108.0,USDA,"GREEN CHILIES PETITE DICED TOMATOES, GREEN CHILIES",4.31,0.0,2.59,0.86,Other,American,0.0,0,1,0,0,1,1,lunch
0.42,0.8,21.0,741,0.0,144.0,USDA,"GREEN PEPPERS & ONIONS DICED TOMATOES, GREEN PEPPERS & ONIONS",4.24,0.0,2.54,0.85,Other,American,0.0,0,0,0,0,1,1,lunch
0.0,1.7,25.0,742,0.0,117.0,USDA,CRUSHED TOMATOES,5.83,0.0,4.17,1.67,Other,American,0.0,0,1,0,0,1,1,lunch
0.0,1.6,33.0,743,0.0,123.0,USDA,"ROASTED GARLIC & OLIVE OIL CRUSHED TOMATOES, ROASTED GARLIC & OLIVE OIL",6.56,0.0,3.28,0.82,Other,American,0.0,0,1,0,0,1,1,dinner
30.0,0.0,400.0,744,0.0,1400.0,USDA,"HOMESTYLE PARMESAN GRATED CHEESE, HOMESTYLE PARMESAN",0.0,100.0,0.0,40.0,Other,American,20.0,0,0,0,0,1,0,lunch
4.0,3.0,71.0,745,480.0,450.0,USDA,"CAPONATA EGGPLANT APPETIZER, CAPONATA",9.0,0.0,6.0,1.0,Other,American,1.0,0,0,0,0,1,0,breakfast
0.85,1.7,43.0,746,0.0,77.0,USDA,"ITALIAN STYLE SPAGHETTI SAUCE, ITALIAN STYLE",8.55,0.0,5.13,0.85,Other,American,0.0,0,1,0,0,1,1,lunch
16.67,0.0,200.0,747,0.0,567.0,USDA,"FRENCH ONION DIP, FRENCH ONION",6.67,0.0,6.67,3.33,Other,American,8.33,0,0,0,0,1,1,lunch
30.0,6.7,533.0,748,500.0,0.0,USDA,"BANANA PREMIUM CHIPS, BANANA",63.33,0.0,20.0,3.33,Other,American,26.67,0,1,0,0,1,1,snack
9.38,0.0,94.0,749,0.0,875.0,USDA,"SEA SALT CALIFORNIA RIPE SLICED OLIVES, SEA SALT",0.0,0.0,0.0,0.0,Other,American,0.0,0,0,0,0,1,1,lunch
0.0,0.0,100.0,750,0.0,1300.0,USDA,"DUSSELDORF MUSTARD, DUSSELDORF",0.0,0.0,0.0,0.0,Other,American,0.0,0,0,0,0,1,1,lunch
0.0,0.0,100.0,751,0.0,1200.0,USDA,"SPICY BROWN MUSTARD, SPICY BROWN",0.0,0.0,0.0,0.0,Other,American,0.0,0,0,0,0,1,1,lunch
0.0,0.0,184.0,752,0.0,842.0,USDA,"SWEET & ZESTY BBQ SAUCE, SWEET & ZESTY",44.74,0.0,39.47,0.0,Other,American,0.0,0,0,0,0,1,1,lunch
0.0,0.8,48.0,753,81.0,4.0,USDA,YELLOW CLING PEACHES CHUNKS IN EXTRA LIGHT SYRUP,12.9,0.0,10.48,0.0,Other,American,0.0,0,1,0,0,1,1,lunch
0.0,1.6,78.0,754,47.0,4.0,USDA,PEAR CHUNKS BARTLETT PEAR IN HEAVY SYRUP,19.53,0.0,15.62,0.0,Other,American,0.0,0,1,0,0,1,1,snack
4.0,0.0,56.0,755,179.0,248.0,USDA,"TOMATO BASIL PASTA SAUCE, TOMATO BASIL",4.0,0.0,2.4,0.8,Other,American,0.8,0,0,0,0,1,1,dinner
7.2,1.6,80.0,756,173.0,256.0,USDA,"VODKA SAUCE, VODKA",4.0,12.0,2.4,1.6,Other,American,2.8,0,0,0,0,1,1,lunch
25.0,1.6,375.0,757,0.0,719.0,USDA,"SAUSAGE & CHEESE FLATBREAD POCKET SNACK SANDWICHES, SAUSAGE & CHEESE",25.0,39.0,1.56,12.5,Other,American,9.38,0,0,0,0,0,0,snack
0.0,1.7,25.0,758,203.0,356.0,USDA,SEASONED SOUTHERN STYLE TURNIP GREENS,4.24,0.0,1.69,0.85,Other,American,0.0,0,0,0,0,1,1,lunch
16.25,2.5,412.0,759,338.0,450.0,USDA,"CHOCOLATE CREME-FILLED CUPCAKES, CHOCOLATE",65.0,44.0,47.5,3.75,Other,American,6.25,0,0,0,0,1,1,lunch
28.57,0.0,500.0,760,0.0,929.0,USDA,"CROUTONS, CHEDDAR BACON, CHEDDAR BACON",57.14,0.0,0.0,14.29,Other,American,0.0,0,0,0,0,0,0,lunch
0.0,0.0,167.0,761,0.0,0.0,USDA,"TRADITIONAL ORGANIC YERBA MATE, TRADITIONAL",33.33,0.0,0.0,0.0,Other,American,0.0,0,1,0,0,1,1,lunch
0.0,0.0,100.0,762,0.0,500.0,USDA,"ROASTED CHIPOTLE MEDIUM HOT & SPICY MUSTARD, CHIPOTLE, CHIPOTLE",20.0,0.0,0.0,0.0,Other,American,0.0,0,0,0,0,1,1,dinner
0.0,0.0,375.0,763,0.0,0.0,USDA,UNREFINED ORGANIC COCONUT SUGAR,100.0,0.0,100.0,0.0,Other,American,0.0,0,1,0,0,1,1,snack
1.43,2.1,114.0,764,0.0,179.0,USDA,DINE IN BASMATI RICE,24.29,0.0,0.0,2.86,Other,American,0.14,0,0,0,1,1,1,dinner
0.0,0.0,100.0,765,0.0,800.0,USDA,"HOT & SPICY MANGO MUSTARD, MEDIUM, MEDIUM",20.0,0.0,0.0,0.0,Other,American,0.0,0,0,0,0,1,1,lunch
0.0,0.0,106.0,766,0.0,818.0,USDA,"BBQ, ROASTED GARLIC",24.24,0.0,18.18,0.0,Other,American,0.0,0,0,0,0,1,1,dinner
0.76,6.1,122.0,767,0.0,290.0,USDA,"VEGETARIAN BAKED BEANS WITH MOLASSES & SPICES, VEGETARIAN",23.66,0.0,9.16,5.34,Other,American,0.0,0,0,0,1,1,1,dinner
1.79,5.4,357.0,768,211.0,0.0,USDA,"ENRICHED MACARONI PRODUCT, MINI WHEELS",75.0,0.0,1.79,12.5,Other,American,0.0,1,1,0,1,1,1,lunch
0.0,3.3,17.0,769,0.0,600.0,USDA,SAUERKRAUT,3.33,0.0,3.33,0.0,Other,American,0.0,1,0,1,0,1,1,lunch
11.67,3.3,133.0,770,0.0,600.0,USDA,SPINACH DIP MADE WITH GREEK YOGURT,6.67,33.0,3.33,3.33,Other,American,8.33,1,0,1,0,1,0,snack
28.57,7.1,536.0,771,239.0,714.0,USDA,"TACO TORTILLA CHIPS, TACO",60.71,0.0,3.57,7.14,Other,American,3.57,1,0,0,0,1,1,snack
25.0,7.1,536.0,772,293.0,607.0,USDA,"NACHO CHEESE FLAVORED TORTILLA CHIPS, NACHO CHEESE",64.29,0.0,3.57,7.14,Other,American,1.79,1,0,0,0,1,0,snack
0.0,0.0,36.0,773,0.0,643.0,USDA,MEXICAN STYLE TACO SAUCE & CHIP DIP,7.14,0.0,3.57,0.0,Other,American,0.0,0,0,0,0,1,1,snack
0.0,0.0,32.0,774,0.0,177.0,USDA,"GREEN CHILE TACO SALSA, MILD, MILD",6.45,0.0,3.23,0.0,Other,American,0.0,0,0,0,0,1,1,lunch
0.0,0.0,32.0,775,0.0,613.0,USDA,"SONORAN SALSA, MILD, MILD",6.45,0.0,6.45,0.0,Other,American,0.0,0,0,0,0,1,1,lunch
8.0,10.0,400.0,776,400.0,80.0,USDA,"BLUEBERRY SCONE INSTANT OATMEAL WITH ANCIENT GRAINS QUINOA & AMARANTH, BLUEBERRY SCONE",72.0,0.0,22.0,14.0,Other,American,1.0,0,1,0,1,1,1,breakfast
12.07,10.3,414.0,777,493.0,0.0,USDA,"EUROPEAN STYLE MUESLI GLUTEN FREE HOT OR COLD CEREAL, EUROPEAN STYLE MUESLI",65.52,0.0,13.79,10.34,Other,American,3.45,0,1,0,0,1,1,breakfast
2.73,18.2,345.0,778,345.0,255.0,USDA,"CRANBERRY CEREAL, CRANBERRY",76.36,0.0,20.0,9.09,Other,American,0.0,0,0,0,1,1,1,breakfast
93.33,0.0,867.0,779,0.0,0.0,USDA,ROASTED BLACK WALNUT OIL,0.0,0.0,0.0,0.0,Other,American,6.67,0,1,0,0,1,1,dinner
1.79,3.6,375.0,780,196.0,0.0,USDA,"ENRICHED MACARONI PRODUCT, CAVATAPPI",73.21,0.0,1.79,14.29,Other,American,0.0,1,1,0,1,1,1,lunch
1.79,3.6,375.0,781,0.0,0.0,USDA,"ENRICHED MACARONI PRODUCT, WAGON WHEELS",78.57,0.0,3.57,12.5,Other,American,0.0,1,1,0,1,1,1,lunch
2.0,1.6,64.0,782,336.0,384.0,USDA,"MARINARA SAUCE, MARINARA",8.8,0.0,5.6,1.6,Other,American,0.0,0,0,0,0,1,1,lunch
14.29,2.1,429.0,783,0.0,357.0,USDA,FLATBREAD,78.57,21.0,1.43,2.14,Other,American,2.86,0,0,0,0,1,1,lunch
3.54,0.9,62.0,784,0.0,106.0,USDA,"LOW SODIUM TOMATO BASIL PREMIUM SAUCE, LOW SODIUM TOMATO BASIL",5.31,0.0,3.54,1.77,Other,American,0.0,0,1,0,0,1,1,lunch
3.54,0.9,62.0,785,0.0,106.0,USDA,"MARINARA 100% ITALIAN TOMATOES PREMIUM SAUCE, MARINARA",5.31,0.0,3.54,1.77,Other,American,0.0,0,1,0,0,1,1,lunch
0.0,0.8,24.0,786,0.0,16.0,USDA,SLICED STEWED TOMATOES,5.69,0.0,4.88,0.81,Other,American,0.0,0,1,0,0,1,1,dinner
0.0,0.0,400.0,787,0.0,0.0,USDA,"GREEN TEA WITH HONEY ICED TEA MIX, GREEN TEA WITH HONEY",100.0,0.0,92.0,0.0,Other,American,0.0,0,1,0,0,1,0,lunch
8.65,1.0,375.0,788,285.0,240.0,USDA,"FROSTED STRAWBERRY TOASTER PASTRIES, FROSTED STRAWBERRY",71.15,0.0,38.46,2.88,Other,American,4.33,0,0,0,0,1,1,breakfast
10.0,6.7,433.0,789,287.0,450.0,USDA,"CHIA SEEDS ARTISAN CRACKER SNACKS, CHIA SEEDS",76.67,0.0,0.0,10.0,Other,American,0.0,1,0,0,0,1,1,snack
0.0,1.6,33.0,790,0.0,25.0,USDA,CRUSHED TOMATOES,6.56,0.0,4.92,1.64,Other,American,0.0,0,1,0,0,1,1,lunch
0.0,1.6,33.0,791,303.0,230.0,USDA,"CHUNKY STYLE GROUND PEELED TOMATOES, CHUNKY STYLE",6.56,0.0,4.92,1.64,Other,American,0.0,0,0,0,0,1,1,lunch
0.0,1.6,33.0,792,305.0,25.0,USDA,GROUND PEELED TOMATOES,6.56,0.0,4.92,1.64,Other,American,0.0,0,1,0,0,1,1,lunch
5.36,3.6,393.0,793,0.0,1821.0,USDA,"SHOPRITE, STUFFING MIX, CHICKEN, CHICKEN",75.0,0.0,7.14,10.71,Other,American,0.0,0,0,0,0,0,0,lunch
0.0,3.6,357.0,794,143.0,161.0,USDA,"PLAIN LIGHT & CRISPY PANKO BREAD CRUMBS, PLAIN",75.0,0.0,7.14,10.71,Other,American,0.0,0,0,0,1,1,1,lunch
3.57,10.7,357.0,795,964.0,0.0,USDA,"SEASONED SALT FREE BREAD CRUMBS, SEASONED",75.0,0.0,3.57,10.71,Other,American,0.0,1,1,0,1,1,1,lunch
5.36,7.1,357.0,796,250.0,2071.0,USDA,"SEASONED WITH PECORINO ROMANO CHEESE BREAD CRUMBS, SEASONED",64.29,0.0,7.14,14.29,Other,American,1.79,0,0,0,0,1,0,lunch
0.0,0.0,300.0,797,0.0,8000.0,USDA,"SAVORY HERB CHICKEN SEASONING MIX, SAVORY HERB CHICKEN",60.0,0.0,20.0,0.0,Other,American,0.0,0,0,0,0,0,0,lunch
0.0,20.0,300.0,798,0.0,8000.0,USDA,"ORIGINAL CHILI SEASONING MIX, ORIGINAL CHILI",60.0,0.0,0.0,0.0,Other,American,0.0,1,0,0,0,1,1,lunch
11.0,1.0,160.0,799,0.0,160.0,USDA,COLE SLAW,15.0,10.0,13.0,1.0,Other,American,2.5,0,0,0,0,1,1,lunch
13.33,17.8,444.0,800,2089.0,489.0,USDA,"WASABI DRY ROASTED EDAMAME, WASABI",35.56,0.0,0.0,44.44,Other,American,2.22,1,0,0,0,1,1,dinner
0.0,0.0,30.0,801,0.0,212.0,USDA,"HOT PREMIUM SALSA, HOT",6.06,0.0,0.0,0.0,Other,American,0.0,0,0,0,0,1,1,lunch
30.3,3.0,515.0,802,0.0,91.0,USDA,"TURTLES BRAND CARAMEL NUT CLUSTERS, ORIGINAL",60.61,9.0,45.45,6.06,Other,American,12.12,0,1,0,0,1,1,snack
32.14,10.7,536.0,803,1143.0,411.0,USDA,"ORIGINAL SEA SALT, PARSNIP, TARO, SWEET POTATO, YUCA, BATATA REAL VEGETABLE CHIPS, ORIGINAL",57.14,0.0,7.14,3.57,Other,American,1.79,0,0,0,0,1,1,snack
2.63,5.3,316.0,804,37.0,6474.0,USDA,"SOUTHWESTERN STYLE CHILI MIX, SOUTHWESTERN STYLE",63.16,0.0,31.58,5.26,Other,American,0.0,0,0,0,0,1,1,lunch
0.0,0.9,17.0,805,0.0,339.0,USDA,SLICED MUSHROOMS,2.61,0.0,0.87,1.74,Other,American,0.0,0,0,0,0,1,1,lunch
25.0,3.6,500.0,806,0.0,821.0,USDA,"CRUNCHY CRINKLE FRIES, CHEDDAR CHEESE, CHEDDAR CHEESE",57.14,0.0,7.14,7.14,Other,American,3.57,0,0,0,0,1,0,lunch
28.57,10.7,536.0,807,929.0,161.0,USDA,"SWEETS & CARROTS REAL VEGETABLE CHIPS, SWEETS & CARROTS",57.14,0.0,17.86,3.57,Other,American,1.79,0,0,0,1,1,1,snack
4.55,0.0,409.0,808,0.0,1182.0,USDA,"SHOPRITE, POPPED CORN CAKES, WHITE CHEDDAR, WHITE CHEDDAR",81.82,0.0,9.09,9.09,Other,American,0.0,0,0,0,0,1,1,lunch
1.15,0.8,31.0,809,0.0,508.0,USDA,TOMATILLOS,3.85,0.0,1.54,1.54,Other,American,0.0,0,0,0,0,1,1,lunch
30.0,0.0,400.0,810,0.0,1800.0,USDA,"PARMESAN GRATED CHEESE, PARMESAN",0.0,100.0,0.0,40.0,Other,American,20.0,0,0,0,0,1,0,lunch
16.0,10.0,360.0,811,260.0,400.0,USDA,"GLUTEN - FREE CHUNKY CHOCOLATE CHIP FLAX MUFFINS, CHUNKY CHOCOLATE CHIP",46.0,0.0,26.0,10.0,Other,American,3.0,0,0,0,0,1,1,snack
15.6,0.0,234.0,812,206.0,64.0,USDA,"SMALL BATCH BOURBON VANILLA ICE CREAM, SMALL BATCH BOURBON VANILLA",19.86,64.0,19.15,4.26,Other,American,9.93,0,1,0,0,1,0,lunch
13.15,4.7,244.0,813,0.0,324.0,USDA,"TOFURKY, QUICHE VEGAN SAUSAGE & VEGGIE",20.19,0.0,1.88,10.8,Other,American,5.16,1,0,1,0,0,0,breakfast
12.31,4.6,277.0,814,0.0,369.0,USDA,VEGAN FISH FILLET,30.77,0.0,4.62,12.31,Other,American,1.54,1,0,0,0,0,0,lunch
28.12,3.1,469.0,815,0.0,906.0,USDA,"ORGANIC MINI BITE SIZE SANDWICH CRACKERS, CHEDDAR CHEESE, CHEDDAR CHEESE",53.12,16.0,9.38,6.25,Other,American,9.38,0,0,0,0,1,0,snack
16.67,6.7,467.0,816,300.0,300.0,USDA,"ROSEMARY & OLIVE OIL MULTI-SEED CRACKERS WITH SESAME, QUINOA, FLAX, AMARANTH SEEDS, ROSEMARY AND OLIVE OIL FOR A MEDITERRANEAN TASTE, ROSEMARY & OLIVE OIL",70.0,0.0,0.0,10.0,Other,American,1.67,1,0,0,0,1,1,snack
25.0,7.1,464.0,817,214.0,250.0,USDA,"SWEET POTATO MULTIGRAIN TORTILLA CHIPS, SWEET POTATO",57.14,0.0,0.0,7.14,Other,American,1.79,1,0,0,1,1,1,snack
11.36,0.0,409.0,818,0.0,205.0,USDA,"ANGELICA GOODIES COOKIES, ANGELICA GOODIES",72.73,55.0,27.27,4.55,Other,American,4.55,0,0,0,0,1,1,snack
19.35,3.2,484.0,819,0.0,355.0,USDA,"BISCOTTI ITALIAN COOKIES, APRICOT ALMOND, APRICOT ALMOND",64.52,81.0,32.26,9.68,Other,American,9.68,0,0,0,0,1,1,snack
12.9,3.2,387.0,820,0.0,371.0,USDA,"ROMAN EGG BISCUITS COFFEE TREATS COOKIES, ROMAN EGG",64.52,16.0,22.58,6.45,Other,American,6.45,0,0,0,0,1,0,snack
14.52,0.0,452.0,821,0.0,403.0,USDA,"BISCOTTI, BLUEBERRY LEMON, BLUEBERRY LEMON",70.97,81.0,32.26,6.45,Other,American,8.06,0,0,0,0,1,1,lunch
10.57,0.9,194.0,822,106.0,247.0,USDA,"TRUFFLE PARMESAN MAC & CHEESE TUBETTI PASTA AND CREAMY TRUFFLE PARMESAN CHEDDAR CHEESE SAUCE-ALL TOPPED WITH INSANELY TASTY PANKO BREADCRUMBS, TRUFFLE PARMESAN MAC & CHEESE",19.38,26.0,2.2,5.73,Other,American,5.29,0,0,0,0,1,0,dinner
12.9,3.2,452.0,823,0.0,387.0,USDA,"ANIMAL COOKIES, CARAMEL",74.19,32.0,29.03,3.23,Other,American,6.45,0,0,0,0,1,1,snack
10.34,10.3,259.0,824,224.0,466.0,USDA,"ANCIENT GRAIN OMEGA FLAX & FIBER BREAD, OMEGA FLAX & FIBER",41.38,0.0,5.17,8.62,Other,American,0.86,0,0,0,0,1,1,lunch
0.38,3.8,77.0,825,238.0,231.0,USDA,PINTO BEANS,13.08,0.0,0.0,3.85,Other,American,0.0,1,0,1,1,1,1,lunch
0.0,0.0,17.0,826,167.0,667.0,USDA,SAUERKRAUT,3.33,0.0,3.33,0.0,Other,American,0.0,0,0,0,0,1,1,lunch
35.71,0.0,393.0,827,0.0,679.0,USDA,"SHARP CHEDDAR SLICED CHEESE, SHARP CHEDDAR",3.57,107.0,0.0,25.0,Other,American,21.43,0,0,0,0,1,0,lunch
3.57,0.0,125.0,828,0.0,732.0,USDA,SLICED UNCURED TURKEY HAM,3.57,62.0,3.57,17.86,Other,American,0.89,0,0,0,0,0,0,lunch
32.14,0.0,393.0,829,0.0,643.0,USDA,"RAW CHEDDAR ORGANIC CHEESE, RAW CHEDDAR",3.57,107.0,0.0,21.43,Other,American,17.86,0,0,0,0,1,0,lunch
30.0,0.0,400.0,830,200.0,2000.0,USDA,"GRATED PARMESAN & ROMANO CHEESE, PARMESAN & ROMANO",0.0,100.0,0.0,40.0,Other,American,20.0,0,0,0,0,1,0,lunch
0.0,1.8,22.0,831,64.0,195.0,USDA,"PIECES & STEMS MUSHROOMS, PIECES & STEMS",3.54,0.0,0.88,1.77,Other,American,0.0,0,0,0,0,1,1,lunch
0.0,7.1,214.0,832,0.0,304.0,USDA,"HONEY WHEAT WITH RAISINS SPROUTED MASH BREAD, HONEY WHEAT WITH RAISINS",42.86,0.0,14.29,10.71,Other,American,0.0,0,0,0,0,1,0,lunch
10.71,0.0,196.0,833,0.0,768.0,USDA,SMOKED FRESH TURKEY KIELBASA,1.79,71.0,0.0,21.43,Other,American,2.68,0,0,0,0,0,0,lunch
78.57,0.0,714.0,834,0.0,714.0,USDA,SOFT MARGARINE,0.0,0.0,0.0,0.0,Other,American,7.14,0,0,0,0,1,1,lunch
0.0,0.0,333.0,835,0.0,0.0,USDA,ENRICHED EXTRA LONG GRAIN RICE,77.78,0.0,0.0,6.67,Other,American,0.0,0,1,0,0,1,1,dinner
1.72,1.4,90.0,836,0.0,717.0,USDA,"SHRIMP WONTON SOUP, SHRIMP WONTON",11.72,21.0,0.69,6.21,Other,American,0.0,0,0,0,0,1,1,lunch
2.38,4.8,143.0,837,167.0,56.0,USDA,"STRAWBERRY FRECKLED YOGURT BAR, STRAWBERRY",30.16,8.0,20.63,3.17,Other,American,1.59,0,1,0,1,1,0,snack
8.97,2.6,179.0,838,0.0,147.0,USDA,"ALMOND DREAM, NON-DAIRY FROZEN DESSERT, PRALINE CRUNCH, PRALINE CRUNCH",25.64,0.0,19.23,1.28,Other,American,1.28,0,0,0,1,1,1,lunch
8.97,2.6,179.0,839,0.0,218.0,USDA,"ALMOND DREAM, NON-DAIRY FROZEN DESSERT, VANILLA, VANILLA",23.08,0.0,15.38,1.28,Other,American,1.28,0,0,0,1,1,1,lunch
0.88,1.8,140.0,840,105.0,702.0,USDA,"BACON SEITAN IN STRIPS, BACON",8.77,0.0,0.0,26.32,Other,American,0.0,0,0,0,0,0,0,lunch
15.6,1.4,255.0,841,199.0,74.0,USDA,"BROOKLYN BLACKOUT CAKE ICE CREAM, BROOKLYN BLACKOUT CAKE",27.66,57.0,23.4,4.26,Other,American,9.93,0,1,0,0,1,0,lunch
15.56,0.0,256.0,842,108.0,33.0,USDA,"MINT CHIP ICE CREAM, MINT CHIP",25.56,39.0,21.11,3.33,Other,American,10.0,0,1,0,0,1,0,snack
14.18,0.0,248.0,843,191.0,227.0,USDA,"SALTY CARAMEL ICE CREAM, SALTY CARAMEL",26.24,57.0,22.7,4.26,Other,American,9.22,0,0,0,0,1,0,lunch
13.48,0.0,225.0,844,106.0,79.0,USDA,"SALTED CARAMEL ICE CREAM, SALTED CARAMEL",25.84,45.0,22.47,2.25,Other,American,8.99,0,1,0,0,1,0,lunch
16.67,0.0,433.0,845,267.0,350.0,USDA,"CHOCOLATE CHIP CRUNCHY COOKIES, CHOCOLATE CHIP",70.0,0.0,36.67,6.67,Other,American,5.0,0,0,0,0,1,1,snack
20.59,2.9,441.0,846,0.0,74.0,USDA,DARK SALT CARAMEL,70.59,29.0,52.94,5.88,Other,American,11.76,0,1,0,0,1,1,lunch
0.0,39.5,184.0,847,0.0,53.0,USDA,BLACK BEANS,60.53,0.0,2.63,23.68,Other,American,0.0,1,1,0,1,1,1,lunch
3.33,0.0,100.0,848,93.0,40.0,USDA,"APRICOT MANGO ON THE BOTTOM WHOLE MILK YOGURT, APRICOT MANGO",15.33,13.0,12.67,2.67,Other,American,1.67,0,1,0,0,1,0,snack
4.24,1.4,85.0,849,200.0,307.0,USDA,"EGGPLANT PARMIGIANA, EGGPLANT",7.77,11.0,2.47,5.3,Other,American,2.12,0,0,0,0,1,0,breakfast
8.77,1.8,351.0,850,0.0,614.0,USDA,"THIN & CRISPY GLUTEN FREE PIZZA CRUSTS, THIN & CRISPY",59.65,0.0,8.77,7.02,Other,American,0.0,0,0,0,0,1,1,lunch
2.35,1.2,118.0,851,106.0,271.0,USDA,"VEGETABLE EGG ROLLS FILLED WITH FRESH VEGETABLES, VEGETABLE",23.53,6.0,3.53,2.35,Other,American,0.0,0,0,0,0,1,0,breakfast
4.55,3.5,172.0,852,227.0,242.0,USDA,THE SANTA CRUZ BURRITO,23.23,13.0,1.01,9.09,Other,American,2.53,1,0,1,0,1,1,lunch
93.33,0.0,800.0,853,0.0,0.0,USDA,"TRADITIONAL MEDITERRANEAN EXTRA VIRGIN OLIVE OIL, TRADITIONAL MEDITERRANEAN",0.0,0.0,0.0,0.0,Other,American,13.33,0,1,0,0,1,1,lunch
6.56,4.1,123.0,854,0.0,402.0,USDA,REFRIED BLACK BEANS,12.3,0.0,0.82,3.28,Other,American,1.23,1,0,1,0,1,1,lunch
6.61,4.1,116.0,855,0.0,405.0,USDA,REFRIED PINTO BEANS,10.74,0.0,0.0,4.13,Other,American,1.24,1,0,1,0,1,1,lunch
0.83,6.7,75.0,856,0.0,417.0,USDA,WHOLE PINTO BEANS,15.83,0.0,1.67,5.0,Other,American,0.0,1,0,1,0,1,1,lunch
1.92,5.4,85.0,857,231.0,392.0,USDA,REFRIED BEANS,12.31,0.0,0.77,4.62,Other,American,0.77,1,0,1,0,1,1,lunch
0.5,3.1,69.0,858,0.0,408.0,USDA,"PINTO BEANS WITH CHIPOTLE, CHIPOTLE",13.08,0.0,0.77,4.62,Other,American,0.0,1,0,1,0,1,1,snack
0.0,5.4,69.0,859,246.0,346.0,USDA,PINTO BEANS,13.08,0.0,0.77,4.62,Other,American,0.0,1,0,1,0,1,1,lunch
1.92,5.4,85.0,860,228.0,392.0,USDA,REFRIED BEANS,12.31,0.0,0.77,4.62,Other,American,0.77,1,0,1,0,1,1,lunch
28.57,0.0,381.0,861,48.0,310.0,USDA,"SWISS CHEESE DELI SLICES, SWISS",4.76,95.0,0.0,28.57,Other,American,16.67,0,0,0,0,1,0,lunch
5.0,0.0,200.0,862,50.0,150.0,USDA,CREAM OF COCONUT,40.0,0.0,35.0,0.0,Other,American,5.0,0,0,0,0,1,0,snack
10.26,0.0,179.0,863,0.0,58.0,USDA,"PINEAPPLES & SHAVED COCONUT WITH FRESH CREAM BARS, PINEAPPLES & SHAVED COCONUT",21.79,38.0,20.51,1.28,Other,American,6.41,0,1,0,0,1,0,snack
12.82,1.3,179.0,864,0.0,51.0,USDA,"RASPBERRIES & BLUEBERRIES WITH FRESH CREAM POPS, RASPBERRIES & BLUEBERRIES WITH FRESH CREAM",16.67,45.0,15.38,1.28,Other,American,7.69,0,1,0,0,1,0,lunch
8.97,1.3,167.0,865,0.0,51.0,USDA,"SUMMER STRAWBERRIES WITH FRESH CREAM BARS, SUMMER STRAWBERRIES",20.51,32.0,19.23,1.28,Other,American,5.77,0,1,0,0,1,0,snack
0.0,0.0,143.0,866,0.0,24286.0,USDA,"BEEF INSTANT BOUILLON POWDER, BEEF",28.57,0.0,0.0,0.0,Other,American,0.0,0,0,0,0,0,0,lunch
0.0,0.0,200.0,867,0.0,500.0,USDA,"SWEET HONEY MUSTARD, SWEET HONEY",40.0,0.0,20.0,0.0,Other,American,0.0,0,0,0,0,1,0,lunch
4.1,1.6,361.0,868,115.0,1016.0,USDA,"BUTTERMILK COMPLETE PANCAKE MIX, BUTTERMILK",70.49,25.0,13.11,9.84,Other,American,0.0,0,0,0,0,1,0,breakfast
0.0,4.5,364.0,869,1591.0,91.0,USDA,MASHED POTATOES,81.82,0.0,0.0,9.09,Other,American,0.0,1,1,0,1,1,1,lunch
28.57,0.0,500.0,870,0.0,857.0,USDA,"ROMANO GOURMET CUT CROUTONS, ROMANO",57.14,0.0,0.0,14.29,Other,American,0.0,0,0,0,0,1,1,lunch
25.0,0.0,300.0,871,0.0,700.0,USDA,SEMISOFT CHEESES,0.0,75.0,0.0,25.0,Other,American,15.0,0,0,0,0,1,0,lunch
32.14,0.0,393.0,872,0.0,714.0,USDA,"NEW YORK EXTRA SHARP CHEDDAR CHEESE, NEW YORK EXTRA SHARP CHEDDAR",3.57,107.0,0.0,25.0,Other,American,0.0,0,0,0,0,1,0,lunch
28.57,0.0,357.0,873,0.0,679.0,USDA,"MUENSTER CHEESE, MUENSTER",0.0,89.0,0.0,21.43,Other,American,17.86,0,0,0,0,1,0,lunch
28.57,0.0,357.0,874,0.0,821.0,USDA,"GOUDA CHEESE, GOUDA",3.57,107.0,3.57,25.0,Other,American,17.86,0,0,0,0,1,0,lunch
18.33,0.8,300.0,875,208.0,21.0,USDA,"ORGANIC INFINITE COCONUT 100% PLANT BASED DAIRY-FREE FROZEN DESSERT, INFINITE COCONUT",15.83,0.0,13.33,1.67,Other,American,16.67,0,1,0,0,1,1,snack
14.4,1.6,208.0,876,376.0,60.0,USDA,"ORGANIC DARK CHOCOLATE 100% PLANT BASED DAIRY-FREE FROZEN DESSERT, DARK CHOCOLATE",20.0,0.0,14.4,2.4,Other,American,12.8,0,1,0,0,1,1,lunch
17.21,0.8,221.0,877,197.0,20.0,USDA,"ORGANIC MADAGASCAN VANILLA BEAN 100% PLANT BASED DAIRY-FREE FROZEN DESSERT, MADAGASCAN VANILLA BEAN",15.57,0.0,13.11,1.64,Other,American,14.75,0,1,0,0,1,1,lunch
19.35,1.6,242.0,878,210.0,20.0,USDA,"ORGANIC MINT CHIP GALACTICA 100% PLANT BASED DAIRY-FREE FROZEN DESSERT, MINT CHIP GALACTICA",17.74,0.0,13.71,1.61,Other,American,16.94,0,1,0,0,1,1,snack
15.32,0.8,210.0,879,177.0,16.0,USDA,"ORGANIC SWEET CHERRY AMARETTO 100% PLANT BASED DAIRY-FREE FROZEN DESSERT, SWEET CHERRY AMARETTO",16.13,0.0,13.71,1.61,Other,American,13.71,0,1,0,0,1,1,lunch
17.21,0.8,221.0,880,221.0,20.0,USDA,"ORGANIC COLD BREW COFFEE 100% PLANT BASED DAIRY-FREE FROZEN DESSERT, COLD BREW COFFEE",15.57,0.0,13.11,1.64,Other,American,14.75,0,1,0,0,1,1,lunch
16.03,3.1,221.0,881,420.0,53.0,USDA,"ORGANIC CHOCOLATE HAZELNUT DECADENCE 100% PLANT BASED DAIRY-FREE FROZEN DESSERT, CHOCOLATE HAZELNUT DECADENCE",19.85,0.0,12.98,3.05,Other,American,11.45,0,1,0,0,1,1,snack
17.97,2.3,250.0,882,398.0,94.0,USDA,"ORGANIC CHOCOLATE PEANUT BUTTER 100% PLANT BASED DAIRY-FREE FROZEN DESSERT, CHOCOLATE PEANUT BUTTER",19.53,0.0,14.06,3.91,Other,American,12.5,0,1,0,0,1,0,snack
14.71,1.5,206.0,883,0.0,59.0,USDA,"ORGANIC DARK CHOCOLATE 100% PLANT BASED DAIRY-FREE FROZEN DESSERT, DARK CHOCOLATE",19.12,0.0,14.71,1.47,Other,American,13.24,0,1,0,0,1,1,lunch
19.4,1.5,299.0,884,0.0,22.0,USDA,"ORGANIC INFINITE COCONUT 100% PLANT BASED DAIRY-FREE FROZEN DESSERT, INFINITE COCONUT",16.42,0.0,13.43,1.49,Other,American,16.42,0,1,0,0,1,1,snack
18.25,1.6,238.0,885,222.0,20.0,USDA,"ORGANIC PERUVIAN MOCHA CRUNCH 100% PLANT BASED DAIRY-FREE FROZEN DESSERT, PERUVIAN MOCHA CRUNCH",17.46,0.0,12.7,1.59,Other,American,15.87,0,1,0,0,1,1,lunch
16.54,2.4,244.0,886,346.0,98.0,USDA,"ORGANIC CHOCOLATE WALNUT BROWNIE 100% PLANT BASED DAIRY-FREE FROZEN DESSERT, CHOCOLATE WALNUT BROWNIE",22.83,0.0,16.54,3.15,Other,American,12.6,0,1,0,0,1,1,snack
15.87,0.8,238.0,887,167.0,60.0,USDA,"ORGANIC GINGER COOKIE + CARAMEL 100% PLANT BASED DAIRY-FREE FROZEN DESSERT, GINGER COOKIE + CARAMEL",23.02,0.0,17.46,1.59,Other,American,14.29,0,1,0,0,1,1,snack
16.94,0.8,234.0,888,169.0,202.0,USDA,"ORGANIC SEA SALT CARAMEL + CHOCOLATE 100% PLANT BASED DAIRY-FREE FROZEN DESSERT, SEA SALT CARAMEL + CHOCOLATE",21.77,0.0,18.55,1.61,Other,American,14.52,0,0,0,0,1,1,lunch
14.71,1.5,206.0,889,0.0,15.0,USDA,"ORGANIC STRAWBERRY LOVE 100% PLANT BASED DAIRY-FREE FROZEN DESSERT, STRAWBERRY LOVE",19.12,0.0,14.71,1.47,Other,American,13.24,0,1,0,0,1,1,lunch
16.42,0.0,224.0,890,0.0,22.0,USDA,"ORGANIC COLD BREW LATTE 100% PLANT BASED DAIRY-FREE FROZEN DESSERT, COLD BREW LATTE",14.93,0.0,13.43,1.49,Other,American,14.93,0,1,0,0,1,1,lunch
24.68,2.6,312.0,891,0.0,117.0,USDA,"ORGANIC SEA SALT CARAMEL IN CHOCOLATE 100% PLANT BASED DAIRY-FREE FROZEN DESSERT, SEA SALT CARAMEL IN CHOCOLATE",24.68,0.0,19.48,2.6,Other,American,19.48,0,1,0,0,1,1,lunch
1.5,2.0,160.0,892,0.0,95.0,USDA,"THAI RICE STIR-FRY NOODLES, THAI RICE",30.0,0.0,1.0,6.0,Other,American,0.0,0,1,0,0,1,1,dinner
7.14,2.4,452.0,893,0.0,35714.0,USDA,"CHOCOLATE COVERED RING JELLS, ORANGE, ORANGE",54.76,0.0,52.38,0.0,Other,American,3.57,0,0,0,0,1,1,lunch
1.98,0.0,111.0,894,293.0,373.0,USDA,"ROASTED GARLIC & BUTTER SALMON FISH FILLETS, ROASTED GARLIC & BUTTER",6.35,16.0,0.79,16.67,Other,American,0.0,0,0,0,0,0,0,dinner
12.86,0.0,186.0,895,0.0,257.0,USDA,"ANGUS PHILLY BEEF STEAKS, ANGUS",0.0,57.0,0.0,18.57,Other,American,5.0,0,0,0,0,0,0,lunch
0.48,0.0,67.0,896,326.0,305.0,USDA,"LEMON PEPPER NATURAL CATCH GRILLED FILLETS, LEMON PEPPER",0.0,48.0,0.95,15.24,Other,American,0.0,0,0,0,0,1,1,dinner
8.54,2.4,293.0,897,0.0,549.0,USDA,"A BLEND OF MILD AND CREAMY CHEESES WRAPPED IN THIN PASTA, TORTELLINI, MILD AND CREAMY",40.24,73.0,1.22,9.76,Other,American,3.66,0,0,0,0,1,0,dinner
11.5,1.8,292.0,898,0.0,363.0,USDA,"RAVIOLI, CHEESE """"DELICATO"""", CHEESE """"DELICATO""""",33.63,75.0,1.77,9.73,Other,American,5.31,0,0,0,0,1,0,lunch
0.0,3.1,31.0,899,0.0,1000.0,USDA,"RESTAURANT STYLE SALSA FRESCA, MEDIUM, MEDIUM",6.25,0.0,3.12,0.0,Other,American,0.0,1,0,1,0,1,1,lunch
29.73,2.7,541.0,900,378.0,54.0,USDA,"HAZELNUT SPREAD, HAZELNUT",62.16,0.0,59.46,5.41,Other,American,10.81,0,1,0,0,1,1,snack
15.79,1.8,368.0,901,0.0,246.0,USDA,"TRIPLE CHOCOLATE FUDGE CAKE, TRIPLE CHOCOLATE FUDGE",56.14,44.0,38.6,3.51,Other,American,3.51,0,0,0,0,1,1,lunch
8.0,10.0,400.0,902,340.0,80.0,USDA,"MAPLE MULTIGRAIN MUFFIN INSTANT OATMEAL WITH ANCIENT GRAINS QUINOA & AMARANTH, MAPLE MULTIGRAIN MUFFIN",70.0,0.0,20.0,14.0,Other,American,1.0,0,1,0,1,1,1,breakfast
14.58,8.3,250.0,903,375.0,21.0,USDA,BANANA DIPPERS WITH ALMONDS,29.17,0.0,14.58,4.17,Other,American,6.25,0,1,0,0,1,1,lunch
0.71,6.4,50.0,904,150.0,0.0,USDA,FRESH FROZEN RED RASPBERRIES,12.14,0.0,4.29,1.43,Other,American,0.0,1,1,1,1,1,1,lunch
4.27,0.9,222.0,905,85.0,496.0,USDA,"BUTTERMILK PANCAKES, BUTTERMILK",39.32,9.0,11.11,5.13,Other,American,0.85,0,0,0,0,1,0,breakfast
0.0,6.7,211.0,906,0.0,433.0,USDA,"CHOMPIE'S BAKERY, BREAD, MARBLE RYE",42.22,0.0,0.0,8.89,Other,American,0.0,1,0,0,0,1,1,lunch
0.0,0.0,33.0,907,0.0,1400.0,USDA,"BELLA, HOT CHERRY PEPPERS",6.67,0.0,0.0,0.0,Other,American,0.0,0,0,0,0,1,1,lunch
4.44,11.1,267.0,908,256.0,400.0,USDA,"ORGANIC 21 WHOLE GRAINS AND SEEDS BREAD, 21 WHOLE GRAINS AND SEEDS",48.89,0.0,11.11,11.11,Other,American,0.0,0,0,0,0,1,1,lunch
5.0,5.0,275.0,909,100.0,475.0,USDA,"ORGANIC WHITE BREAD DONE RIGHT, WHITE",52.5,0.0,5.0,7.5,Other,American,0.0,0,0,0,0,1,1,lunch
14.05,1.7,264.0,910,0.0,455.0,USDA,"GINO'S EAST, GOLDEN CRISPY THIN CRUST PEPPERONI PIZZA",21.49,25.0,2.48,12.4,Other,American,5.79,0,0,0,0,1,1,lunch
8.53,0.8,202.0,911,163.0,50.0,USDA,"BLACK CHERRY GELATO, BLACK CHERRY",27.91,31.0,26.36,3.88,Other,American,5.43,0,1,0,0,1,1,lunch
50.0,9.4,594.0,912,628.0,391.0,USDA,"SMOOTH PEANUT BUTTER, PEANUT",21.88,0.0,6.25,25.0,Other,American,7.81,0,0,0,0,1,0,snack
35.29,0.0,412.0,913,0.0,647.0,USDA,"MILD CHEDDAR SLICED CHEESE, MILD CHEDDAR",5.88,88.0,0.0,23.53,Other,American,17.65,0,0,0,0,1,0,lunch
21.05,0.0,316.0,914,0.0,1316.0,USDA,"BORDEN, SINGLES, WHITE AMERICAN PASTEURIZED PREPARED CHEESE PRODUCT",10.53,79.0,5.26,15.79,Other,American,13.16,0,0,0,0,1,0,lunch
21.05,0.0,316.0,915,0.0,1211.0,USDA,"AMERICAN SINGLES PASTEURIZED PREPARED CHEESE PRODUCT, AMERICAN",10.53,53.0,5.26,15.79,Other,American,13.16,0,0,0,0,1,0,lunch
21.74,0.0,304.0,916,0.0,1261.0,USDA,"SOUTHWEST PEPPERJACK FLAVORED PASTEURIZED PREPARED CHEESE PRODUCT, SOUTHWEST PEPPERJACK",4.35,65.0,4.35,17.39,Other,American,13.04,0,0,0,0,1,0,lunch
21.74,0.0,304.0,917,0.0,1304.0,USDA,"EXTRA SHARP CHEDDAR FLAVORED PASTEURIZED PREPARED CHEESE PRODUCT, EXTRA SHARP CHEDDAR",8.7,65.0,4.35,17.39,Other,American,15.22,0,0,0,0,1,0,lunch
6.67,0.0,133.0,918,0.0,733.0,USDA,"TURKEY FULLY COOKED SAUSAGE LINKS, TURKEY",2.22,67.0,0.0,17.78,Other,American,2.22,0,0,0,0,0,0,lunch
0.0,17.6,59.0,919,0.0,0.0,USDA,"APRICOT SUGAR FREE WITH FIBER PRESERVES, APRICOT",29.41,0.0,0.0,0.0,Other,American,0.0,1,1,1,1,1,1,lunch
0.0,0.0,194.0,920,0.0,56.0,USDA,"SEEDLESS BLACKBERRY SPREADABLE FRUIT, SEEDLESS BLACKBERRY",50.0,0.0,44.44,0.0,Other,American,0.0,0,1,0,0,1,1,snack
30.0,2.5,525.0,921,0.0,225.0,USDA,"GODIVA, MILK CHOCOLATE BAR, SALTED CARAMEL, SALTED CARAMEL",57.5,25.0,47.5,7.5,Other,American,17.5,0,0,0,0,1,0,snack
21.21,1.0,394.0,922,0.0,313.0,USDA,"GOURMET ORANGE CRANBERRY MUFFINS, ORANGE CRANBERRY",47.47,71.0,28.28,5.05,Other,American,3.54,0,0,0,0,1,1,lunch
0.56,2.6,70.0,923,0.0,167.0,USDA,RED BEANS,6.67,0.0,0.37,3.7,Other,American,0.0,0,0,0,1,1,1,lunch
0.0,44.4,139.0,924,0.0,69.0,USDA,BLACK GUATEMALAN BEANS,63.89,0.0,2.78,22.22,Other,American,0.0,1,1,0,1,1,1,lunch
0.0,7.7,108.0,925,0.0,85.0,USDA,DARK KIDNEY BEANS,20.77,0.0,1.54,7.69,Other,American,0.0,1,1,1,1,1,1,lunch
0.0,0.0,343.0,926,0.0,331.0,USDA,"CORN FRITTER MIX, CORN FRITTER MIX",85.71,0.0,5.71,0.0,Other,American,0.0,0,0,0,0,1,1,lunch
0.0,0.0,375.0,927,0.0,62.0,USDA,"BROWN CANE SUGAR, BROWN",87.5,0.0,0.0,0.0,Other,American,0.0,0,1,0,0,1,1,lunch
0.0,20.0,180.0,928,0.0,1860.0,USDA,"DRIED YELLOW PEPPER PASTA PASTE, DRIED YELLOW PEPPER",40.0,0.0,0.0,0.0,Other,American,0.0,1,0,0,0,1,1,dinner
0.0,0.0,375.0,929,0.0,62.0,USDA,PILONCILLO BROWN CANE SUGAR PANELA,87.5,0.0,87.5,0.0,Other,American,0.0,0,1,0,0,1,1,lunch
26.67,3.3,500.0,930,0.0,767.0,USDA,"CHEDDAR CHEESE SNACK CRACKERS, CHEDDAR CHEESE",60.0,0.0,0.0,6.67,Other,American,3.33,1,0,0,0,1,0,snack
10.58,1.0,375.0,931,286.0,240.0,USDA,"FROSTED BLUEBERRY TOASTER PASTRIES, FROSTED BLUEBERRY",69.23,0.0,36.54,3.85,Other,American,4.81,0,0,0,0,1,1,breakfast
2.21,0.0,80.0,932,106.0,345.0,USDA,2% MILKFAT LARGE CURD COTTAGE CHEESE,2.65,13.0,2.65,13.27,Other,American,1.33,0,0,0,0,1,0,breakfast
14.52,0.0,194.0,933,0.0,677.0,USDA,"BODACIOUS ONION DIP, BODACIOUS ONION",9.68,48.0,6.45,3.23,Other,American,8.06,0,0,0,0,1,1,lunch
12.5,0.0,196.0,934,0.0,982.0,USDA,"TURKEY SKINLESS SMOKED SAUSAGE, TURKEY",7.14,62.0,7.14,14.29,Other,American,3.57,0,0,0,0,0,0,lunch
13.33,0.0,133.0,935,0.0,700.0,USDA,SMALL PITTED RIPE OLIVES,0.0,0.0,0.0,0.0,Other,American,0.0,0,0,0,0,1,1,lunch
13.33,0.0,133.0,936,0.0,700.0,USDA,MEDIUM PITTED RIPE OLIVES,0.0,0.0,0.0,0.0,Other,American,0.0,0,0,0,0,1,1,lunch
0.0,3.3,150.0,937,0.0,800.0,USDA,SMOKY BBQ SAUCE,36.67,0.0,33.33,0.0,Other,American,0.0,0,0,0,0,1,1,lunch
13.33,0.0,467.0,938,0.0,417.0,USDA,CRACKERS,70.0,0.0,0.0,13.33,Other,American,3.33,0,0,0,0,1,1,snack
0.77,3.8,62.0,939,0.0,249.0,USDA,"WHITE HOMINY, WHITE",12.31,0.0,0.0,2.31,Other,American,0.0,1,0,1,1,1,1,lunch
28.57,0.0,339.0,940,0.0,1250.0,USDA,"HICKORY SMOKED SUMMER SAUSAGE, HICKORY SMOKED",3.57,71.0,3.57,16.07,Other,American,12.5,0,0,0,0,0,0,lunch
17.86,3.6,464.0,941,0.0,929.0,USDA,"BAKED PITA CHIPS, SEA SALT, SEA SALT",67.86,0.0,0.0,10.71,Other,American,7.14,1,0,0,0,1,1,dinner
17.86,3.6,464.0,942,0.0,1000.0,USDA,PITA CHIPS,67.86,0.0,3.57,10.71,Other,American,7.14,1,0,0,0,1,1,snack
18.52,1.9,426.0,943,0.0,278.0,USDA,"CRUNCH MINI DONUTS, CRUNCH",61.11,9.0,40.74,3.7,Other,American,11.11,0,0,0,0,1,1,snack
0.0,0.0,100.0,944,0.0,800.0,USDA,SWEET RELISH,26.67,0.0,26.67,0.0,Other,American,0.0,0,0,0,0,1,1,lunch
0.0,0.0,325.0,945,0.0,225.0,USDA,SOFT LICORICE,77.5,0.0,42.5,5.0,Other,American,0.0,0,0,0,0,1,1,dinner
0.0,0.0,325.0,946,0.0,200.0,USDA,"ALL NATURAL RASPBERRY LICORICE, RASPBERRY, RASPBERRY",75.0,0.0,42.5,5.0,Other,American,0.0,0,0,0,0,1,1,dinner
0.0,0.0,375.0,947,0.0,0.0,USDA,"SWEET POPS, SWEET",93.75,0.0,68.75,0.0,Other,American,0.0,0,1,0,0,1,1,lunch
10.0,6.7,400.0,948,0.0,800.0,USDA,"KEY FOOD, WHEAT SALTINES",73.33,0.0,0.0,6.67,Other,American,3.33,1,0,0,0,1,1,lunch
0.0,0.0,333.0,949,0.0,0.0,USDA,"ORIGINAL & BLUE RAZZ BUBBLE GUM, ORIGINAL & BLUE RAZZ, ORIGINAL & BLUE RAZZ",83.33,0.0,66.67,0.0,Other,American,0.0,0,1,0,0,1,1,lunch
0.0,2.3,35.0,950,0.0,600.0,USDA,TENDER CACTUS NOPALITOS,6.92,0.0,3.08,1.54,Other,American,0.0,0,0,0,0,1,1,lunch
0.0,2.3,35.0,951,0.0,600.0,USDA,TENDER CACTUS NOPALITOS,6.92,0.0,3.08,1.54,Other,American,0.0,0,0,0,0,1,1,lunch
0.0,3.0,106.0,952,0.0,970.0,USDA,"DESERT PEPPER TRADING COMPANY, BBQ SAUCE, MEDIUM SPICY, MEDIUM SPICY",27.27,0.0,24.24,0.0,Other,American,0.0,0,0,0,0,1,1,lunch
0.0,0.7,64.0,953,0.0,7.0,USDA,JUMBO MANDARIN ORANGE SECTIONS IN LIGHT SYRUP,15.71,0.0,13.57,0.71,Other,American,0.0,0,1,0,0,1,1,lunch
0.0,0.0,250.0,954,0.0,11500.0,USDA,"MEDIUM SALSA TOMATO MIX, MEDIUM SALSA",50.0,0.0,0.0,0.0,Other,American,0.0,0,0,0,0,1,1,lunch
0.0,0.0,375.0,955,0.0,250.0,USDA,"SPICED APPLE MIX, SPICED APPLE",100.0,0.0,91.67,0.0,Other,American,0.0,0,0,0,0,1,1,lunch
5.88,11.8,294.0,956,0.0,7412.0,USDA,"CHILI BASE TOMATO MIX, CHILI BASE",52.94,0.0,0.0,5.88,Other,American,0.0,1,0,0,0,1,1,lunch
0.0,0.8,21.0,957,190.0,99.0,USDA,WHOLE PEELED TOMATOES,4.13,0.0,2.48,0.83,Other,American,0.0,0,1,0,0,1,1,lunch
0.0,1.7,42.0,958,0.0,250.0,USDA,"ORGANIC PIZZA PASTA SAUCE, PIZZA PASTA",8.33,0.0,5.0,1.67,Other,American,0.0,0,0,0,0,1,1,dinner
1.79,3.6,375.0,959,214.0,0.0,USDA,"ENRICHED MACARONI PRODUCT, SOUP SHELLS",78.57,0.0,3.57,12.5,Other,American,0.0,1,1,0,1,1,1,lunch
1.79,3.6,375.0,960,214.0,0.0,USDA,"ENRICHED MACARONI PRODUCT, PENNETTE",78.57,0.0,3.57,12.5,Other,American,0.0,1,1,0,1,1,1,lunch
1.79,3.6,375.0,961,196.0,0.0,USDA,"ENRICHED MACARONI PRODUCT, SMALL SHELLS",73.21,0.0,1.79,14.29,Other,American,0.0,1,1,0,1,1,1,lunch
1.79,3.6,375.0,962,196.0,0.0,USDA,"ENRICHED MACARONI PRODUCT, STARS",73.21,0.0,1.79,14.29,Other,American,0.0,1,1,0,1,1,1,lunch
1.79,3.6,375.0,963,214.0,0.0,USDA,"ENRICHED MACARONI PRODUCT, GEMELLI",78.57,0.0,3.57,12.5,Other,American,0.0,1,1,0,1,1,1,lunch
1.79,3.6,375.0,964,196.0,0.0,USDA,"ENRICHED MACARONI PRODUCT, LINGUINE",73.21,0.0,1.79,14.29,Other,American,0.0,1,1,0,1,1,1,lunch
1.79,3.6,375.0,965,196.0,0.0,USDA,"ENRICHED MACARONI PRODUCT, ROMAN RIGATONI",73.21,0.0,1.79,14.29,Other,American,0.0,1,1,0,1,1,1,lunch
1.79,3.6,375.0,966,196.0,0.0,USDA,"ENRICHED MACARONI PRODUCT, MEZZI RIGATONI",73.21,0.0,1.79,14.29,Other,American,0.0,1,1,0,1,1,1,lunch
1.79,3.6,375.0,967,196.0,0.0,USDA,"ENRICHED MACARONI PRODUCT, SPAGHETTINI",73.21,0.0,1.79,14.29,Other,American,0.0,1,1,0,1,1,1,lunch
1.79,3.6,375.0,968,196.0,0.0,USDA,"ENRICHED MACARONI PRODUCT, ANGEL HAIR",73.21,0.0,1.79,14.29,Other,American,0.0,1,1,0,1,1,1,lunch
1.79,3.6,375.0,969,0.0,0.0,USDA,"ENRICHED MACARONI PRODUCT, GNOCCHI",78.57,0.0,3.57,12.5,Other,American,0.0,1,1,0,1,1,1,lunch
1.79,3.6,375.0,970,196.0,0.0,USDA,"ENRICHED MACARONI PRODUCT, SHELLS",73.21,0.0,1.79,14.29,Other,American,0.0,1,1,0,1,1,1,lunch
1.79,3.6,375.0,971,196.0,0.0,USDA,"ENRICHED MACARONI PRODUCT, BUCATINI",73.21,0.0,1.79,14.29,Other,American,0.0,1,1,0,1,1,1,lunch
1.79,3.6,375.0,972,196.0,0.0,USDA,"ENRICHED MACARONI PRODUCT, PERCIATELLI",73.21,0.0,1.79,14.29,Other,American,0.0,1,1,0,1,1,1,lunch
1.79,3.6,375.0,973,196.0,0.0,USDA,"ENRICHED MACARONI PRODUCT, ELBOWS",73.21,0.0,1.79,14.29,Other,American,0.0,1,1,0,1,1,1,lunch
1.79,3.6,375.0,974,196.0,0.0,USDA,"ENRICHED MACARONI PRODUCT, CUT ZITI",73.21,0.0,1.79,14.29,Other,American,0.0,1,1,0,1,1,1,lunch
0.0,0.0,67.0,975,0.0,200.0,USDA,"PINEAPPLE & ORANGE HABANERO HOT SAUCE, PINEAPPLE & ORANGE HABANERO",13.33,0.0,13.33,0.0,Other,American,0.0,0,0,0,0,1,1,lunch
12.5,0.0,192.0,976,175.0,692.0,USDA,"SARDINES IN MUSTARD, MUSTARD",2.5,67.0,0.83,16.67,Other,American,3.75,0,0,0,0,1,1,lunch
12.12,0.0,227.0,977,0.0,76.0,USDA,"CHOCO MINT CHIP ICE CREAM, CHOCO MINT CHIP",25.76,38.0,19.7,3.03,Other,American,7.58,0,1,0,0,1,0,snack
29.41,5.9,529.0,978,0.0,529.0,USDA,"HOT MOLE, HOT",58.82,0.0,17.65,5.88,Other,American,5.88,0,0,0,0,1,1,lunch
50.0,7.1,607.0,979,429.0,54.0,USDA,"ORIGINAL MIDWEST GRANOLA, ORIGINAL MIDWEST",35.71,0.0,17.86,17.86,Other,American,12.5,0,1,0,0,1,1,breakfast
3.75,5.0,375.0,980,225.0,350.0,USDA,"HONEY CRUNCH 'N OATS ORGANIC CEREAL A BLEND OF CORN FLAKES, WHEAT FLAKES, AND GRANOLA WITH OATS AND HONEY, HONEY CRUNCH 'N OATS",82.5,0.0,17.5,7.5,Other,American,0.0,0,0,0,0,1,0,breakfast
0.0,1.7,25.0,981,153.0,356.0,USDA,SEASONED SOUTHERN STYLE COLLARD GREENS,4.24,0.0,1.69,0.85,Other,American,0.0,0,0,0,0,1,1,lunch
40.0,6.7,600.0,982,267.0,0.0,USDA,"SEMI-SWEET ORGANIC 55% CACAO CHOCOLATE CHIPS, SEMI-SWEET",53.33,0.0,46.67,6.67,Other,American,23.33,0,1,0,0,1,1,snack
2.86,8.6,371.0,983,1166.0,229.0,USDA,"HOT ORGANIC COCOA, HOT",77.14,0.0,65.71,14.29,Other,American,1.43,0,0,0,1,1,1,lunch
23.33,6.7,467.0,984,0.0,50.0,USDA,"GRANOLA TROPICAL NUTTY BANANA, TROPICAL NUTTY BANANA",60.0,0.0,20.0,6.67,Other,American,3.33,0,1,0,0,1,1,snack
3.57,3.6,357.0,985,0.0,1571.0,USDA,NEW ENGLAND CRANBERRY STUFFING,75.0,0.0,14.29,10.71,Other,American,0.0,0,0,0,0,1,1,lunch
0.0,3.4,379.0,986,0.0,517.0,USDA,ORGANIC FROSTED CORN FLAKES CEREAL,89.66,0.0,34.48,3.45,Other,American,0.0,0,0,0,0,1,1,breakfast
5.0,10.0,375.0,987,405.0,0.0,USDA,"OATMEAL 100% WHOLE GRAIN IRISH STEEL CUT, OATMEAL IRISH STEEL CUT",72.5,0.0,2.5,12.5,Other,American,0.0,1,1,0,1,1,1,breakfast
7.89,2.6,421.0,988,0.0,789.0,USDA,"PEANUT BUTTER BALLS, PEANUT BUTTER",78.95,0.0,26.32,7.89,Other,American,1.32,0,0,0,0,1,0,snack
6.25,5.0,375.0,989,262.0,525.0,USDA,"PEANUT BUTTER & COCOA BALLS, PEANUT BUTTER",77.5,0.0,25.0,7.5,Other,American,0.0,0,0,0,0,1,0,snack
10.34,15.5,379.0,990,690.0,233.0,USDA,"HONEY ALMOND FLAX PROTEIN & FIBER CRUNCH, HONEY ALMOND FLAX",65.52,0.0,24.14,17.24,Other,American,0.86,0,0,0,1,1,0,lunch
3.23,3.2,387.0,991,48.0,290.0,USDA,"ORGANIC SWEETENED CRISPY RICE FLOUR CEREAL WITH ORGANIC COCOA & NATURAL CHOCOLATE FLAVOR, COCOA & CHOCOLATE",80.65,0.0,29.03,0.0,Other,American,0.0,0,0,0,1,1,1,dinner
6.41,7.7,385.0,992,333.0,385.0,USDA,MORNING O'S ORGANIC WHOLE GRAIN OAT CEREAL,76.92,0.0,5.13,12.82,Other,American,0.0,0,0,0,0,1,1,breakfast
14.04,7.0,439.0,993,298.0,88.0,USDA,"RAISIN GRANOLA, RAISIN",71.93,0.0,26.32,8.77,Other,American,1.75,0,1,0,1,1,1,breakfast
11.49,0.0,241.0,994,0.0,103.0,USDA,"PARTY CAKE PREMIUM ICE CREAM, PARTY CAKE",31.03,34.0,22.99,3.45,Other,American,6.9,0,1,0,0,1,0,lunch
11.43,0.0,229.0,995,0.0,193.0,USDA,"SALTED CARAMEL ICE CREAM, SALTED CARAMEL",28.57,43.0,27.14,4.29,Other,American,6.43,0,0,0,0,1,0,lunch
13.83,1.1,245.0,996,0.0,69.0,USDA,"MINT CHOCOLATE CHIP ICE CREAM, MINT CHOCOLATE CHIP",26.6,43.0,25.53,4.26,Other,American,8.51,0,1,0,0,1,0,snack
5.56,1.1,178.0,997,0.0,133.0,USDA,"PISTACHIO ALMOND FROZEN DAIRY DESSERT, PISTACHIO ALMOND",27.78,11.0,20.0,4.44,Other,American,2.22,0,1,0,0,1,1,lunch
0.0,3.3,33.0,998,0.0,1367.0,USDA,"NACHOS PICKLED JALAPENO NACHO SLICES, NACHOS",3.33,0.0,0.0,0.0,Other,American,0.0,1,0,1,0,1,1,lunch
0.0,0.0,17.0,999,0.0,1133.0,USDA,"RED PICKLED JALAPENO SLICED PEPPERS, RED PICKLED JALAPENO",3.33,0.0,0.0,0.0,Other,American,0.0,0,0,0,0,1,1,lunch
1.67,3.3,67.0,1000,0.0,1100.0,USDA,CHILPOTLE SALSA,13.33,0.0,10.0,3.33,Other,American,0.0,0,0,0,0,1,1,lunch
0.0,3.3,17.0,1001,0.0,1233.0,USDA,"GREEN PICKLED JALAPENOS PEPPERS, GREEN PICKLED JALAPENOS",3.33,0.0,0.0,0.0,Other,American,0.0,1,0,1,0,1,1,lunch
0.0,3.3,33.0,1002,0.0,1167.0,USDA,"GREEN PICKLED JALAPENOS SLICED PEPPERS, GREEN PICKLED JALAPENOS",3.33,0.0,0.0,0.0,Other,American,0.0,1,0,1,0,1,1,lunch
0.0,0.9,85.0,1003,0.0,0.0,USDA,PINEAPPLE SLICES IN HEAVY SYRUP,20.94,0.0,20.09,0.43,Other,American,0.0,0,1,0,0,1,1,lunch
0.0,0.8,94.0,1004,82.0,8.0,USDA,APRICOT HALVES UNPEELED APRICOTS IN HEAVY SYRUP,22.66,0.0,18.75,0.78,Other,American,0.0,0,1,0,0,1,1,lunch
8.57,5.7,257.0,1005,0.0,443.0,USDA,"NATURE'S PATH, WAFFLES, MAPLE CINNAMON, MAPLE CINNAMON",40.0,0.0,8.57,5.71,Other,American,1.43,0,0,0,0,1,1,breakfast
50.0,3.3,600.0,1006,1110.0,0.0,USDA,SHELLED HEMP HEARTS SEEDS,3.33,0.0,3.33,33.33,Other,American,5.0,1,1,1,0,1,1,lunch
50.0,3.3,600.0,1007,1110.0,0.0,USDA,SHELLED HEMP HEARTS SEEDS,3.33,0.0,3.33,33.33,Other,American,5.0,1,1,1,0,1,1,lunch
2.68,0.0,125.0,1008,250.0,250.0,USDA,WILD-CAUGHT ALBACORE IN WATER,0.0,45.0,0.0,23.21,Other,American,0.0,0,0,0,0,1,1,lunch
0.0,3.3,367.0,1009,0.0,0.0,USDA,ENRICHED & DEGERMED YELLOW CORN MEAL,80.0,0.0,0.0,6.67,Other,American,0.0,1,1,0,1,1,1,lunch
11.84,2.6,421.0,1010,79.0,711.0,USDA,"CORN MUFFIN MIX, CORN",72.37,0.0,22.37,5.26,Other,American,3.95,0,0,0,0,1,1,lunch
0.0,2.4,41.0,1011,0.0,0.0,USDA,SLICED STRAWBERRIES,9.41,0.0,4.71,0.0,Other,American,0.0,0,1,0,1,1,1,lunch
10.45,0.0,209.0,1012,0.0,52.0,USDA,"STRAWBERRY PREMIUM ICE CREAM, STRAWBERRY",26.87,37.0,19.4,2.99,Other,American,5.97,0,1,0,0,1,0,lunch
10.0,3.3,433.0,1013,0.0,367.0,USDA,MARIA COOKIES,76.67,0.0,20.0,6.67,Other,American,6.67,0,0,0,0,1,1,snack
0.45,0.0,71.0,1014,0.0,179.0,USDA,CALAMARI RINGS,0.0,223.0,0.0,15.18,Other,American,0.0,0,0,0,0,1,1,lunch
0.0,0.0,375.0,1015,0.0,0.0,USDA,GRANULATED WHITE PURE CANE SUGAR,100.0,0.0,100.0,0.0,Other,American,0.0,0,1,0,0,1,1,lunch
0.0,5.7,82.0,1016,0.0,94.0,USDA,PINTO BEANS,14.75,0.0,0.0,4.92,Other,American,0.0,1,1,1,1,1,1,lunch
0.0,4.7,101.0,1017,380.0,202.0,USDA,BABY BUTTER BEANS,19.38,0.0,0.78,6.2,Other,American,0.0,1,0,1,1,1,0,lunch
24.71,0.0,294.0,1018,0.0,65.0,USDA,BEEF BURGERS,0.0,76.0,0.0,15.29,Other,American,9.41,0,1,0,0,0,0,lunch
0.0,0.0,375.0,1019,0.0,0.0,USDA,SUGAR'N CINNAMON,100.0,0.0,100.0,0.0,Other,American,0.0,0,1,0,0,1,1,lunch
17.02,0.0,262.0,1020,0.0,21.0,USDA,"BURNT SUGAR VANILLA NON-DAIRY FROZEN DESSERT, BURNT SUGAR VANILLA",26.24,0.0,24.82,2.13,Other,American,4.26,0,1,0,0,1,1,lunch
14.15,1.9,245.0,1021,0.0,85.0,USDA,"ORGANIC COCONUT CREAM, SPECULOOS COOKIE BUTTER, SPECULOOS COOKIE BUTTER",25.47,52.0,21.7,1.89,Other,American,12.26,0,1,0,0,1,0,snack
9.2,0.0,207.0,1022,0.0,86.0,USDA,"RUM RAISIN PREMIUM ICE CREAM, RUM RAISIN",27.59,34.0,21.84,3.45,Other,American,5.75,0,1,0,0,1,0,lunch
46.43,3.6,571.0,1023,0.0,321.0,USDA,"ROASTED & SALTED CASHEW HALVES & PIECES, ROASTED & SALTED",28.57,0.0,7.14,17.86,Other,American,7.14,0,0,0,0,1,1,dinner
0.0,0.0,75.0,1024,0.0,11.0,USDA,"CHERRY ITALIAN ICES, CHERRY",19.55,0.0,18.05,0.0,Other,American,0.0,0,1,0,0,1,1,lunch
10.71,12.5,400.0,1025,0.0,600.0,USDA,"POP'S CORN, ORGANIC MICROWAVE POPCORN, LIGHT BUTTER",67.86,0.0,3.57,10.71,Other,American,7.14,1,0,0,0,1,0,lunch
8.82,0.0,132.0,1026,0.0,824.0,USDA,"MILD SALSA CON QUESO, MILD",11.76,15.0,2.94,2.94,Other,American,2.94,0,0,0,0,1,1,lunch
12.5,0.0,156.0,1027,0.0,594.0,USDA,"SPINACH DIP, SPINACH",9.38,16.0,3.12,3.12,Other,American,1.56,0,0,0,0,1,1,lunch
3.57,3.6,286.0,1028,0.0,1964.0,USDA,"ASS KICKIN', BEEF JERKY, BLACK PEPPER, BLACK PEPPER",21.43,89.0,17.86,39.29,Other,American,1.79,0,0,0,0,0,0,lunch
35.71,3.6,536.0,1029,1179.0,821.0,USDA,"SOUR CREAM & ONION RIDGED POTATO CHIPS, SOUR CREAM & ONION",50.0,0.0,3.57,7.14,Other,American,7.14,1,0,0,0,1,0,snack
0.0,10.0,400.0,1030,0.0,250.0,USDA,"WHOLE WHEAT PANKO BREAD CRUMBS, WHOLE WHEAT",80.0,25.0,0.0,15.0,Other,American,0.0,1,0,0,1,1,1,lunch
18.18,3.0,182.0,1031,0.0,606.0,USDA,"CHIVE ALMOND MILK CREAM CHEESE STYLE SPREAD, CHIVE",6.06,0.0,3.03,6.06,Other,American,0.0,0,0,0,0,1,0,breakfast
28.57,3.6,500.0,1032,4.0,1464.0,USDA,"FUEGO HOT CHILI PEPPER & LIME TORTILLA CHIPS, FUEGO",60.71,0.0,3.57,7.14,Other,American,7.14,1,0,0,0,1,1,snack
2.92,2.9,96.0,1033,208.0,292.0,USDA,"MINI BEEF RAVIOLI IN TOMATO AND MEAT SAUCE, MINI BEEF RAVIOLI",13.75,4.0,2.08,3.33,Other,American,1.04,0,0,0,1,0,0,lunch
3.33,3.3,367.0,1034,0.0,1300.0,USDA,"SPICY HOT PANKO CHIPOTLE SEASONED BREAD CRUMBS, SPICY HOT",73.33,0.0,10.0,10.0,Other,American,0.0,0,0,0,0,1,1,snack
0.0,0.0,375.0,1035,0.0,0.0,USDA,PREMIUM PURE CANE GRANULATED SUGAR,100.0,0.0,100.0,0.0,Other,American,0.0,0,1,0,0,1,1,lunch
1.67,3.3,367.0,1036,0.0,1500.0,USDA,"SEASONED GLUTEN FREE ITALIAN STYLE CRUMBS WITH PECORINO ROMANO CHEESE, SEASONED",80.0,0.0,0.0,10.0,Other,American,0.0,1,0,0,0,1,0,lunch
5.0,10.0,400.0,1037,0.0,767.0,USDA,"PLAIN 100% WHOLE WHEAT BREAD CRUMBS, PLAIN",70.0,0.0,10.0,13.33,Other,American,0.0,0,0,0,0,1,1,lunch
0.0,0.0,375.0,1038,0.0,0.0,USDA,"LIGHT BROWN PREMIUM PURE CANE SUGAR, LIGHT BROWN",100.0,0.0,100.0,0.0,Other,American,0.0,0,1,0,0,1,1,lunch
1.79,3.6,357.0,1039,0.0,0.0,USDA,"MOSTACCIOLI, ENRICHED MACARONI PRODUCT",73.21,0.0,3.57,12.5,Other,American,0.0,1,1,0,1,1,1,lunch
1.79,3.6,357.0,1040,188.0,0.0,USDA,"ENRICHED MACARONI PRODUCT, PENNE RIGATE",75.0,0.0,1.79,12.5,Other,American,0.0,1,1,0,1,1,1,lunch
0.0,2.9,441.0,1041,0.0,309.0,USDA,"WALNUT PREMIUM BROWNIE MIX, WALNUT",76.47,0.0,55.88,5.88,Other,American,1.47,0,0,0,0,1,1,snack
8.75,1.2,175.0,1042,0.0,81.0,USDA,"ALMOND DREAM, NON-DAIRY DESSERT, STRAWBERRY, STRAWBERRY",25.0,0.0,17.5,1.25,Other,American,0.62,0,1,0,0,1,1,lunch
0.0,0.0,375.0,1043,0.0,0.0,USDA,SUPERFINE PURE CANE SUGAR,100.0,0.0,100.0,0.0,Other,American,0.0,0,1,0,0,1,1,lunch
2.5,5.0,350.0,1044,135.0,3050.0,USDA,"SEASONED BEER BATTER SEAFOOD BATTER MIX, SEASONED BEER BATTER",75.0,0.0,0.0,5.0,Other,American,0.0,1,0,0,0,0,0,lunch
5.56,5.6,389.0,1045,0.0,28.0,USDA,"GILDA, REGULAR BISCUTTES TOASTED BREAD",72.22,0.0,0.0,11.11,Other,American,2.22,1,1,0,0,1,1,breakfast
32.0,4.0,544.0,1046,0.0,80.0,USDA,"ANTIU XIXONA, MILK CREAMY CHOCOLATE",55.6,12.0,52.0,8.0,Other,American,20.0,0,1,0,0,1,0,breakfast
13.33,6.7,400.0,1047,0.0,367.0,USDA,WHOLE WHEAT TOASTS,66.67,0.0,6.67,13.33,Other,American,6.67,0,0,0,0,1,1,breakfast
48.39,9.7,597.0,1048,177.0,0.0,USDA,"DARK 72% COCOA INTENSE CHOCOLATE, DARK",38.71,0.0,29.03,9.68,Other,American,29.03,0,1,0,0,1,1,lunch
40.0,8.0,544.0,1049,0.0,4.0,USDA,"ANTIU XIXONA, DARK WHITH ALMONDS CHOCOLATE",40.0,0.0,32.0,12.0,Other,American,12.0,0,1,0,0,1,1,lunch
32.0,8.0,464.0,1050,0.0,120.0,USDA,"ANTIU XIXONA, MILK CHOCOLATE",20.0,0.0,12.0,36.0,Other,American,20.0,0,1,0,0,1,0,breakfast
0.36,5.0,57.0,1051,121.0,0.0,USDA,"TRIPLE BERRY WILD BLUEBERRIES, BLACKBERRIES & RASPBERRIES, TRIPLE BERRY",13.57,0.0,7.14,0.71,Other,American,0.0,0,1,0,1,1,1,lunch
11.25,0.0,250.0,1052,148.0,138.0,USDA,"VANILLA MINI SQUARES ICE CREAM SANDWICH, VANILLA",37.5,50.0,22.5,5.0,Other,American,6.25,0,1,0,0,1,0,lunch
18.0,2.0,400.0,1053,0.0,240.0,USDA,"ENTENMANN'S, DANISH TWIST, WILD BERRY, WILD BERRY",56.0,30.0,30.0,4.0,Other,American,8.0,0,0,0,0,1,1,lunch
93.33,0.0,867.0,1054,0.0,0.0,USDA,"ROASTED HAZELNUT OIL, ROASTED",0.0,0.0,0.0,0.0,Other,American,10.0,0,1,0,0,1,1,dinner
14.29,0.0,429.0,1055,0.0,1143.0,USDA,"ASIAGO CHEESE CIABATTA CROUTONS, ASIAGO CHEESE",71.43,0.0,0.0,14.29,Other,American,0.0,0,0,0,0,1,0,lunch
0.0,0.0,375.0,1056,0.0,1583.0,USDA,"BANANA CREAM FLAVORED INSTANT PUDDING & PIE FILLING, BANANA CREAM",95.83,0.0,79.17,0.0,Other,American,0.0,0,0,0,0,1,0,lunch
3.57,3.6,393.0,1057,82.0,1393.0,USDA,"TURKEY FLAVORED STUFFING MIX, TURKEY",75.0,0.0,7.14,10.71,Other,American,0.0,0,0,0,0,0,0,lunch
0.0,2.4,30.0,1058,193.0,265.0,USDA,SLICED HEARTS OF PALM SALAD CUT,6.02,0.0,1.2,1.2,Other,American,0.0,0,0,0,1,1,1,lunch
0.0,0.0,250.0,1059,0.0,75.0,USDA,"CONCORD GRAPE JELLY, CONCORD GRAPE",65.0,0.0,65.0,0.0,Other,American,0.0,0,1,0,0,1,1,lunch
0.0,0.0,250.0,1060,0.0,50.0,USDA,"CONCORD GRAPE JAM, CONCORD GRAPE",65.0,0.0,65.0,0.0,Other,American,0.0,0,1,0,0,1,1,lunch
0.0,0.0,200.0,1061,100.0,0.0,USDA,"DELUXE GOLDEN PEACH SPREAD, GOLDEN PEACH",55.0,0.0,50.0,0.0,Other,American,0.0,0,1,0,0,1,1,lunch
28.57,0.0,357.0,1062,0.0,1357.0,USDA,"CRUMBLED BLUE CHEESE, BLUE",3.57,71.0,3.57,21.43,Other,American,17.86,0,0,0,0,1,0,lunch
25.0,3.6,286.0,1063,0.0,482.0,USDA,CRUMBLED GOAT CHEESE,3.57,125.0,0.0,17.86,Other,American,16.07,1,0,1,0,1,0,breakfast
34.78,0.0,348.0,1064,0.0,739.0,USDA,"SHARP CHEDDAR FLAVORED SOFT SPREADABLE CHEESE, SHARP CHEDDAR",4.35,109.0,0.0,8.7,Other,American,21.74,0,0,0,0,1,0,lunch
32.14,0.0,393.0,1065,0.0,607.0,USDA,"GRUYERE CHEESE, MILD",0.0,89.0,0.0,28.57,Other,American,17.86,0,0,0,0,1,0,lunch
19.3,5.3,263.0,1066,316.0,439.0,USDA,"ROASTED RED PEPPER HUMMUS SINGLES, ROASTED RED PEPPER",15.79,0.0,0.0,7.02,Other,American,2.63,1,0,1,0,1,1,dinner
14.89,6.4,426.0,1067,0.0,191.0,USDA,CINNAMON & PUMPKIN SEEDS GRANOLA,68.09,0.0,23.4,10.64,Other,American,1.06,0,0,0,1,1,1,breakfast
0.0,0.0,200.0,1068,0.0,1000.0,USDA,"ARIZONA HEAT MUSTARD, ARIZONA HEAT",20.0,0.0,20.0,0.0,Other,American,0.0,0,0,0,0,1,1,lunch
0.0,0.0,200.0,1069,0.0,500.0,USDA,"HONEY MUSTARD, HONEY",20.0,0.0,20.0,0.0,Other,American,0.0,0,0,0,0,1,0,lunch
0.82,0.4,45.0,1070,0.0,151.0,USDA,"CHICKEN NOODLE SOUP, CHUNKY",6.12,8.0,0.41,2.86,Other,American,0.2,0,0,0,0,0,0,dinner
0.0,0.0,378.0,1071,0.0,0.0,USDA,"FLAVORING STRAWS, STRAWBERRY, STRAWBERRY",88.89,0.0,88.89,0.0,Other,American,0.0,0,1,0,0,1,1,lunch
0.0,0.0,356.0,1072,0.0,0.0,USDA,"FLAVORING STRAWS, CHOCOLATE, CHOCOLATE",88.89,0.0,88.89,0.0,Other,American,0.0,0,1,0,0,1,1,lunch
13.16,3.5,246.0,1073,0.0,254.0,USDA,"NO SUGAR ADDED CHERRY PIE, CHERRY",35.96,0.0,3.51,2.63,Other,American,6.14,1,0,0,0,1,1,lunch
12.28,3.5,246.0,1074,0.0,202.0,USDA,"OLD FASHIONED PEACH PIE, PEACH",33.33,0.0,6.14,1.75,Other,American,6.14,0,0,0,0,1,1,lunch
12.28,3.5,246.0,1075,0.0,219.0,USDA,"OLD FASHIONED STRAWBERRY RHUBARB PIE, STRAWBERRY RHUBARB PIE",33.33,0.0,13.16,2.63,Other,American,6.14,0,0,0,0,1,1,snack
20.0,1.7,417.0,1076,0.0,433.0,USDA,"DONUT GEMS, CINNAMON, CINNAMON",53.33,33.0,25.0,5.0,Other,American,8.33,0,0,0,0,1,1,snack
16.67,6.7,200.0,1077,553.0,450.0,USDA,"SPICY GUACAMOLE, SPICY",10.0,0.0,0.0,3.33,Other,American,3.33,1,0,1,0,1,1,lunch
13.6,2.4,264.0,1078,0.0,224.0,USDA,"OLD FASHIONED COCONUT CUSTARD PIE, COCONUT CUSTARD",30.4,52.0,15.2,5.6,Other,American,7.2,0,0,0,0,1,1,snack
14.52,0.0,194.0,1079,0.0,645.0,USDA,"RED WINE VINAIGRETTE, RED WINE",19.35,0.0,16.13,0.0,Other,American,1.61,0,0,0,0,1,1,lunch
13.16,3.5,246.0,1080,0.0,281.0,USDA,"BLUEBERRY PIE, BLUEBERRY",35.96,0.0,3.51,2.63,Other,American,6.14,1,0,0,0,1,1,lunch
13.16,3.5,237.0,1081,0.0,228.0,USDA,"OLD FASHIONED APPLE PIE, APPLE",29.82,0.0,7.02,1.75,Other,American,6.14,0,0,0,0,1,1,lunch
25.0,0.0,321.0,1082,0.0,1321.0,USDA,"PARMESAN CHEESE SALAME, PARMESAN",0.0,71.0,0.0,21.43,Other,American,8.93,0,0,0,0,1,0,lunch
25.0,0.0,321.0,1083,0.0,1321.0,USDA,"AGED ASIAGO CHEESE SALAME, AGED ASIAGO",0.0,71.0,0.0,21.43,Other,American,8.93,0,0,0,0,1,0,lunch
46.88,6.2,562.0,1084,0.0,375.0,USDA,"CREAMY PEANUT BUTTER, CREAMY",25.0,0.0,12.5,21.88,Other,American,9.38,0,0,0,0,1,0,snack
0.0,0.7,64.0,1085,51.0,0.0,USDA,YELLOW CLING PEACH SLICES IN LIGHT SYRUP,15.71,0.0,14.29,0.0,Other,American,0.0,0,1,0,0,1,1,lunch
46.88,6.2,562.0,1086,594.0,375.0,USDA,"CREAMY PEANUT BUTTER, CREAMY",25.0,0.0,12.5,21.88,Other,American,9.38,0,0,0,0,1,0,snack
2.63,1.8,298.0,1087,105.0,456.0,USDA,"WHITE PITA POCKETS, WHITE",54.39,0.0,5.26,10.53,Other,American,0.0,0,0,0,0,1,1,lunch
25.0,1.8,286.0,1088,0.0,1036.0,USDA,"COOKED SALAMI, MALLITA, MALLITA",3.57,45.0,1.79,12.5,Other,American,10.71,0,0,0,0,1,1,lunch
21.43,1.8,268.0,1089,0.0,1018.0,USDA,COOKED SALAMI,3.57,54.0,1.79,14.29,Other,American,8.93,0,0,0,0,1,1,lunch
9.62,1.9,385.0,1090,0.0,365.0,USDA,"MORNING DELIGHT, FROSTED TOASTER TARTS PASTRIES, BLUEBERRY, BLUEBERRY",71.15,0.0,30.77,3.85,Other,American,3.85,0,0,0,0,1,1,breakfast
0.0,0.0,314.0,1091,0.0,39.0,USDA,"STRAWBERRY FRUIT SNACKS, STRAWBERRY",78.43,0.0,43.14,0.0,Other,American,0.0,0,1,0,0,1,1,snack
0.0,0.0,314.0,1092,0.0,39.0,USDA,"MIXED FRUIT SNACKS, MIXED FRUIT",78.43,0.0,43.14,0.0,Other,American,0.0,0,1,0,0,1,1,snack
7.14,3.6,357.0,1093,0.0,214.0,USDA,"LOW FAT CEREAL BARS, APPLE CINNAMON",71.43,0.0,35.71,3.57,Other,American,3.57,0,0,0,0,1,1,snack
0.0,0.0,375.0,1094,0.0,1708.0,USDA,"VANILLA INSTANT PUDDING & PIE FILLING, VANILLA",95.83,0.0,79.17,0.0,Other,American,0.0,0,0,0,0,1,1,lunch
0.0,0.0,273.0,1095,818.0,3636.0,USDA,"CHOCOLATE INSTANT PUDDING & PIE FILLING, CHOCOLATE",72.73,0.0,0.0,0.0,Other,American,0.0,0,0,0,0,1,1,lunch
0.0,1.7,17.0,1096,311.0,116.0,USDA,CHOPPED SPINACH,2.48,0.0,0.0,1.65,Other,American,0.0,0,1,0,0,1,1,lunch
0.0,0.0,100.0,1097,0.0,29600.0,USDA,STEAK SEASONING,0.0,0.0,0.0,0.0,Other,American,0.0,0,0,0,0,1,1,lunch
0.0,0.2,1.0,1098,0.0,315.0,USDA,SPECIAL BAR-B-Q SEASONING RUB,0.0,0.0,0.0,0.0,Other,American,0.0,0,0,0,0,1,1,snack
0.0,0.0,100.0,1099,0.0,29600.0,USDA,STEAK SEASONING,0.0,0.0,0.0,0.0,Other,American,0.0,0,0,0,0,1,1,lunch
0.88,0.0,94.0,1100,147.0,53.0,USDA,"STRAWBERRY ORIGINAL PROBIOTIC BLENDED LOWFAT YOGURT, STRAWBERRY",17.65,3.0,15.29,2.94,Other,American,0.59,0,1,0,0,1,0,snack
0.0,0.0,54.0,1101,161.0,207.0,USDA,EGG PRODUCT,0.0,0.0,0.0,10.87,Other,American,0.0,0,0,0,0,1,0,breakfast
31.8,0.0,530.0,1102,201.0,1060.0,USDA,"BAKED CHEDDAR CHEESE CURLS, BAKED CHEDDAR",49.47,0.0,3.53,7.07,Other,American,8.83,0,0,0,0,1,0,dinner
0.0,1.2,106.0,1103,0.0,12.0,USDA,"APPLE LEAF, PIE FILLING, PEACH, PEACH",25.88,0.0,21.18,0.0,Other,American,0.0,0,1,0,0,1,1,lunch
8.93,0.0,161.0,1104,0.0,1054.0,USDA,"SMOKED, CHOPPED, PRESSED TURKEY",3.57,54.0,1.79,14.29,Other,American,3.57,0,0,0,0,0,0,lunch
1.85,0.0,93.0,1105,0.0,593.0,USDA,"ROTISSERIE STYLE DELI THIN-SLICED CHICKEN BREAST, ROTISSERIE STYLE",3.7,46.0,1.85,18.52,Other,American,0.0,0,0,0,0,0,0,lunch
3.7,0.0,111.0,1106,0.0,630.0,USDA,"HONEY DELI THIN-SLICED HAM, HONEY",5.56,56.0,5.56,14.81,Other,American,0.93,0,0,0,0,1,0,lunch
2.63,7.9,211.0,1107,239.0,211.0,USDA,"7-SPROUTED GRAINS FLOURLESS SPROUTED WHOLE GRAIN ENGLISH MUFFINS, 7-SPROUTED GRAINS",42.11,0.0,0.0,10.53,Other,American,0.0,1,0,0,1,1,1,lunch
1.32,7.9,211.0,1108,242.0,211.0,USDA,"SPROUTED GRAIN FLOURLESS SPROUTED WHOLE GRAIN ENGLISH MUFFINS, SPROUTED GRAIN",39.47,0.0,0.0,10.53,Other,American,0.0,1,0,0,1,1,1,lunch
2.94,8.8,235.0,1109,226.0,206.0,USDA,"FLAX FLOURLESS SPROUTED GRAIN BREAD, FLAX",41.18,0.0,0.0,14.71,Other,American,0.0,1,0,0,1,1,1,lunch
2.33,2.3,279.0,1110,142.0,291.0,USDA,"MULTI SEED GLUTEN FREE ENGLISH MUFFINS, MULTI SEED",58.14,0.0,0.0,4.65,Other,American,0.0,0,0,0,1,1,1,lunch
1.16,2.3,279.0,1111,140.0,314.0,USDA,"BROWN RICE GLUTEN FREE ENGLISH MUFFINS, BROWN RICE",60.47,0.0,0.0,2.33,Other,American,0.0,0,0,0,0,1,1,dinner
3.12,4.2,250.0,1112,221.0,115.0,USDA,"SPROUTED CORN TORTILLAS, SPROUTED CORN",54.17,0.0,0.0,4.17,Other,American,0.0,1,1,0,1,1,1,lunch
4.39,3.5,228.0,1113,132.0,281.0,USDA,"BROWN RICE GLUTEN-FREE TORTILLAS, BROWN RICE",42.11,0.0,0.0,3.51,Other,American,0.0,1,0,0,1,1,1,dinner
21.74,0.0,304.0,1114,0.0,739.0,USDA,"MOZZARELLA LOW-MOISTURE PART-SKIM STRING CHEESE, MOZZARELLA",0.0,65.0,0.0,26.09,Other,American,13.04,0,0,0,0,1,0,lunch
0.0,0.0,118.0,1115,0.0,188.0,USDA,"LEMON CREME PIE FILLING, LEMON CREME",29.41,0.0,20.0,0.0,Other,American,0.0,0,0,0,0,1,1,lunch
0.0,0.0,89.0,1116,0.0,643.0,USDA,"BREAD & BUTTER CHIPS, BREAD & BUTTER",21.43,0.0,17.86,0.0,Other,American,0.0,0,0,0,0,1,0,snack
0.0,0.8,21.0,1117,0.0,149.0,USDA,DICED TOMATOES,4.13,0.0,2.48,0.83,Other,American,0.0,0,0,0,0,1,1,lunch
0.0,0.0,75.0,1118,0.0,11.0,USDA,"RAINBOW ITALIAN ICES, RAINBOW",19.55,0.0,18.05,0.0,Other,American,0.0,0,1,0,0,1,1,lunch
28.57,3.6,500.0,1119,1464.0,429.0,USDA,BIG BAG HANDCOOKED POTATO CHIPS,50.0,18.0,0.0,7.14,Other,American,8.93,1,0,0,0,1,1,snack
35.34,3.5,565.0,1120,1371.0,336.0,USDA,"ORIGINAL POTATO CHIPS SNACK PACK, ORIGINAL",53.0,0.0,0.0,7.07,Other,American,8.83,1,0,0,0,1,1,snack
12.5,3.6,429.0,1121,250.0,857.0,USDA,THE ULTIMATE BLEND WITH A TOUCH OF SPICE POKER MIX,71.43,0.0,3.57,7.14,Other,American,1.79,1,0,0,0,1,1,lunch
1.79,3.6,357.0,1122,0.0,0.0,USDA,"ELBOW RIDGED PASTA ITALIAN MACARONI PRODUCT, BRONZE CUT CHIFFERINI",69.64,0.0,3.57,12.5,Other,American,0.0,1,1,0,1,1,1,dinner
10.71,0.9,214.0,1123,152.0,536.0,USDA,"CRISPY BATTERED FISH FILLETS, CRISPY BATTERED",22.32,22.0,0.89,8.04,Other,American,0.89,0,0,0,0,0,0,lunch
12.04,0.9,231.0,1124,163.0,500.0,USDA,"CRISPY BATTERED FLOUNDER FILLETS, CRISPY BATTERED",23.15,23.0,2.78,8.33,Other,American,0.93,0,0,0,0,1,1,lunch
3.37,0.0,112.0,1125,360.0,337.0,USDA,"GORTON'S, GRILLED SALMON, LEMON BUTTER, LEMON BUTTER",1.12,45.0,0.0,19.1,Other,American,0.56,0,0,0,0,1,0,dinner
15.85,1.2,280.0,1126,63.0,402.0,USDA,"TENDER STRIPS CRUNCHY COATING FRIED CLAMS, TENDER",25.61,12.0,1.22,8.54,Other,American,1.22,0,0,0,0,1,1,breakfast
0.0,3.1,47.0,1127,0.0,1094.0,USDA,SLICED CARROTS PICKLED,9.38,0.0,3.12,0.0,Other,American,0.0,1,0,1,0,1,1,lunch
16.07,0.0,214.0,1128,0.0,1286.0,USDA,TURKEY BOLOGNA,3.57,89.0,0.0,14.29,Other,American,5.36,0,0,0,0,0,0,lunch
16.07,0.0,250.0,1129,0.0,1536.0,USDA,COTTO SALAMI,10.71,71.0,3.57,14.29,Other,American,5.36,0,0,0,0,1,1,lunch
0.0,0.0,353.0,1130,0.0,0.0,USDA,"DRINK MIX, LEMONADE",94.12,0.0,94.12,0.0,Other,American,0.0,0,1,0,0,1,1,lunch
2.11,1.4,239.0,1131,70.0,423.0,USDA,SLICED SANDWICH ROLLS,47.89,0.0,2.82,8.45,Other,American,0.0,0,0,0,0,1,1,lunch
2.88,1.9,288.0,1132,0.0,577.0,USDA,ENRICHED 12 VIENNA ROLLS,55.77,0.0,3.85,9.62,Other,American,0.0,0,0,0,0,1,1,lunch
2.33,2.3,256.0,1133,0.0,581.0,USDA,ENRICHED 12 CLUB ROLLS,51.16,0.0,2.33,9.3,Other,American,0.0,0,0,0,0,1,1,lunch
3.51,1.8,263.0,1134,0.0,509.0,USDA,HAMBURGER BUNS,49.12,0.0,3.51,8.77,Other,American,0.88,0,0,0,0,1,1,lunch
2.63,1.8,281.0,1135,0.0,561.0,USDA,ITALIAN BREAD,54.39,0.0,1.75,8.77,Other,American,0.0,0,0,0,0,1,1,lunch
3.57,2.4,119.0,1136,429.0,24.0,USDA,JUMBO CRINKLE CUT FRENCH FRIES,20.24,0.0,1.19,2.38,Other,American,1.19,0,1,0,1,1,1,lunch
9.52,1.2,190.0,1137,310.0,464.0,USDA,"FAMOUS SEASONED FRIES, CRISPY FRENCH FRIED SEASONED POTATOES, CRISPY FRENCH FRIED",26.19,6.0,1.19,2.38,Other,American,2.38,0,0,0,0,1,1,lunch
0.0,1.2,24.0,1138,143.0,6.0,USDA,"PEPPER STIR-FRY WITH SLICED GREEN, RED & YELLOW PEPPERS & WHITE ONIONS, PEPPER STIR-FRY",5.95,0.0,2.38,1.19,Other,American,0.0,0,1,0,0,1,1,lunch
0.0,1.2,35.0,1139,116.0,12.0,USDA,WHITE PEARL ONIONS,6.98,0.0,3.49,0.0,Other,American,0.0,0,1,0,0,1,1,lunch
7.69,5.1,167.0,1140,333.0,321.0,USDA,"DR. PRAEGER'S, ITALIAN VEGGIE BURGERS",19.23,0.0,2.56,5.13,Other,American,0.64,1,0,1,0,1,0,breakfast
23.18,0.0,278.0,1141,0.0,56.0,USDA,"ORIGINAL GLUTEN FREE BURGERS, ORIGINAL",0.0,73.0,0.0,16.56,Other,American,9.93,0,1,0,0,1,1,lunch
0.0,0.9,53.0,1142,0.0,9.0,USDA,PINEAPPLE SLICES IN ITS OWN 100% JUICE,14.04,0.0,12.28,0.0,Other,American,0.0,0,1,0,0,1,1,breakfast
0.0,3.5,26.0,1143,426.0,74.0,USDA,NO SALT ADDED LEAF SPINACH,3.48,0.0,0.0,2.61,Other,American,0.0,1,1,1,1,1,1,lunch
13.33,1.7,217.0,1144,0.0,417.0,USDA,"POTATO PATTIES, POTATO PATTIES",28.33,0.0,0.0,1.67,Other,American,1.67,0,0,0,0,1,1,lunch
0.0,0.0,375.0,1145,0.0,0.0,USDA,GRANULATED SUGAR,100.0,0.0,100.0,0.0,Other,American,0.0,0,1,0,0,1,1,lunch
0.0,3.3,367.0,1146,100.0,0.0,USDA,ALL-PURPOSE FLOUR,76.67,0.0,0.0,10.0,Other,American,0.0,1,1,0,1,1,1,lunch
0.0,0.0,118.0,1147,0.0,941.0,USDA,"GRADE A FANCY TOMATO KETCHUP, TOMATO",29.41,0.0,23.53,0.0,Other,American,0.0,0,0,0,0,1,1,lunch
0.0,2.9,171.0,1148,0.0,1314.0,USDA,"KANSAS CITY CLASSIC BBQ SAUCE, KANSAS CITY CLASSIC",42.86,0.0,25.71,2.86,Other,American,0.0,0,0,0,0,1,1,lunch
13.16,5.3,421.0,1149,921.0,1263.0,USDA,"SPICY PEANUT BAKE, SPICY PEANUT",68.42,0.0,52.63,10.53,Other,American,2.63,0,0,0,0,1,1,snack
2.63,0.0,211.0,1150,1234.0,947.0,USDA,"PAD THAI SAUCE, PAD THAI",47.37,0.0,36.84,0.0,Other,American,0.0,0,0,0,0,1,1,lunch
2.34,1.6,297.0,1151,578.0,430.0,USDA,"PAD THAI FOR TWO, PAD THAI",64.84,0.0,15.62,4.69,Other,American,0.39,0,0,0,0,1,1,lunch
4.17,2.1,375.0,1152,146.0,729.0,USDA,"GARLIC BASIL COCONUT RICE, GARLIC BASIL",77.08,0.0,2.08,6.25,Other,American,4.17,0,0,0,0,1,1,dinner
4.0,2.0,360.0,1153,160.0,860.0,USDA,"COCONUT GINGER RICE, COCONUT GINGER",76.0,0.0,2.0,6.0,Other,American,3.0,0,0,0,0,1,1,dinner
4.29,1.2,319.0,1154,620.0,479.0,USDA,"PAD THAI NOODLES, PAD THAI",65.03,0.0,16.56,6.13,Other,American,0.92,0,0,0,0,1,1,dinner
8.85,1.8,389.0,1155,270.0,584.0,USDA,"COCONUT GINGER NOODLES, COCONUT GINGER",72.57,0.0,3.54,7.08,Other,American,7.96,0,0,0,0,1,1,dinner
0.0,0.0,53.0,1156,253.0,8211.0,USDA,"FISH SAUCE MADE WITH SEA SALT, FISH WITH SEA SALT",5.26,0.0,5.26,10.53,Other,American,0.0,0,0,0,0,0,0,lunch
23.08,5.1,462.0,1157,1.0,3.0,USDA,"ALMOND PASTE, ALMOND",53.85,0.0,41.03,10.26,Other,American,2.56,0,1,0,0,1,1,lunch
15.38,2.6,436.0,1158,1.0,3.0,USDA,"MARZIPAN ALMOND CANDY DOUGH, MARZIPAN",69.23,0.0,53.85,5.13,Other,American,1.03,0,1,0,1,1,1,lunch
0.0,0.0,100.0,1159,0.0,1100.0,USDA,SPICY BROWN BEER MUSTARD,20.0,0.0,20.0,0.0,Other,American,0.0,0,0,0,0,1,1,lunch
0.0,0.0,12.0,1160,0.0,1700.0,USDA,CHIPOTLE SAUCE,15.0,0.0,0.0,2.5,Other,American,0.0,0,0,0,0,1,1,snack
8.14,4.7,279.0,1161,0.0,0.0,USDA,"RICE ALMOND GLUTEN FREE BREAD, RICE ALMOND",46.51,0.0,4.65,4.65,Other,American,0.0,1,1,0,1,1,1,dinner
1.16,2.3,209.0,1162,151.0,326.0,USDA,"RICE MILLET GLUTEN FREE BREAD, RICE MILLET",46.51,0.0,6.98,4.65,Other,American,0.0,0,0,0,0,1,1,dinner
93.33,0.0,867.0,1163,0.0,0.0,USDA,"ROASTED ALMOND OIL, ROASTED",0.0,0.0,0.0,0.0,Other,American,6.67,0,1,0,0,1,1,dinner
93.33,0.0,867.0,1164,0.0,0.0,USDA,"TOASTED SESAME OIL, TOASTED",0.0,0.0,0.0,0.0,Other,American,13.33,0,1,0,0,1,1,breakfast
21.74,0.0,304.0,1165,0.0,739.0,USDA,"DOUBLE TWIST LOW-MOISTURE PART-SKIM MOZZARELLA STRING CHEESE, DOUBLE TWIST",0.0,65.0,0.0,26.09,Other,American,13.04,0,0,0,0,1,0,lunch
93.33,0.0,867.0,1166,0.0,0.0,USDA,"ROASTED WALNUT OIL, ROASTED",0.0,0.0,0.0,0.0,Other,American,10.0,0,1,0,0,1,1,dinner
33.33,0.0,381.0,1167,95.0,619.0,USDA,"MILD CHEDDAR ORGANIC CHEESE, MILD CHEDDAR",0.0,95.0,0.0,23.81,Other,American,21.43,0,0,0,0,1,0,lunch
28.57,0.0,333.0,1168,95.0,595.0,USDA,"MONTEREY JACK ORGANIC CHEESE, MONTEREY JACK",4.76,95.0,0.0,23.81,Other,American,19.05,0,0,0,0,1,0,lunch
31.58,0.0,368.0,1169,79.0,184.0,USDA,"EMMENTALER SWISS CHEESE, EMMENTALER SWISS",0.0,105.0,0.0,26.32,Other,American,18.42,0,0,0,0,1,0,lunch
1.02,0.4,37.0,1170,49.0,363.0,USDA,CHUNKY CHICKEN NOODLE SOUP,5.31,6.0,0.82,2.04,Other,American,0.41,0,0,0,0,0,0,dinner
0.61,0.4,41.0,1171,49.0,302.0,USDA,CHUNKY GRILLED SAUSAGE GUMBO SOUP,7.35,2.0,0.82,1.22,Other,American,0.2,0,0,0,0,0,0,dinner
0.0,3.6,357.0,1172,0.0,607.0,USDA,"ORIGINAL FLAVOR INSTANT HOT CEREAL, ORIGINAL",71.43,0.0,0.0,10.71,Other,American,0.0,1,0,0,0,1,1,breakfast
12.5,3.6,214.0,1173,250.0,393.0,USDA,"ROASTED GARLIC HUMMUS, ROASTED GARLIC",17.86,0.0,0.0,7.14,Other,American,0.0,1,0,1,0,1,1,dinner
14.29,0.0,214.0,1174,0.0,411.0,USDA,MARINATED HERRING IN SOUR CREAM,14.29,18.0,7.14,7.14,Other,American,4.46,0,0,0,0,1,0,lunch
39.29,0.0,393.0,1175,0.0,36.0,USDA,CREME FRAICHE,3.57,143.0,3.57,3.57,Other,American,25.0,0,1,0,0,1,1,lunch
7.14,0.0,161.0,1176,0.0,625.0,USDA,HERRING MARINATED IN WINE SUACE,16.07,36.0,14.29,8.93,Other,American,1.79,0,0,0,0,1,1,lunch
1.47,0.0,59.0,1177,231.0,65.0,USDA,"PLAIN PROBIOTIC FORMULA LOWFAT YOGURT, PLAIN",7.06,6.0,7.06,4.71,Other,American,0.88,0,1,0,0,1,0,snack
0.0,0.0,143.0,1178,0.0,25714.0,USDA,"CHICKEN FLAVOR INSTANT BOUILLON CUBES, CHICKEN",28.57,0.0,28.57,0.0,Other,American,0.0,0,0,0,0,0,0,lunch
0.61,0.8,33.0,1179,48.0,282.0,USDA,"MINESTRONE ORGANIC SOUP, MINESTRONE",6.53,0.0,2.04,1.22,Other,American,0.0,0,0,0,0,1,1,lunch
1.84,3.3,82.0,1180,185.0,224.0,USDA,"RED LENTIL DAHL ORGANIC SOUP, RED LENTIL DAHL",11.84,0.0,1.63,4.9,Other,American,0.61,1,0,1,1,1,1,lunch
3.27,0.8,57.0,1181,131.0,314.0,USDA,"POTATO LEEK ORGANIC SOUP, POTATO LEEK",7.35,6.0,1.22,0.82,Other,American,1.43,0,0,0,0,1,1,lunch
1.22,0.8,41.0,1182,53.0,220.0,USDA,"GREEN CHILE CORN ORGANIC CHOWDER, GREEN CHILE CORN",6.53,0.0,0.82,1.22,Other,American,0.0,0,0,0,0,1,1,lunch
2.45,0.4,45.0,1183,20.0,290.0,USDA,"CREAMY TOMATO BASIL ORGANIC SOUP, CREAMY TOMATO BASIL",4.49,4.0,2.45,0.82,Other,American,1.22,0,0,0,0,1,0,lunch
1.43,1.2,49.0,1184,66.0,216.0,USDA,"CHICKEN QUINOA & KALE ORGANIC SOUP, CHICKEN QUINOA & KALE",5.71,4.0,1.22,2.45,Other,American,0.2,0,0,0,0,0,0,lunch
0.88,0.0,88.0,1185,159.0,56.0,USDA,"ORIGINAL PEACH PROBIOTIC FORMULA BLENDED LOWFAT YOGURT, ORIGINAL PEACH",17.06,3.0,15.29,2.94,Other,American,0.59,0,1,0,0,1,0,snack
0.0,0.0,53.0,1186,141.0,59.0,USDA,"APPLE PIE LIGHT PROBIOTIC BLENDED NONFAT YOGURT, APPLE PIE",9.41,3.0,7.06,3.53,Other,American,0.0,0,1,0,0,1,0,snack
2.67,0.7,120.0,1187,113.0,37.0,USDA,"COFFEE LOW-FAT GREEK YOGURT WITH BISCOTTI COOKIES, MILK CHOCOLATE, & MOCHA BROWNIES, COFFEE BROWNIE BLISS",16.67,10.0,13.33,7.33,Other,American,1.67,0,1,0,0,1,0,snack
0.0,0.0,286.0,1188,0.0,0.0,USDA,ORGANIC AMBER 100% BLUE AGAVE,76.19,0.0,76.19,0.0,Other,American,0.0,0,1,0,0,1,1,lunch
2.94,2.9,265.0,1189,103.0,500.0,USDA,"ENRICHED HOMESTYLE COUNTRY BUTTERMILK BREAD, HOMESTYLE",52.94,0.0,5.88,8.82,Other,American,0.0,0,0,0,0,1,0,breakfast
3.12,3.1,250.0,1190,0.0,422.0,USDA,SPLIT TOP OATMEAL BREAD,46.88,0.0,6.25,9.38,Other,American,0.0,0,0,0,0,1,1,breakfast
3.23,6.5,258.0,1191,290.0,371.0,USDA,"100% WHOLE WHEAT BREAD, WHOLE WHEAT",48.39,0.0,9.68,9.68,Other,American,0.0,0,0,0,0,1,1,lunch
0.0,0.0,147.0,1192,0.0,147.0,USDA,GLAZE STRAWBERRY,38.24,0.0,26.47,0.0,Other,American,0.0,0,0,0,0,1,1,lunch
0.0,0.0,29.0,1193,0.0,132.0,USDA,SUGAR FREE STRAWBERRY GLAZE,5.88,0.0,0.0,0.0,Other,American,0.0,0,1,0,0,1,1,lunch
0.0,0.0,167.0,1194,0.0,19333.0,USDA,"PICO DE GALLO, HOT, HOT",33.33,0.0,0.0,0.0,Other,American,0.0,0,0,0,0,1,1,lunch
0.0,1.4,74.0,1195,419.0,0.0,USDA,IDAHO RUSSET POTATOES,17.57,0.0,0.68,2.03,Other,American,0.0,0,1,0,0,1,1,lunch
0.0,3.6,36.0,1196,0.0,964.0,USDA,PICKLED CHILE HABANERO,7.14,0.0,0.0,0.0,Other,American,0.0,1,0,1,0,1,1,lunch
19.35,3.2,484.0,1197,0.0,516.0,USDA,"THE ORIGINAL FLAVORED BUTTER COOKIES, THE ORIGINAL",70.97,16.0,22.58,6.45,Other,American,9.68,0,0,0,0,1,0,snack
0.0,0.8,78.0,1198,78.0,4.0,USDA,SLICED PEACHES YELLOW CLING PEACHES IN HEAVY SYRUP,19.53,0.0,16.41,0.0,Other,American,0.0,0,1,0,0,1,1,lunch
0.0,3.3,75.0,1199,0.0,0.0,USDA,WILD BLUEBERRIES IN LIGHT SYRUP,19.17,0.0,14.17,0.0,Other,American,0.0,0,1,0,1,1,1,lunch
0.0,0.9,53.0,1200,0.0,0.0,USDA,PINEAPPLE SLICES IN 100% PINEAPPLE JUICE,13.22,0.0,11.89,0.44,Other,American,0.0,0,1,0,0,1,1,breakfast
0.0,0.9,44.0,1201,146.0,0.0,USDA,ORGANIC DICED YELLOW CLING PEACHES IN ORGANIC PEAR JUICE FROM CONCENTRATE,10.62,0.0,8.85,0.0,Other,American,0.0,0,1,0,0,1,1,breakfast
0.0,1.8,53.0,1202,112.0,0.0,USDA,"DICED PEARS IN ORGANIC PEAR JUICE FROM CONCENTRATE, DICED PEARS",14.16,0.0,9.73,0.0,Other,American,0.0,0,1,0,0,1,1,breakfast
0.0,0.9,62.0,1203,27.0,0.0,USDA,PINEAPPLE TIDBITS IN 100% PINEAPPLE JUICE,15.93,0.0,15.04,0.0,Other,American,0.0,0,1,0,0,1,1,breakfast
0.0,1.8,62.0,1204,0.0,0.0,USDA,DICED APPLES IN 100% FRUIT JUICE,15.04,0.0,9.73,0.88,Other,American,0.0,0,1,0,0,1,1,snack
0.0,0.9,62.0,1205,106.0,0.0,USDA,MANDARIN ORANGES IN 100% FRUIT JUICE,14.16,0.0,12.39,0.88,Other,American,0.0,0,1,0,0,1,1,snack
0.0,0.9,53.0,1206,124.0,0.0,USDA,DICED PEACHES IN 100% FRUIT JUICE,12.39,0.0,10.62,0.88,Other,American,0.0,0,1,0,0,1,1,snack
0.44,0.0,80.0,1207,177.0,319.0,USDA,"CHUNK LIGHT TUNA IN WATER, CHUNK LIGHT",0.0,40.0,0.0,17.7,Other,American,0.0,0,0,0,0,1,1,lunch
12.5,0.9,295.0,1208,223.0,286.0,USDA,"PUMPKIN PIE, PUMPKIN",40.18,36.0,25.89,5.36,Other,American,5.36,0,0,0,0,1,1,lunch
13.39,0.0,161.0,1209,250.0,85.0,USDA,85% LEAN 15% FAT GROUND TURKEY,0.0,80.0,0.0,16.96,Other,American,3.12,0,1,0,0,0,0,lunch
25.0,7.1,500.0,1210,286.0,232.0,USDA,"BLUE CORN TORTILLA CHIPS, BLUE",60.71,0.0,0.0,7.14,Other,American,3.57,1,0,0,0,1,1,snack
25.0,7.1,500.0,1211,214.0,268.0,USDA,"WHITE CORN TORTILLA CHIPS, WHITE",60.71,0.0,0.0,7.14,Other,American,1.79,1,0,0,1,1,1,snack
39.29,3.6,550.0,1212,0.0,568.0,USDA,"SWEET POTATO CHIPS, SEA SALT, SEA SALT",46.43,0.0,7.14,3.57,Other,American,7.14,0,0,0,0,1,1,snack
0.0,3.6,357.0,1213,0.0,857.0,USDA,"SOURDOUGH RELARD PRETZELS, SOURDOUGH",82.14,0.0,0.0,10.71,Other,American,0.0,1,0,0,0,1,1,lunch
36.67,0.0,333.0,1214,0.0,867.0,USDA,"GREEK FETA VINAIGRETTE, GREEK FETA",3.33,0.0,3.33,0.0,Other,American,5.0,0,0,0,0,1,1,lunch
0.0,0.0,278.0,1215,0.0,7222.0,USDA,"SEASONING & SALAD MIX, RANCH",55.56,0.0,0.0,0.0,Other,American,0.0,0,0,0,0,1,1,lunch
16.13,0.0,194.0,1216,0.0,1516.0,USDA,"LIGHT CHAMPAGNE DRESSING, LIGHT CHAMPAGNE",6.45,0.0,3.23,0.0,Other,American,1.61,0,0,0,0,1,1,lunch
28.57,7.1,500.0,1217,0.0,250.0,USDA,"BEET WHOLE GRAIN CHIPS, BEET",57.14,0.0,3.57,7.14,Other,American,1.79,1,0,0,1,1,1,snack
0.0,0.0,118.0,1218,0.0,824.0,USDA,"SPICY KETCHUP, SPICY",29.41,0.0,11.76,0.0,Other,American,0.0,0,0,0,0,1,1,lunch
25.0,0.0,286.0,1219,0.0,857.0,USDA,"GARLIC & HERBS DELECTABLE BRIE SPREAD, GARLIC & HERBS",3.57,89.0,0.0,14.29,Other,American,14.29,0,0,0,0,1,1,lunch
25.0,0.0,286.0,1220,0.0,857.0,USDA,"ORIGINAL DELECTABLE BRIE SPREAD, ORIGINAL",3.57,89.0,0.0,14.29,Other,American,14.29,0,0,0,0,1,1,lunch
18.75,6.2,500.0,1221,0.0,812.0,USDA,"CLASSICO VIRGIN OLIVE OIL SNACK SIZE ITALIAN BRUSCHETTA TOASTS, CLASSICO VIRGIN OLIVE OIL",68.75,0.0,6.25,12.5,Other,American,0.0,0,0,0,0,1,1,snack
32.14,0.0,357.0,1222,0.0,607.0,USDA,"DOUBLE CREME BRIE, DOUBLE CREME",3.57,107.0,0.0,17.86,Other,American,17.86,0,0,0,0,1,1,lunch
21.43,0.0,286.0,1223,0.0,571.0,USDA,"HAND-BRAIDED FRESH MOZZARELLA CHEESE, ZESTY MARINATED, ZESTY MARINATED",3.57,54.0,0.0,21.43,Other,American,14.29,0,0,0,0,1,0,lunch
32.14,0.0,293.0,1224,0.0,786.0,USDA,"FIRM & SWEET VLASKAAS PREMIUM DUTCH CHEESE, FIRM & SWEET",0.0,79.0,0.0,25.0,Other,American,25.0,0,0,0,0,1,0,lunch
32.14,0.0,393.0,1225,0.0,643.0,USDA,CHIPOTLE WISCONSIN CHEESE,0.0,107.0,0.0,25.0,Other,American,19.64,0,0,0,0,1,0,snack
50.0,6.2,594.0,1226,0.0,203.0,USDA,"MAPLE ALMOND BUTTER, MAPLE",25.0,0.0,9.38,18.75,Other,American,6.25,0,0,0,0,1,0,lunch
17.86,3.6,286.0,1227,0.0,1357.0,USDA,"BLUE CRUMBLED REDUCED FAT CHEESE, BLUE",3.57,54.0,3.57,21.43,Other,American,12.5,1,0,1,0,1,0,lunch
33.33,0.0,400.0,1228,0.0,1267.0,USDA,"PEPPERONI FLAVORED SAUSAGE SNACK BITES, PEPPERONI",3.33,83.0,0.0,16.67,Other,American,11.67,0,0,0,0,0,0,snack
21.43,0.0,464.0,1229,250.0,821.0,USDA,"CHEDDAR CHEESE BITE SIZE SANDWICH CRACKER, CHEDDAR CHEESE",64.29,0.0,10.71,3.57,Other,American,10.71,0,0,0,0,1,0,snack
8.93,7.1,429.0,1230,0.0,536.0,USDA,"HUMMUZ CRACKERS, ROASTED RED PEPPER, ROASTED RED PEPPER",67.86,0.0,3.57,17.86,Other,American,3.57,1,0,0,0,1,1,dinner
0.0,0.0,143.0,1231,0.0,750.0,USDA,"HOT 'N SWEET PICKLES, HOT 'N SWEET",35.71,0.0,28.57,0.0,Other,American,0.0,0,0,0,0,1,1,lunch
10.71,10.7,393.0,1232,0.0,0.0,USDA,"DOUBLE CHOCOLATE HOT COCOA MIX, DOUBLE CHOCOLATE",78.57,0.0,60.71,7.14,Other,American,5.36,0,1,0,0,1,1,lunch
1.79,3.6,357.0,1233,248.0,0.0,USDA,"SLOW DRIED ENRICHED MACARONI PRODUCT, FUSILLI NO. 34",71.43,0.0,3.57,14.29,Other,American,0.0,1,1,0,1,1,1,lunch
6.92,3.1,385.0,1234,0.0,646.0,USDA,"TRICOLOR FOUR CHEESE TORTELLINI, TRICOLOR FOUR CHEESE",69.23,69.0,4.62,12.31,Other,American,1.54,1,0,0,0,1,0,lunch
26.67,0.0,300.0,1235,0.0,517.0,USDA,"ALFREDO SAUCE, ALFREDO",3.33,83.0,1.67,6.67,Other,American,18.33,0,0,0,0,1,1,lunch
2.68,0.0,107.0,1236,0.0,804.0,USDA,"OVEN ROASTED TURKEY BREAST, OVEN ROASTED",1.79,45.0,1.79,19.64,Other,American,0.89,0,0,0,0,0,0,dinner
2.68,0.0,125.0,1237,0.0,732.0,USDA,"HONEY SMOKED TURKEY BREAST, HONEY SMOKED",5.36,45.0,5.36,19.64,Other,American,0.89,0,0,0,0,0,0,lunch
3.2,0.8,56.0,1238,0.0,432.0,USDA,"MARINARA SAUCE, MARINARA",6.4,0.0,2.4,1.6,Other,American,0.4,0,0,0,0,1,1,lunch
25.0,0.0,321.0,1239,0.0,1536.0,USDA,SOPRESSATA FRIULI,3.57,36.0,0.0,25.0,Other,American,14.29,0,0,0,0,1,1,lunch
43.33,0.0,467.0,1240,0.0,2033.0,USDA,PEPPERONI,3.33,33.0,3.33,20.0,Other,American,16.67,0,0,0,0,1,1,lunch
1.79,0.0,107.0,1241,0.0,857.0,USDA,"OVEN ROASTED CHICKEN BREAST, OVEN ROASTED",3.57,54.0,0.0,17.86,Other,American,0.0,0,0,0,0,0,0,dinner
0.0,0.0,250.0,1242,0.0,12500.0,USDA,"BACON CHEDDAR FLAVORED POPCORN SEASONING, BACON CHEDDAR",0.0,0.0,0.0,0.0,Other,American,0.0,0,0,0,0,0,0,lunch
33.33,0.0,386.0,1243,0.0,1614.0,USDA,GENOA SALAMI,1.75,70.0,0.0,19.3,Other,American,12.28,0,0,0,0,1,1,lunch
46.43,0.0,464.0,1244,0.0,1821.0,USDA,PEPPERONI,3.57,71.0,3.57,21.43,Other,American,17.86,0,0,0,0,1,1,lunch
26.67,0.0,300.0,1245,0.0,500.0,USDA,"SPINACH ARTICHOKE & PARMESAN DIP, SPINACH ARTICHOKE & PARMESAN",6.67,50.0,0.0,6.67,Other,American,11.67,0,0,0,0,1,1,lunch
30.43,0.0,348.0,1246,0.0,522.0,USDA,"SMOKY JALAPENO SOFT SPREADABLE CHEESE, SMOKY JALAPENO",8.7,109.0,0.0,4.35,Other,American,19.57,0,0,0,0,1,0,lunch
0.0,0.0,500.0,1247,0.0,2500.0,USDA,"CHEESY CARAMEL CORN POPCORN SEASONING, CHEESY CARAMEL CORN",125.0,0.0,125.0,0.0,Other,American,0.0,0,0,0,0,1,1,lunch
32.14,0.0,393.0,1248,0.0,1607.0,USDA,GENOA SALAMI,0.0,71.0,0.0,17.86,Other,American,12.5,0,0,0,0,1,1,lunch
45.0,1.7,500.0,1249,0.0,767.0,USDA,"BASIL PESTO, BASIL",11.67,8.0,1.67,8.33,Other,American,7.5,0,0,0,0,1,1,lunch
25.81,0.0,258.0,1250,0.0,613.0,USDA,"CREAMY SPINACH DIP, CREAMY",6.45,32.0,3.23,3.23,Other,American,6.45,0,0,0,0,1,0,lunch
0.0,0.0,250.0,1251,0.0,11875.0,USDA,"CHEESY JALAPEO POPCORN SEASONING, CHEESY JALAPEO",0.0,0.0,0.0,0.0,Other,American,0.0,0,0,0,0,1,1,lunch
5.36,0.0,286.0,1252,0.0,1107.0,USDA,"HONEY BARBECUE SMOKED CHICKEN BREAST, HONEY BARBECUE",21.43,107.0,21.43,35.71,Other,American,3.57,0,0,0,0,0,0,snack
30.63,0.0,351.0,1253,0.0,910.0,USDA,"SANDWICH SPREAD BOLOGNA WITH SWEET PICKLE RELISH, CELERY, ONION AND SALAD DRESSING, SANDWICH SPREAD",9.91,50.0,6.31,8.11,Other,American,7.21,0,0,0,0,1,1,lunch
10.57,1.6,163.0,1254,307.0,301.0,USDA,"REDSKIN POTATO SALAD WITH CELERY, SWEET PICKLE RELISH, GREEN ONION, RED PEPPER AND MUSTARD, REDSKIN POTATO SALAD",15.45,8.0,4.07,1.63,Other,American,1.63,0,0,0,0,1,1,lunch
12.31,1.5,177.0,1255,0.0,346.0,USDA,"MUSTARD POTATO SALAD WITH ONION, CELERY, SWEET PICKLE RELISH AND MUSTARD, MUSTARD POTATO SALAD",15.38,8.0,4.62,1.54,Other,American,1.92,0,0,0,0,1,1,lunch
10.57,1.6,163.0,1256,0.0,301.0,USDA,"REDSKIN POTATO SALAD WITH CELERY, SWEET PICKLE RELISH, GREEN ONION, RED PEPPER AND MUSTARD, REDSKIN",15.45,8.0,4.07,1.63,Other,American,1.63,0,0,0,0,1,1,lunch
16.87,2.4,217.0,1257,0.0,151.0,USDA,"CLASSIC COLESLAW, CLASSIC",16.87,12.0,14.46,1.2,Other,American,2.41,0,0,0,0,1,1,lunch
17.65,0.0,212.0,1258,0.0,459.0,USDA,"FARM STYLE EGG SALAD, FARM STYLE",1.18,294.0,1.18,9.41,Other,American,4.12,0,0,0,0,1,0,breakfast
13.91,1.7,330.0,1259,119.0,287.0,USDA,"MACARONI SALAD ELBOW MACARONI, CELERY, EGG, CARROTS & ONIONS IN A RICH MAYONNAISE DRESSING, MACARONI SALAD",44.35,35.0,8.7,6.96,Other,American,2.17,0,0,0,0,1,0,breakfast
12.31,1.5,177.0,1260,274.0,346.0,USDA,"MUSTARD POTATO SALAD WITH ONION, CELERY, SWEET PICKLE RELISH AND MUSTARD, MUSTARD POTATO SALAD",15.38,8.0,4.62,1.54,Other,American,1.92,0,0,0,0,1,1,lunch
11.85,1.5,170.0,1261,0.0,341.0,USDA,"AMERICAN POTATO SALAD WITH CELERY, SWEET PICKLE RELISH, ONION AND MUSTARD, AMERICAN POTATO SALAD",15.56,7.0,3.7,1.48,Other,American,1.85,0,0,0,0,1,1,lunch
11.85,1.5,170.0,1262,296.0,341.0,USDA,"AMERICAN POTATO SALAD WITH CELERY, SWEET PICKLE RELISH, ONION AND MUSTARD, AMERICAN",15.56,7.0,3.7,1.48,Other,American,1.85,0,0,0,0,1,1,lunch
3.57,0.0,143.0,1263,0.0,21.0,USDA,"CRANBERRY WALNUT RELISH, CRANBERRY WALNUT",28.57,0.0,25.71,1.43,Other,American,0.0,0,1,0,0,1,1,snack
28.57,0.0,357.0,1264,0.0,607.0,USDA,FRESH CRUMBLING QUESO FRESCO CHEESE,3.57,71.0,3.57,21.43,Other,American,17.86,0,0,0,0,1,0,lunch
13.64,1.1,182.0,1265,0.0,534.0,USDA,"WHITE CHICKEN MEAT, ONION AND CELERY IN A CREAMY DRESSING SALAD, CHICKEN SALAD",7.95,34.0,5.68,7.95,Other,American,2.27,0,0,0,0,0,0,lunch
30.0,0.0,400.0,1266,0.0,1500.0,USDA,GRATED SIERRA COTIJA CHEESE,0.0,100.0,0.0,20.0,Other,American,20.0,0,0,0,0,1,0,lunch
6.12,6.1,388.0,1267,0.0,0.0,USDA,"TEXMATI, LT. BROWN RICE, CHIA & ORZO",71.43,0.0,0.0,10.2,Other,American,0.0,1,1,0,1,1,1,dinner
1.33,0.7,167.0,1268,0.0,180.0,USDA,THAI JASMINE RICE,35.33,0.0,0.0,3.33,Other,American,0.67,0,0,0,0,1,1,dinner
1.43,31.4,229.0,1269,886.0,14.0,USDA,RED KIDNEY BEANS,60.0,0.0,2.86,22.86,Other,American,0.0,1,1,0,1,1,1,lunch
2.86,31.4,229.0,1270,1086.0,29.0,USDA,"NAVY BEANS, NAVY",60.0,0.0,2.86,20.0,Other,American,0.0,1,1,0,1,1,1,lunch
2.5,2.1,143.0,1271,0.0,207.0,USDA,WHOLE GRAIN BROWN RICE,28.57,0.0,0.0,3.57,Other,American,0.71,0,0,0,1,1,1,dinner
0.0,0.7,57.0,1272,0.0,0.0,USDA,PINEAPPLE SLICES IN 100% PINEAPPLE JUICE,14.29,0.0,12.14,0.0,Other,American,0.0,0,1,0,0,1,1,breakfast
0.0,0.8,56.0,1273,85.0,4.0,USDA,SLICED CLING PEACHES IN EXTRA LIGHT SYRUP,13.71,0.0,12.1,0.0,Other,American,0.0,0,1,0,0,1,1,lunch
3.64,3.6,364.0,1274,0.0,18.0,USDA,"TRADITIONAL GERMAN EGG BROAD NOODLES, TRADITIONAL GERMAN",69.09,45.0,3.64,14.55,Other,American,0.91,1,1,0,1,1,0,dinner
0.0,0.8,49.0,1275,0.0,12.0,USDA,TROPICAL FRUIT SALAD PINEAPPLE & RED & YELLOW PAPAYA CHUNKS IN PINEAPPLE & PASSION FRUIT 100% JUICES,13.11,0.0,11.48,0.0,Other,American,0.0,0,1,0,0,1,1,snack
3.57,0.0,179.0,1276,0.0,2429.0,USDA,VODKA LUMPFISH CAVIAR,14.29,286.0,14.29,14.29,Other,American,0.0,0,0,0,0,0,0,lunch
0.0,3.3,33.0,1277,0.0,1067.0,USDA,PICKLED CARROTS SLICED,3.33,0.0,0.0,0.0,Other,American,0.0,1,0,1,0,1,1,lunch
0.0,3.3,33.0,1278,0.0,1333.0,USDA,"GREEN PICKLED SERRANOS PEPPERS, GREEN PICKLED SERRANOS",3.33,0.0,0.0,0.0,Other,American,0.0,1,0,1,0,1,1,lunch
0.0,5.0,225.0,1279,50.0,0.0,USDA,"ORANGE MARMALADE, ORANGE",55.0,0.0,50.0,0.0,Other,American,0.0,0,1,0,1,1,1,lunch
14.29,0.0,214.0,1280,0.0,1714.0,USDA,"AMERICAN SINGLES REDUCED FAT PASTEURIZED PROCESS CHEESE FOOD, AMERICAN",9.52,48.0,4.76,14.29,Other,American,7.14,0,0,0,0,1,0,lunch
46.15,0.0,538.0,1281,0.0,385.0,USDA,"HONEY BUTTER SPREAD, HONEY",30.77,77.0,30.77,0.0,Other,American,19.23,0,0,0,0,1,0,lunch
71.43,0.0,643.0,1282,0.0,500.0,USDA,"SPREADABLE BUTTER WITH CANOLA OIL WITH SEA SALT!, SEA SALT!",0.0,71.0,0.0,0.0,Other,American,25.0,0,0,0,0,1,0,lunch
26.92,0.0,269.0,1283,0.0,846.0,USDA,LITE MAYONNAISE,7.69,38.0,0.0,0.0,Other,American,3.85,0,0,0,0,1,1,lunch
16.67,0.0,444.0,1284,0.0,389.0,USDA,"FRENCH VANILLA DECAF CAPPUCCINO CAFE STYLE DRINK MIX, FRENCH VANILLA",70.37,0.0,55.56,7.41,Other,American,12.96,0,0,0,0,1,1,lunch
30.0,0.0,467.0,1285,800.0,1600.0,USDA,"FRENCH VANILLA LATTE DRINK MIX SINGLE SERVE CUPS, FRENCH VANILLA LATTE",53.33,0.0,26.67,0.0,Other,American,30.0,0,0,0,0,1,1,lunch
7.5,10.0,375.0,1286,338.0,0.0,USDA,100% WHOLE GRAIN STEEL CUT OATS,65.0,0.0,0.0,12.5,Other,American,1.25,1,1,0,1,1,1,breakfast
2.78,11.1,250.0,1287,0.0,0.0,USDA,"STRAWBERRY FRUIT SPREAD, STRAWBERRY",55.56,0.0,44.44,0.0,Other,American,0.0,0,1,0,1,1,1,snack
2.78,11.1,250.0,1288,0.0,0.0,USDA,"RASPBERRY FRUIT SPREAD, RASPBERRY",55.56,0.0,44.44,0.0,Other,American,0.0,0,1,0,1,1,1,snack
10.0,0.0,233.0,1289,0.0,1167.0,USDA,"HONEY BROWN SUGAR TURKEY SAUSAGE BITES, HONEY BROWN SUGAR TURKEY",16.67,67.0,16.67,20.0,Other,American,3.33,0,0,0,0,0,0,lunch
0.0,7.5,275.0,1290,1125.0,62.0,USDA,PREMIUM ULTIMATE APRICOTS,65.0,0.0,37.5,2.5,Other,American,0.0,0,1,0,1,1,1,lunch
17.86,14.3,464.0,1291,679.0,321.0,USDA,"BLACK PEPPER FLAVORED GREEN PEA SNACK CRISPS, BLACK PEPPER",57.14,0.0,3.57,17.86,Other,American,0.0,1,0,0,0,1,1,snack
1.92,1.9,135.0,1292,385.0,577.0,USDA,"VEGGIE HAM SMART DELI MEATLESS SLICES, VEGGIE HAM",7.69,0.0,3.85,23.08,Other,American,0.0,0,0,0,0,0,0,breakfast
12.5,0.0,214.0,1293,0.0,1268.0,USDA,"TURKEY PREMIUM SUMMER SAUSAGE, TURKEY",1.79,71.0,0.0,19.64,Other,American,3.57,0,0,0,0,0,0,lunch
17.86,14.3,464.0,1294,714.0,304.0,USDA,"WASABI RANCH FLAVORED ZIPPY & CREAMY GREEN PEA SNACK CRISPS, WASABI RANCH",57.14,0.0,3.57,17.86,Other,American,0.0,1,0,0,0,1,0,snack
36.67,0.0,467.0,1295,0.0,1533.0,USDA,"BEEF SAUSAGE SNACK BITES, BEEF",3.33,83.0,3.33,20.0,Other,American,16.67,0,0,0,0,0,0,snack
13.33,0.0,267.0,1296,0.0,933.0,USDA,"TURKEY HONEY BROWN SUGAR SAUSAGE SNACK BITES, TURKEY HONEY BROWN SUGAR",16.67,67.0,16.67,20.0,Other,American,3.33,0,0,0,0,0,0,snack
36.67,0.0,433.0,1297,0.0,1633.0,USDA,"ORIGINAL SAUSAGE SNACK BITES, ORIGINAL",3.33,100.0,0.0,20.0,Other,American,13.33,0,0,0,0,0,0,snack
25.0,0.0,321.0,1298,0.0,1357.0,USDA,"ORIGINAL PREMIUM SUMMER SAUSAGE, ORIGINAL",0.0,71.0,1.79,19.64,Other,American,8.93,0,0,0,0,0,0,lunch
16.67,0.0,267.0,1299,0.0,1000.0,USDA,"TURKEY SAUSAGE BITES, TURKEY",3.33,83.0,0.0,23.33,Other,American,5.0,0,0,0,0,0,0,lunch
0.0,0.0,250.0,1300,0.0,75.0,USDA,"CONCORD GRAPE JELLY, CONCORD GRAPE",65.0,0.0,65.0,0.0,Other,American,0.0,0,1,0,0,1,1,lunch
18.6,4.7,419.0,1301,0.0,221.0,USDA,"LOFTHOUSE, PEANUT BUTTER FUDGE NO-BAKE COOKIES",58.14,0.0,34.88,9.3,Other,American,5.81,0,0,0,0,1,0,snack
15.79,0.0,421.0,1302,0.0,276.0,USDA,"LOFTHOUSE, HARVEST! FROSTED SUGAR COOKIES",65.79,26.0,42.11,2.63,Other,American,6.58,0,0,0,0,1,1,snack
18.42,0.0,421.0,1303,0.0,342.0,USDA,"FROSTED SUGAR COOKIES, HAPPY BIRTHDAY CAKE",65.79,13.0,42.11,2.63,Other,American,7.89,0,0,0,0,1,1,snack
0.0,2.4,24.0,1304,0.0,76.0,USDA,BABY SPINACH,3.53,0.0,0.0,2.35,Other,American,0.0,0,1,0,1,1,1,lunch
0.0,2.4,24.0,1305,553.0,76.0,USDA,CLASSIC SPINACH EPINARDS,3.53,0.0,0.0,2.35,Other,American,0.0,0,1,0,1,1,1,lunch
42.42,0.0,515.0,1306,0.0,758.0,USDA,"ORIGINAL HONEY FRENCH DRESSING, ORIGINAL HONEY FRENCH",33.33,0.0,30.3,0.0,Other,American,6.06,0,0,0,0,1,0,lunch
0.0,2.4,29.0,1307,307.0,35.0,USDA,"COLORFULLY VERSATILE CAULIFLOWER, BROCCOLI, CARROTS AND RED CABBAGE RAINBOW SALAD, COLORFULLY VERSATILE",7.06,0.0,2.35,2.35,Other,American,0.0,0,1,0,1,1,1,lunch
0.0,2.4,35.0,1308,518.0,65.0,USDA,SPINACH PLUS BABY KALE,5.88,0.0,1.18,3.53,Other,American,0.0,0,1,0,1,1,1,lunch
16.07,0.0,214.0,1309,0.0,1214.0,USDA,"TURKEY JUMBO FRANKS, TURKEY",7.14,89.0,3.57,10.71,Other,American,4.46,0,0,0,0,0,0,lunch
27.91,0.0,326.0,1310,0.0,1302.0,USDA,"CHEESE FRANKS, CHEESE",9.3,105.0,2.33,11.63,Other,American,9.3,0,0,0,0,1,0,lunch
21.43,0.0,250.0,1311,0.0,1036.0,USDA,"CLASSIC BUN LENGTH FRANKS, CLASSIC",7.14,89.0,5.36,7.14,Other,American,6.25,0,0,0,0,1,1,lunch
0.59,1.2,71.0,1312,0.0,353.0,USDA,"CLASSIC 4 BEAN SALAD, CLASSIC 4 BEAN",15.29,0.0,10.59,1.18,Other,American,0.0,0,0,0,0,1,1,lunch
0.4,2.4,36.0,1313,0.0,552.0,USDA,"7 SPICE HOMESTYLE CHILI STARTER, 7 SPICE HOMESTYLE",5.6,1.0,3.2,2.4,Other,American,0.0,0,0,0,0,1,1,lunch
0.0,0.0,100.0,1314,0.0,1714.0,USDA,BROCCOLI BEEF SAUCE,25.71,0.0,22.86,0.0,Other,American,0.0,0,0,0,0,0,0,lunch
16.67,33.3,333.0,1315,4733.0,0.0,USDA,"RICH CHOCOLATE FLAVOR GOURMET BAKING COCOA, RICH CHOCOLATE",50.0,0.0,0.0,16.67,Other,American,8.33,1,1,0,0,1,1,lunch
16.67,0.0,200.0,1316,0.0,50.0,USDA,SOUR CREAM,3.33,67.0,3.33,3.33,Other,American,11.67,0,1,0,0,1,0,lunch
1.54,0.0,100.0,1317,0.0,108.0,USDA,"ORIGINAL RECIPE TAPIOCA PUDDING, ORIGINAL RECIPE",19.23,8.0,14.62,3.08,Other,American,1.15,0,1,0,0,1,1,lunch
1.33,1.8,80.0,1318,0.0,124.0,USDA,"TAPIOCA PUDDING, TAPIOCA",12.39,4.0,4.42,2.65,Other,American,0.88,0,1,0,0,1,1,lunch
1.94,0.0,101.0,1319,0.0,109.0,USDA,"ORIGINAL RECIPE RICE PUDDING, ORIGINAL RECIPE",18.6,12.0,11.63,3.1,Other,American,1.16,0,1,0,0,1,1,dinner
1.77,0.0,106.0,1320,0.0,115.0,USDA,"ORIGINAL RECIPE TAPIOCA PUDDING, ORIGINAL RECIPE",19.47,4.0,14.16,2.65,Other,American,0.88,0,1,0,0,1,1,lunch
0.88,0.0,71.0,1321,124.0,44.0,USDA,"VANILLA LOWFAT YOGURT MILK CHOCOLATE CANDIES, VANILLA",13.27,4.0,9.73,2.65,Other,American,0.44,0,1,0,0,1,0,snack
0.0,0.0,53.0,1322,100.0,30.0,USDA,"PEACH ORIGINAL GREEK NONFAT YOGURT, PEACH",5.33,7.0,4.67,8.0,Other,American,0.0,0,1,0,0,1,0,snack
0.0,0.0,80.0,1323,133.0,33.0,USDA,"BLUEBERRY PROBIOTIC NONFAT GREEK YOGURT, BLUEBERRY",11.33,3.0,11.33,8.0,Other,American,0.0,0,1,0,0,1,0,snack
1.47,2.9,382.0,1324,0.0,971.0,USDA,"SEASONED TRADITIONAL STUFFING, SEASONED",73.53,0.0,2.94,11.76,Other,American,0.0,0,0,0,0,1,1,lunch
16.67,2.4,429.0,1325,0.0,48.0,USDA,"PURE MILK CHOCOLATE COVERED RAISINS, PURE MILK CHOCOLATE",71.43,12.0,64.29,4.76,Other,American,9.52,0,1,0,0,1,0,breakfast
0.0,0.0,350.0,1326,0.0,150.0,USDA,SOUR LOVERS CANDIES,85.0,0.0,55.0,0.0,Other,American,0.0,0,0,0,0,1,1,lunch
17.65,1.2,329.0,1327,0.0,259.0,USDA,"STRAWBERRY SWIRL CHEESECAKE MADE WITH FINEST CREAM CHEESE!, STRAWBERRY",38.82,29.0,22.35,3.53,Other,American,8.24,0,0,0,0,1,0,lunch
12.5,0.0,170.0,1328,0.0,339.0,USDA,CHICKEN WINGS,0.0,58.0,0.0,14.29,Other,American,3.12,0,0,0,0,0,0,lunch
0.0,0.0,314.0,1329,0.0,39.0,USDA,"MIXED FRUIT SNACKS, MIXED FRUIT",78.43,0.0,43.14,0.0,Other,American,0.0,0,1,0,0,1,1,snack
9.82,0.0,170.0,1330,0.0,250.0,USDA,"TURKEY BURGERS, TURKEY",0.0,71.0,0.0,19.64,Other,American,2.23,0,0,0,0,0,0,lunch
22.73,1.5,273.0,1331,0.0,864.0,USDA,"BROWN SUGAR BOURBON SEASONED SMOKED SAUSAGE, BROWN SUGAR BOURBON",7.58,68.0,3.03,12.12,Other,American,7.58,0,0,0,0,0,0,lunch
21.21,1.5,273.0,1332,0.0,864.0,USDA,"MONTREAL STEAK SMOKED SAUSAGE, MONTREAL STEAK",7.58,68.0,1.52,13.64,Other,American,7.58,0,0,0,0,0,0,lunch
12.5,10.7,429.0,1333,0.0,464.0,USDA,"BAKED LENTIL CHIPS, CRACKED PEPPER, CRACKED PEPPER",67.86,0.0,3.57,14.29,Other,American,0.0,1,0,0,0,1,1,dinner
8.93,0.0,161.0,1334,0.0,946.0,USDA,"CHICKEN SMOKED, CHOPPED, PRESSED SANDWICHES, CHICKEN",3.57,54.0,1.79,16.07,Other,American,2.68,0,0,0,0,0,0,lunch
21.43,0.0,250.0,1335,0.0,1286.0,USDA,COTTO SALAMI,7.14,71.0,3.57,10.71,Other,American,8.93,0,0,0,0,1,1,lunch
24.0,0.0,280.0,1336,0.0,1080.0,USDA,THICK BOLOGNA,6.0,80.0,2.0,10.0,Other,American,8.0,0,0,0,0,1,1,lunch
30.0,6.7,533.0,1337,0.0,300.0,USDA,"ORIGINAL ROUNDS TORTILLA CHIPS, ORIGINAL",60.0,0.0,0.0,6.67,Other,American,5.0,1,0,0,0,1,1,snack
30.0,6.7,533.0,1338,0.0,300.0,USDA,"ORIGINAL TORTILLA CHIPS, ORIGINAL",60.0,0.0,0.0,6.67,Other,American,5.0,1,0,0,0,1,1,snack
11.67,0.0,433.0,1339,267.0,233.0,USDA,ARROWROOT ANIMALS CRUNCHY COOKIES,73.33,0.0,30.0,6.67,Other,American,3.33,0,0,0,0,1,1,snack
16.67,0.0,467.0,1340,300.0,350.0,USDA,"SWEDISH STYLE GINGER SNAPS, SWEDISH STYLE",66.67,0.0,36.67,6.67,Other,American,0.0,0,0,0,0,1,1,lunch
8.93,7.1,429.0,1341,0.0,536.0,USDA,"ALL NATURAL & BAKED HUMMUZ CRACKERS, ROASTED GARLIC, ROASTED GARLIC",67.86,0.0,3.57,17.86,Other,American,3.57,1,0,0,0,1,1,dinner
8.93,7.1,429.0,1342,0.0,679.0,USDA,"HUMMUZ, CRACKERS, OLIVE TAPENADE, OLIVE TAPENADE",67.86,0.0,3.57,17.86,Other,American,3.57,1,0,0,0,1,1,snack
23.88,3.0,358.0,1343,0.0,60.0,USDA,"ALMOND DREAM, ALMOND BASED FROZEN DESSERT BITES, CHOCOLATE, CHOCOLATE",32.84,0.0,25.37,2.99,Other,American,16.42,0,1,0,0,1,1,lunch
11.67,3.3,433.0,1344,0.0,350.0,USDA,"CRACKED PEPPER BROWN RICE, SESAME & FLAX CRACKERS, CRACKED PEPPER",76.67,0.0,0.0,10.0,Other,American,0.0,1,0,0,0,1,1,dinner
11.67,3.3,433.0,1345,0.0,400.0,USDA,"ORIGINAL BROWN RICE, SESAME & FLAX CRACKERS, ORIGINAL",76.67,0.0,0.0,10.0,Other,American,0.0,1,0,0,0,1,1,dinner
20.0,3.3,467.0,1346,0.0,967.0,USDA,"FUDGE GLUTEN FREE COVERED PRETZELS, FUDGE",70.0,0.0,40.0,3.33,Other,American,15.0,0,0,0,0,1,1,lunch
12.96,0.0,444.0,1347,185.0,815.0,USDA,"DOUBLE PEANUT BUTTER COOKIE MIX, DOUBLE PEANUT BUTTER",74.07,0.0,44.44,7.41,Other,American,3.7,0,0,0,0,1,0,snack
0.0,1.6,25.0,1348,221.0,459.0,USDA,"TOMATO SAUCE, TOMATO",4.92,0.0,3.28,1.64,Other,American,0.0,0,0,0,0,1,1,lunch
0.0,1.6,25.0,1349,230.0,16.0,USDA,"TOMATO NO SALT ADDED SAUCE, TOMATO",4.92,0.0,3.28,1.64,Other,American,0.0,0,1,0,0,1,1,lunch
0.0,6.1,91.0,1350,818.0,61.0,USDA,"TOMATO NO SALT ADDED PASTE, TOMATO",18.18,0.0,12.12,3.03,Other,American,0.0,0,1,0,1,1,1,lunch
0.0,6.1,91.0,1351,818.0,61.0,USDA,"TOMATO NO SALT ADDED PASTE, TOMATO",18.18,0.0,12.12,3.03,Other,American,0.0,0,1,0,1,1,1,lunch
0.0,0.8,21.0,1352,190.0,149.0,USDA,PETITE DICED TOMATOES,4.13,0.0,2.48,0.83,Other,American,0.0,0,0,0,0,1,1,lunch
0.0,0.8,17.0,1353,157.0,248.0,USDA,"MILD DICED TOMATOES & GREEN CHILIES, MILD",3.31,0.0,2.48,0.83,Other,American,0.0,0,0,0,0,1,1,lunch
0.0,0.8,21.0,1354,190.0,149.0,USDA,PETITE DICED TOMATOES,4.13,0.0,2.48,0.83,Other,American,0.0,0,0,0,0,1,1,lunch
0.0,3.2,48.0,1355,349.0,349.0,USDA,"PIZZA SAUCE, PIZZA",9.52,0.0,6.35,1.59,Other,American,0.0,0,0,0,0,1,1,lunch
9.41,2.4,329.0,1356,106.0,400.0,USDA,OVEN BAKED THIN PIZZA CRUSTS,51.76,0.0,1.18,7.06,Other,American,1.76,0,0,0,0,1,1,dinner
8.77,1.8,333.0,1357,105.0,404.0,USDA,"CLASSIC OVEN BAKED PIZZA CRUSTS, CLASSIC",52.63,0.0,1.75,7.02,Other,American,1.75,0,0,0,0,1,1,dinner
0.0,0.0,327.0,1358,96.0,0.0,USDA,"RISOTTO RICE, ARBORIO",78.85,0.0,0.0,5.77,Other,American,0.0,0,1,0,0,1,1,dinner
1.95,2.3,70.0,1359,402.0,367.0,USDA,"CHUNKY SUNDRIED TOMATO & SWEET BASIL SAUCE, CHUNKY, SUNDRIED TOMATO & SWEET BASIL",11.72,0.0,7.81,1.56,Other,American,0.0,0,0,0,0,1,1,lunch
1.6,1.6,56.0,1360,324.0,368.0,USDA,"MUSHROOM SAUCE, MUSHROOM",8.8,0.0,5.6,1.6,Other,American,0.0,0,0,0,0,1,1,lunch
3.2,1.6,72.0,1361,0.0,384.0,USDA,"SAUCE FLAVORED WITH MEAT, MEAT",9.6,0.0,5.6,1.6,Other,American,0.8,0,0,0,0,0,0,lunch
5.0,7.5,375.0,1362,325.0,0.0,USDA,QUICK COOKING ROLLED OATS IRISH OATMEAL,75.0,0.0,0.0,12.5,Other,American,0.0,1,1,0,1,1,1,breakfast
16.67,0.0,200.0,1363,0.0,667.0,USDA,"RANCH DIP, RANCH",10.0,0.0,6.67,3.33,Other,American,8.33,0,0,0,0,1,1,lunch
8.93,3.6,393.0,1364,0.0,1821.0,USDA,LOADED BAKED FLAVORED MASHED POTATOES,71.43,0.0,7.14,7.14,Other,American,5.36,0,0,0,0,1,1,dinner
7.14,3.6,393.0,1365,0.0,2107.0,USDA,"SOUR CREAM & CHIVES MASHED POTATOES, SOUR CREAM & CHIVES",71.43,0.0,7.14,7.14,Other,American,3.57,0,0,0,0,1,0,lunch
8.93,3.6,393.0,1366,0.0,1321.0,USDA,"LOADED BAKED MASHED POTATOES, LOADED BAKED",71.43,0.0,7.14,7.14,Other,American,5.36,0,0,0,0,1,1,dinner
0.0,3.3,367.0,1367,100.0,0.0,USDA,BLEACHED ENRICHED & PRE-SIFTED ALL-PURPOSE FLOUR,76.67,0.0,0.0,10.0,Other,American,0.0,1,1,0,1,1,1,lunch
0.0,3.3,367.0,1368,100.0,0.0,USDA,UNBLEACHED ENRICHED & PRE-SIFTED ALL-PURPOSE FLOUR,76.67,0.0,0.0,10.0,Other,American,0.0,1,1,0,1,1,1,lunch
29.17,8.3,542.0,1369,0.0,0.0,USDA,"DARK CHOCOLATE HEMP SEEDS SUPERFOOD SNACK, DARK CHOCOLATE",58.33,0.0,37.5,8.33,Other,American,14.58,0,1,0,0,1,1,snack
0.0,3.3,367.0,1370,100.0,0.0,USDA,BLEACHED ENRICHED & PRE-SIFTED ALL-PURPOSE FLOUR,76.67,0.0,0.0,10.0,Other,American,0.0,1,1,0,1,1,1,lunch
10.71,7.1,429.0,1371,0.0,571.0,USDA,"OVEN BAKED LENTIL CRACKERS, ROSEMARY HERB, ROSEMARY HERB",71.43,0.0,3.57,17.86,Other,American,5.36,1,0,0,0,1,1,dinner
0.0,0.0,53.0,1372,0.0,37.0,USDA,0% MILKFAT NONFAT GREEK STRAINED YOGURT,3.08,4.0,3.08,10.13,Other,American,0.0,0,1,0,0,1,0,snack
5.29,4.1,94.0,1373,124.0,3.0,USDA,"MANGO CHIA POD, MANGO",8.24,0.0,7.06,1.76,Other,American,2.94,0,1,0,0,1,1,lunch
9.09,1.1,227.0,1374,148.0,119.0,USDA,"PEANUT BUTTER WITH PEANUT BUTTER CUP PIECES AND A FUDGE SWIRL FROZEN DAIRY DESSERT, PEANUT BUTTER",34.09,6.0,21.59,3.41,Other,American,4.55,0,1,0,0,1,0,snack
12.94,1.2,224.0,1375,141.0,424.0,USDA,BUTTON MUSHROOMS IN A CRISPY BREADED COATING,22.35,0.0,0.0,4.71,Other,American,1.76,0,0,0,0,1,1,breakfast
2.31,0.0,169.0,1376,0.0,69.0,USDA,"BLACK JACK CHERRY FROZEN YOGURT, BLACK JACK CHERRY",32.31,0.0,23.08,3.08,Other,American,2.31,0,1,0,0,1,0,snack
9.02,2.0,129.0,1377,0.0,282.0,USDA,"CHILI CON CARNE GROUND BEEF WITH GREEN & RED BELL PEPPERS AND TOMATOES IN A CHILI SAUCE, TOPPED WITH CHEDDAR CHEESE, CHILI CON CARNE",3.92,31.0,1.57,9.41,Other,American,3.92,0,0,0,0,0,0,lunch
7.93,1.8,115.0,1378,0.0,383.0,USDA,"BEEF TERIYAKI STIR-FRY TENDER BEEF WITH BROCCOLI, GREEN BEANS, RED BELL PEPPERS AND CARROTS IN A TERIYAKI SAUCE, BEEF TERIYAKI STIR-FRY",4.41,7.0,1.76,7.93,Other,American,1.76,0,0,0,0,0,0,lunch
8.3,3.3,129.0,1379,0.0,390.0,USDA,"BEEF FIESTA TACO BOWL GROUND BEEF WITH GREEN & RED BELL PEPPERS, ONIONS AND MONTEREY JACK CHEESE, BEEF FIESTA TACO BOWL",5.81,29.0,2.49,8.71,Other,American,3.73,1,0,1,0,0,0,lunch
3.57,3.6,393.0,1380,125.0,571.0,USDA,"BLACK SESAME AND SOY SAUCE RICE CRACKERS, BLACK SESAME AND SOY SAUCE",85.71,0.0,3.57,7.14,Other,American,0.0,1,0,0,0,1,1,dinner
5.36,3.6,393.0,1381,89.0,321.0,USDA,"SESAME RICE CRACKERS, SESAME",78.57,0.0,0.0,7.14,Other,American,0.0,1,0,0,0,1,1,dinner
12.94,0.0,235.0,1382,47.0,424.0,USDA,"OVEN CRUNCHY BEER BATTERED SHRIMP, OVEN CRUNCHY",22.35,35.0,3.53,7.06,Other,American,2.35,0,0,0,0,1,1,lunch
13.1,1.2,262.0,1383,0.0,381.0,USDA,"BUTTERFLY SHRIMP, BUTTERFLY",22.62,77.0,1.19,13.1,Other,American,2.38,0,0,0,0,1,0,lunch
11.49,1.4,223.0,1384,196.0,568.0,USDA,"GORTON'S, PUB STYLE BEER BATTER COD FILLETS",20.95,24.0,3.38,9.46,Other,American,1.01,0,0,0,0,1,1,lunch
5.88,2.4,194.0,1385,0.0,118.0,USDA,"CILANTRO LIME CHICKEN BURRITO, CILANTRO LIME CHICKEN",27.06,12.0,0.59,8.82,Other,American,2.65,0,1,0,0,0,0,lunch
5.26,1.8,175.0,1386,0.0,430.0,USDA,"CHICKEN APPLE SANDWICH, SAUSAGE, EGG WHITE & CHEDDAR",16.67,35.0,1.75,14.04,Other,American,2.19,0,0,0,0,0,0,breakfast
20.0,6.7,422.0,1387,711.0,0.0,USDA,"BLUEBERRY MUFFIN BARS, BLUEBERRY MUFFIN",60.0,0.0,37.78,6.67,Other,American,4.44,0,1,0,0,1,1,snack
16.18,2.9,441.0,1388,0.0,485.0,USDA,"CRUNCHY PEANUT BUTTER PROTEIN BARS, CRUNCHY PEANUT BUTTER",42.65,0.0,23.53,29.41,Other,American,8.82,0,0,0,0,1,0,snack
25.0,8.3,458.0,1389,625.0,177.0,USDA,"PEANUT BUTTER COOKIE BARS, PEANUT BUTTER COOKIE",47.92,0.0,35.42,12.5,Other,American,4.17,0,0,0,0,1,0,snack
14.71,5.9,397.0,1390,0.0,382.0,USDA,"NUTS & SEEDS ALMONDS, PEANUTS, PUMPKIN SEEDS ENERGY BAR, NUTS & SEEDS",55.88,0.0,26.47,14.71,Other,American,1.47,0,0,0,0,1,1,snack
6.94,5.6,361.0,1391,0.0,222.0,USDA,"CHOCOLATE CHIP WHOLE GRAIN CRISPY SNACK BARS, CHOCOLATE CHIP",63.89,28.0,25.0,13.89,Other,American,4.17,0,0,0,0,1,1,snack
0.0,0.0,214.0,1392,0.0,250.0,USDA,"DIAMOND COLLECTION SUGAR FREE CANDY, STRAWBERRY, STRAWBERRY",92.86,0.0,0.0,0.0,Other,American,0.0,0,0,0,0,1,1,lunch
0.0,0.0,367.0,1393,0.0,50.0,USDA,"LEMON ORANGE GREEN APPLE WATERMELON BLACK CHERRY BLUE RASPBERRY JELLY BEANS CHEWY CANDY, LEMON ORANGE GREEN APPLE WATERMELON BLACK CHERRY BLUE RASPBERRY",93.33,0.0,63.33,0.0,Other,American,0.0,0,1,0,0,1,1,lunch
42.86,10.7,571.0,1394,643.0,125.0,USDA,"DARK CHOCOLATE FLAVORED OVEN ROASTED ALMONDS, DARK CHOCOLATE",32.14,0.0,17.86,17.86,Other,American,3.57,0,1,0,0,1,1,dinner
10.9,0.6,263.0,1395,178.0,538.0,USDA,"FOUR CHEESE MOZZARELLA, FONTINA, PARMESAN AND ASIAGO CHEESES GLUTEN FREE PIZZA, FOUR CHEESE",30.77,19.0,6.41,9.62,Other,American,5.77,0,0,0,0,1,0,lunch
3.12,2.5,94.0,1396,0.0,506.0,USDA,LEMONGRASS CHICKEN STIR FRY,8.75,19.0,4.38,7.5,Other,American,0.62,0,0,0,0,0,0,lunch
10.67,1.1,236.0,1397,0.0,596.0,USDA,"SRIRACHA CHICKEN, MEDIUM SPICY",24.72,14.0,9.55,9.55,Other,American,1.4,0,0,0,0,0,0,lunch
3.33,1.3,133.0,1398,0.0,267.0,USDA,"LEMON GRASS KITCHEN, BEEF & BROCCOLI NOODLES",20.0,7.0,4.0,4.67,Other,American,0.67,0,0,0,0,0,0,dinner
0.0,1.6,25.0,1399,0.0,16.0,USDA,"NO SALT ADDED TOMATO SAUCE, TOMATO",4.92,0.0,3.28,1.64,Other,American,0.0,0,1,0,0,1,1,lunch
0.0,0.0,87.0,1400,7.0,11.0,USDA,"HAWAIIAN PUNCH ORANGE OCEAN, FRUIT JUICY RED & GREEN BERRY RUSH FROZEN CONFECTION POPS, HAWAIIAN PUNCH",21.01,0.0,15.22,0.0,Other,American,0.0,0,1,0,0,1,1,snack
3.89,1.4,106.0,1401,0.0,329.0,USDA,"GRILLED WHITE MEAT CHICKEN, CARROTS, PEAS AND WHITE RICE-ALL COMBINED WITH AN INSANELY TASTY TIKKA MASALA SAUCE, CHICKEN TIKKA MASALA",12.01,16.0,2.83,5.65,Other,American,1.41,0,0,0,0,0,0,dinner
0.0,1.8,71.0,1402,0.0,9.0,USDA,"MANGO CARROT FRUIT & VEGGIE BLENDS, MANGO CARROT",16.81,0.0,12.39,0.88,Other,American,0.0,0,1,0,0,1,0,snack
0.0,2.1,64.0,1403,0.0,0.0,USDA,"STRAWBERRY BANANA SLICED STRAWBERRIES, SLICED BANANAS MIX, STRAWBERRY BANANA",15.0,0.0,8.57,0.71,Other,American,0.0,0,1,0,1,1,1,lunch
0.0,2.1,43.0,1404,0.0,0.0,USDA,"STRAWBERRY BLUEBERRY DICED STRAWBERRIES, CULTIVATED BLUEBERRIES BLEND, STRAWBERRY BLUEBERRY",10.0,0.0,6.43,0.71,Other,American,0.0,0,1,0,1,1,1,lunch
4.0,2.0,100.0,1405,40.0,15.0,USDA,"ACAI, ORIGINAL BLEND, ACAI BERRY + GUARANA",15.0,0.0,13.0,1.0,Other,American,1.0,0,1,0,0,1,1,lunch
11.22,3.1,214.0,1406,122.0,602.0,USDA,"GORTON'S, ORIGINAL BATTER TENDERS DIPPING, ORIGINAL, ORIGINAL",20.41,26.0,3.06,8.16,Other,American,2.55,1,0,1,0,1,1,lunch
9.52,0.0,429.0,1407,0.0,286.0,USDA,"ORIGINAL BISCUITS BREAKFAST TREATS, ORIGINAL",71.43,48.0,28.57,4.76,Other,American,90.48,0,0,0,0,1,1,breakfast
1.96,0.8,78.0,1408,0.0,498.0,USDA,"BEEF POT ROAST TENDER BEEF WITH POTATOES AND CARROTS IN A SAVORY BROWN SAUCE, BEEF POT ROAST",8.63,14.0,1.18,6.27,Other,American,0.78,0,0,0,0,0,0,dinner
1.59,0.7,74.0,1409,0.0,276.0,USDA,"CHICKEN BREAST & GRAVY WITH MASHED POTATOES WITH RIB MEAT ROASTED WHITE MEAT CHICKEN WITH CREAMY MASHED POTATOES AND FLAVORFUL CHICKEN GRAVY, CHICKEN BREAST & GRAVY WITH MASHED POTATOES",9.19,14.0,0.0,6.36,Other,American,0.71,0,0,0,0,0,0,dinner
0.0,1.6,24.0,1410,339.0,8.0,USDA,NO SALT ADDED 100% ORGANIC STRAINED TOMATOES,4.84,0.0,3.23,1.61,Other,American,0.0,0,1,0,0,1,1,lunch
21.05,1.1,400.0,1411,0.0,189.0,USDA,"GEORGIA STYLE PECAN PIE, GEORGIA STYLE PECAN",49.47,53.0,21.05,3.16,Other,American,6.32,0,0,0,0,1,1,lunch
25.32,1.3,367.0,1412,95.0,329.0,USDA,"NEW YORK STYLE CHEESECAKE, NEW YORK STYLE",31.65,76.0,17.72,5.06,Other,American,12.66,0,0,0,0,1,0,lunch
4.8,0.8,72.0,1413,56.0,680.0,USDA,"CREAM OF CELERY CONDENSED SOUP, CREAM OF CELERY",6.4,0.0,0.8,0.8,Other,American,0.8,0,0,0,0,1,0,lunch
4.8,0.8,88.0,1414,0.0,576.0,USDA,"CREAM OF BROCCOLI CONDENSED SOUP, CREAM OF BROCCOLI",9.6,0.0,1.6,1.6,Other,American,0.8,0,0,0,0,1,0,lunch
1.6,0.0,48.0,1415,56.0,576.0,USDA,"98% FAT FREE CREAM OF CHICKEN CONDENSED SOUP, CREAM OF CHICKEN",7.2,4.0,0.0,1.6,Other,American,0.4,0,0,0,0,0,0,lunch
1.2,0.0,48.0,1416,280.0,328.0,USDA,"CREAM OF CHICKEN CONDENSED SOUP, CREAM OF CHICKEN",8.0,4.0,0.0,1.6,Other,American,0.4,0,0,0,0,0,0,lunch
1.6,0.0,56.0,1417,168.0,656.0,USDA,"CHICKEN WITH RICE CONDENSED SOUP, CHICKEN WITH RICE",8.8,4.0,0.0,1.6,Other,American,0.4,0,0,0,0,0,0,dinner
3.33,0.0,333.0,1418,0.0,4733.0,USDA,"NOODLE SOUP MIX, NOODLE",60.0,67.0,6.67,13.33,Other,American,0.0,0,0,0,0,1,1,dinner
6.06,3.0,364.0,1419,0.0,2364.0,USDA,"CHICKEN FLAVORED NOODLE SOUP MIX, CHICKEN",63.64,91.0,6.06,12.12,Other,American,1.52,0,0,0,0,0,0,dinner
8.33,0.0,167.0,1420,0.0,6417.0,USDA,"CHICKEN BROTH CONCENTRATE, CHICKEN",16.67,0.0,8.33,0.0,Other,American,0.0,0,0,0,0,0,0,lunch
8.33,0.0,125.0,1421,0.0,6417.0,USDA,"BEEF FLAVORED BROTH CONCENTRATE, BEEF",16.67,0.0,8.33,0.0,Other,American,8.33,0,0,0,0,0,0,lunch
12.5,2.5,400.0,1422,0.0,362.0,USDA,"VANILLA TEA BISCUITS, VANILLA",75.0,0.0,20.0,6.25,Other,American,5.0,0,0,0,0,1,1,lunch
12.5,2.5,400.0,1423,0.0,362.0,USDA,"CHOCOLATE FLAVOR TEA BISCUITS, CHOCOLATE",75.0,0.0,20.0,6.25,Other,American,5.0,0,0,0,0,1,1,lunch
7.14,2.4,452.0,1424,0.0,36.0,USDA,CHOCOLATE COVERED RING JELLS,54.76,0.0,52.38,0.0,Other,American,3.57,0,1,0,0,1,1,lunch
3.33,6.7,367.0,1425,317.0,0.0,USDA,GLUTEN FREE INSTANT CORN MASA FLOUR TORTILLAS,76.67,0.0,3.33,0.0,Other,American,0.0,1,1,0,1,1,1,lunch
2.4,2.4,72.0,1426,0.0,432.0,USDA,"PASTA SAUCE, MARINARA, MARINARA",12.0,0.0,7.2,1.6,Other,American,0.4,0,0,0,0,1,1,dinner
4.23,0.9,89.0,1427,0.0,465.0,USDA,"BEEF IN CHILI SAUCE TAMALES, BEEF",10.33,9.0,0.94,2.82,Other,American,1.64,0,0,0,0,0,0,lunch
4.17,2.4,274.0,1428,0.0,1036.0,USDA,HARD & SOFT GRANDE TACO KIT,48.81,0.0,1.19,7.14,Other,American,1.79,0,0,0,0,1,1,lunch
8.82,0.0,132.0,1429,0.0,824.0,USDA,"MILD SALSA CON QUESO, MILD",11.76,15.0,2.94,2.94,Other,American,2.94,0,0,0,0,1,1,lunch
10.07,0.0,154.0,1430,0.0,309.0,USDA,"SEASONED TURKEY BURGERS, SEASONED",0.0,81.0,0.0,14.77,Other,American,2.68,0,0,0,0,0,0,lunch
23.18,0.0,285.0,1431,0.0,60.0,USDA,"100% ANGUS BEEF CHUCK, BEEF",0.0,76.0,0.0,17.22,Other,American,9.93,0,1,0,0,0,0,lunch
12.94,0.0,224.0,1432,0.0,635.0,USDA,"ORIGINAL SEASONED BITE SIZED TURKEY MEATBALLS, ORIGINAL SEASONED",10.59,59.0,1.18,15.29,Other,American,4.12,0,0,0,0,0,0,lunch
8.93,17.9,357.0,1433,0.0,929.0,USDA,"SOUR CREAM & ONION FLAVORED ADVANCED NUTRITION BAKED CHIPS, SOUR CREAM & ONION",67.86,0.0,3.57,7.14,Other,American,0.0,1,0,0,0,1,0,dinner
8.93,17.9,357.0,1434,0.0,893.0,USDA,"MESQUITE BBQ FLAVORED ADVANCED NUTRITION BAKED CHIPS, MESQUITE BBQ",71.43,0.0,10.71,7.14,Other,American,0.0,0,0,0,0,1,1,dinner
10.71,17.9,357.0,1435,0.0,536.0,USDA,"S'MORES FLAVORED ADVANCED NUTRITION DRIZZLED CRISPS, S'MORES",71.43,0.0,21.43,10.71,Other,American,8.93,0,0,0,0,1,1,snack
0.0,0.0,78.0,1436,0.0,405.0,USDA,NONFAT COTTAGE CHEESE SMALL CURD,6.03,4.0,4.31,12.07,Other,American,0.0,0,0,0,0,1,0,lunch
16.67,0.0,200.0,1437,0.0,667.0,USDA,"RANCH DIP, RANCH",10.0,0.0,6.67,3.33,Other,American,8.33,0,0,0,0,1,1,lunch
14.52,0.0,161.0,1438,0.0,452.0,USDA,FRENCH ONION SOUR CREAM DIP,6.45,65.0,6.45,3.23,Other,American,9.68,0,0,0,0,1,0,lunch
8.33,0.0,133.0,1439,0.0,67.0,USDA,LIGHT SOUR CREAM,6.67,33.0,6.67,6.67,Other,American,5.0,0,1,0,0,1,0,lunch
4.39,0.0,105.0,1440,0.0,395.0,USDA,MINIMUM SMALL CURD DAIRY COTTAGE CHEESE,4.39,26.0,2.63,12.28,Other,American,2.63,0,0,0,0,1,0,lunch
0.88,0.4,97.0,1441,0.0,310.0,USDA,"LOWFAT COTTAGE CHEESE, PINEAPPLE & CHERRIES, PINEAPPLE & CHERRIES",13.27,9.0,12.39,8.85,Other,American,0.44,0,0,0,0,1,0,lunch
14.52,0.0,161.0,1442,0.0,452.0,USDA,"SOUR CREAM DIP, FRENCH ONION, FRENCH ONION",6.45,65.0,6.45,3.23,Other,American,9.68,0,0,0,0,1,0,lunch
21.43,3.6,500.0,1443,0.0,375.0,USDA,"GOURMET RICE SNACKS, SEA SALT, SEA SALT",64.29,0.0,0.0,7.14,Other,American,0.0,1,0,0,0,1,1,dinner
32.14,0.0,393.0,1444,0.0,607.0,USDA,GRUYERE CHEESE,0.0,89.0,0.0,28.57,Other,American,17.86,0,0,0,0,1,0,lunch
0.0,3.6,71.0,1445,0.0,0.0,USDA,"TOMATO 100% ORGANIC PASTE, TOMATO",14.29,0.0,10.71,3.57,Other,American,0.0,0,1,0,1,1,1,lunch
8.15,1.6,120.0,1446,0.0,522.0,USDA,TOASTED ONION GRAVY & CHAR-BROILED PATTIES,5.98,30.0,0.54,7.61,Other,American,2.72,0,0,0,0,1,1,breakfast
0.36,2.1,11.0,1447,0.0,11.0,USDA,STIR-FRY MIXED VEGETABLES,3.57,0.0,0.0,1.43,Other,American,0.0,0,1,0,1,1,1,lunch
0.0,1.8,18.0,1448,0.0,336.0,USDA,STIR-FRY BROKEN MUSHROOMS,2.65,0.0,0.0,1.77,Other,American,0.0,0,0,0,0,1,1,lunch
7.25,1.0,249.0,1449,73.0,472.0,USDA,"TUNA SALAD ON WHEAT BREAD, TUNA SALAD",34.72,13.0,4.15,9.33,Other,American,1.3,0,0,0,0,1,1,lunch
26.67,0.0,500.0,1450,0.0,150.0,USDA,"MILK CHOCOLATE CARAMEL SQUARES, MILK CHOCOLATE CARAMEL",60.0,17.0,53.33,6.67,Other,American,16.67,0,0,0,0,1,0,breakfast
37.5,0.0,542.0,1451,0.0,62.0,USDA,"PEPPERMINT BARK SQUARES, PEPPERMINT BARK",54.17,21.0,50.0,4.17,Other,American,20.83,0,1,0,0,1,1,snack
10.77,1.5,169.0,1452,292.0,300.0,USDA,"AMISH POTATO SALAD WITH EGG, CELERY, CARROTS, ONION AND MUSTARD, AMISH POTATO",15.38,31.0,3.85,2.31,Other,American,1.92,0,0,0,0,1,0,breakfast
6.74,1.0,233.0,1453,36.0,523.0,USDA,CHICKEN SALAD ON WHITE BREAD,33.16,16.0,4.66,8.29,Other,American,1.04,0,0,0,0,0,0,lunch
8.29,1.0,249.0,1454,73.0,497.0,USDA,EGG SALAD ON WHITE BREAD,33.16,111.0,3.11,8.81,Other,American,1.81,0,0,0,0,1,0,breakfast
2.35,0.0,47.0,1455,165.0,6.0,USDA,ORGANIC SILKEN TOFU,2.35,0.0,1.18,4.71,Other,American,0.0,0,1,0,0,1,1,lunch
0.0,3.6,107.0,1456,500.0,536.0,USDA,PLANT-BASED GROUND SAUSAGE,12.5,0.0,1.79,14.29,Other,American,0.0,1,0,1,0,0,0,lunch
4.71,1.2,94.0,1457,82.0,6.0,USDA,ORGANIC TOFU FIRM,2.35,0.0,1.18,9.41,Other,American,0.59,0,1,0,0,1,1,lunch
4.61,2.6,132.0,1458,368.0,789.0,USDA,"VEGGIE HOT MEATLESS JUMBO SMART DOGS, VEGGIE HOT",5.26,0.0,1.32,17.11,Other,American,0.66,0,0,0,0,0,0,breakfast
31.03,0.0,517.0,1459,0.0,259.0,USDA,"CARAMEL WITH SEA SALT MILK CHOCOLATE, CARAMEL WITH SEA SALT",58.62,17.0,55.17,6.9,Other,American,17.24,0,0,0,0,1,0,breakfast
0.0,1.1,56.0,1460,0.0,11.0,USDA,ORIGINAL PURE BLENDED FRUIT,14.44,0.0,13.33,0.0,Other,American,0.0,0,1,0,0,1,1,snack
23.26,16.3,414.0,1461,0.0,105.0,USDA,"PUMPKIN GRAINLESS GRANOLA, PUMPKIN",34.88,0.0,13.95,16.28,Other,American,8.14,0,1,0,0,1,1,breakfast
36.67,3.3,567.0,1462,0.0,117.0,USDA,"EXTRA CREAMY MILK CHOCOLATE, EXTRA CREAMY",53.33,33.0,50.0,6.67,Other,American,23.33,0,1,0,0,1,0,breakfast
33.33,6.7,533.0,1463,0.0,33.0,USDA,"INTENSE ORANGE DARK CHOCOLATE WITH ORANGE AND ALMOND SLIVERS, INTENSE ORANGE",56.67,17.0,43.33,6.67,Other,American,16.67,0,1,0,0,1,1,lunch
0.0,0.0,333.0,1464,0.0,17.0,USDA,"ORANGE, STRAWBERRY, LEMON, PINEAPPLE, RASPBERRY GUMMI CANDY, ORANGE, STRAWBERRY, LEMON, PINEAPPLE, RASPBERRY",76.67,0.0,46.67,6.67,Other,American,0.0,0,1,0,0,1,1,lunch
17.78,1.1,356.0,1465,0.0,322.0,USDA,"BLUEBERRY SLICED LOAF CAKE, BLUEBERRY",43.33,72.0,24.44,4.44,Other,American,3.33,0,0,0,0,1,1,lunch
13.33,0.0,356.0,1466,0.0,411.0,USDA,"CLASSIC SLICED LOAF CAKE, CLASSIC",51.11,94.0,28.89,5.56,Other,American,5.56,0,0,0,0,1,1,lunch
50.0,0.0,571.0,1467,0.0,2000.0,USDA,"HARDWOOD SMOKED BACON, HARDWOOD SMOKED",0.0,107.0,0.0,28.57,Other,American,17.86,0,0,0,0,0,0,lunch
2.65,0.0,106.0,1468,0.0,59.0,USDA,"VANILLA LOWFAT YOGURT WITH TWIX PIECES, VANILLA",18.24,6.0,14.12,2.94,Other,American,1.47,0,1,0,0,1,0,snack
1.33,0.0,80.0,1469,0.0,49.0,USDA,"BLACK CHERRY LOWFAT YOGURT, BLACK CHERRY",13.27,4.0,10.62,3.54,Other,American,0.88,0,1,0,0,1,0,snack
0.88,0.0,71.0,1470,124.0,44.0,USDA,"VANILLA LOWFAT YOGURT WITH TWIX PIECES, VANILLA",13.27,4.0,10.62,2.65,Other,American,0.44,0,1,0,0,1,0,snack
1.18,0.6,100.0,1471,0.0,59.0,USDA,"STRAWBERRY LOWFAT YOGURT WITH GRANOLA, STRAWBERRY",20.59,3.0,13.53,2.94,Other,American,0.59,0,1,0,0,1,0,snack
1.33,0.0,80.0,1472,0.0,49.0,USDA,"STRAWBERRY LOWFAT YOGURT, STRAWBERRY",13.27,4.0,10.62,3.54,Other,American,0.88,0,1,0,0,1,0,snack
1.94,0.0,109.0,1473,0.0,124.0,USDA,"ORIGINAL RECIPE CHOCOLATE PUDDING, ORIGINAL RECIPE",20.93,8.0,17.05,3.1,Other,American,1.16,0,1,0,0,1,1,lunch
46.67,13.3,567.0,1474,0.0,33.0,USDA,85% COCOA DARK CHOCOLATE,36.67,0.0,13.33,13.33,Other,American,26.67,0,1,0,0,1,1,lunch
0.8,2.4,48.0,1475,0.0,320.0,USDA,"TRADITIONAL SAUCE, TRADITIONAL",8.8,0.0,5.6,1.6,Other,American,0.0,0,0,0,0,1,1,lunch
46.67,6.7,633.0,1476,0.0,17.0,USDA,70% COCOA DARK CHOCOLATE,43.33,0.0,30.0,6.67,Other,American,30.0,0,1,0,0,1,1,lunch
0.0,3.3,33.0,1477,0.0,1367.0,USDA,"NACHOS PICKLED JALAPENO NACHO SLICES, NACHOS",3.33,0.0,0.0,0.0,Other,American,0.0,1,0,1,0,1,1,lunch
0.0,0.0,33.0,1478,0.0,1467.0,USDA,"MILD JALAPENO NACHO SLICES, MILD JALAPENO",3.33,0.0,0.0,0.0,Other,American,0.0,0,0,0,0,1,1,lunch
0.0,0.0,33.0,1479,0.0,1467.0,USDA,"HOT JALAPENO NACHO SLICES, HOT JALAPENO",3.33,0.0,0.0,0.0,Other,American,0.0,0,0,0,0,1,1,lunch
0.0,0.8,33.0,1480,97.0,400.0,USDA,DICED GREEN CHILES,6.67,0.0,3.33,0.0,Other,American,0.0,0,0,0,0,1,1,lunch
3.23,3.2,65.0,1481,0.0,452.0,USDA,"CHIPOTLE PEPPERS IN ADOBO SAUCE, CHIPOTLE PEPPERS",9.68,0.0,3.23,3.23,Other,American,0.0,1,0,1,0,1,1,snack
0.0,0.0,167.0,1482,0.0,700.0,USDA,"SWEET SQUEEZE RELISH, SWEET",40.0,0.0,33.33,0.0,Other,American,0.0,0,0,0,0,1,1,lunch
7.35,5.9,368.0,1483,0.0,235.0,USDA,"COOL MINT CHOCOLATE ENERGY BAR, COOL MINT CHOCOLATE",64.71,0.0,29.41,13.24,Other,American,1.47,0,0,0,1,1,1,snack
7.35,5.9,368.0,1484,0.0,265.0,USDA,"CHOCOLATE BROWNIE ENERGY BAR, CHOCOLATE BROWNIE",64.71,0.0,30.88,13.24,Other,American,2.21,0,0,0,0,1,1,snack
0.0,0.0,200.0,1485,100.0,0.0,USDA,"DELUXE BLACK CHERRY SPREAD, BLACK CHERRY",55.0,0.0,45.0,0.0,Other,American,0.0,0,1,0,0,1,1,lunch
77.78,0.0,778.0,1486,0.0,667.0,USDA,SALTED WHIPPED BUTTER,0.0,222.0,0.0,0.0,Other,American,50.0,0,0,0,0,1,0,lunch
35.71,0.0,411.0,1487,0.0,643.0,USDA,"EXTRA SHARP CHEDDAR AUSTRALIAN CHEESE WITH A DELIGHTFULLY BOLD BITE, EXTRA SHARP CHEDDAR",0.0,107.0,0.0,25.0,Other,American,25.0,0,0,0,0,1,0,lunch
35.71,0.0,411.0,1488,0.0,643.0,USDA,"SHARP CHEDDAR CHEESE, SHARP CHEDDAR",0.0,107.0,0.0,25.0,Other,American,25.0,0,0,0,0,1,0,lunch
1.94,0.0,109.0,1489,0.0,109.0,USDA,"FRENCH VANILLA RICE PUDDING, FRENCH VANILLA",18.6,16.0,12.4,3.1,Other,American,1.16,0,1,0,0,1,1,dinner
1.94,0.0,109.0,1490,0.0,109.0,USDA,"CINNAMON RAISIN RICE PUDDING, CINNAMON RAISIN",20.16,12.0,13.18,3.1,Other,American,1.16,0,1,0,0,1,1,dinner
4.21,1.4,70.0,1491,0.0,330.0,USDA,"THAI PANANG GINGER CURRY, MEDIUM",7.02,0.0,2.11,2.11,Other,American,2.11,0,0,0,0,1,1,dinner
0.0,0.0,400.0,1492,0.0,800.0,USDA,ROASTED SEAWEED,40.0,0.0,0.0,40.0,Other,American,0.0,0,0,0,0,1,1,dinner
11.67,20.0,433.0,1493,0.0,633.0,USDA,"HAPI, SRIRACHA PEAS, SPICY, CHILI GARLIC COATED GREEN PEAS",66.67,0.0,6.67,13.33,Other,American,6.67,0,0,0,0,1,1,breakfast
40.0,20.0,500.0,1494,0.0,1300.0,USDA,"SEA SALT PREMIUM ROASTED SEAWEED, SEA SALT",20.0,0.0,0.0,20.0,Other,American,0.0,1,0,1,0,1,1,dinner
5.71,0.0,171.0,1495,0.0,1714.0,USDA,"SAUCE FOR MONGOLIAN BBQ STIR-FRY, MONGOLIAN BBQ STIR-FRY",25.71,0.0,20.0,2.86,Other,American,0.0,0,0,0,0,1,1,lunch
0.0,1.8,345.0,1496,0.0,382.0,USDA,WIDE LO MEIN NOODLES,74.55,0.0,1.82,12.73,Other,American,0.0,0,0,0,0,1,1,dinner
1.82,3.6,344.0,1497,0.0,691.0,USDA,"JAPANESE BUCKWHEAT NOODLES, SOBA",67.27,0.0,1.82,14.55,Other,American,0.0,1,0,0,0,1,1,dinner
0.0,1.8,357.0,1498,0.0,250.0,USDA,CHINESE NOODLES,73.21,0.0,0.0,12.5,Other,American,0.0,0,0,0,0,1,1,dinner
0.0,0.0,250.0,1499,0.0,7250.0,USDA,"MANDARIN ORANGE CHICKEN SEASONING MIX, MANDARIN ORANGE CHICKEN",75.0,0.0,75.0,0.0,Other,American,0.0,0,0,0,0,0,0,lunch
0.0,0.0,94.0,1500,0.0,2688.0,USDA,"BLACK BEAN SAUCE, BLACK BEAN",18.75,0.0,6.25,3.12,Other,American,0.0,0,0,0,0,1,1,lunch
0.0,5.6,333.0,1501,0.0,8667.0,USDA,"CHICKEN LETTUCE WRAPS SEASONING MIX, CHICKEN LETTUCE WRAPS",66.67,0.0,44.44,0.0,Other,American,0.0,0,0,0,0,0,0,lunch
0.0,0.0,333.0,1502,0.0,2000.0,USDA,"BOURBON CHICKEN SEASONING MIX, BOURBON CHICKEN",77.78,0.0,0.0,0.0,Other,American,0.0,0,0,0,0,0,0,lunch
0.0,0.0,219.0,1503,0.0,1656.0,USDA,"PLUM SAUCE, PLUM",53.12,0.0,40.62,0.0,Other,American,0.0,0,0,0,0,1,1,lunch
0.0,0.0,333.0,1504,0.0,5000.0,USDA,"KOREAN BBQ SEASONING MIX, KOREAN BBQ",66.67,0.0,50.0,0.0,Other,American,0.0,0,0,0,0,1,1,lunch
0.0,6.2,312.0,1505,0.0,2875.0,USDA,"GENERAL TSO'S CHICKEN SEASONING MIX, GENERAL TSO'S CHICKEN",75.0,0.0,0.0,12.5,Other,American,0.0,1,0,0,0,0,0,lunch
0.0,0.0,156.0,1506,0.0,3062.0,USDA,"HOISIN SAUCE, HOISIN",37.5,0.0,18.75,0.0,Other,American,0.0,0,0,0,0,1,1,lunch
19.3,3.5,439.0,1507,0.0,1018.0,USDA,"CHICKEN FLAVOR CHOW MEIN NOODLES, CHICKEN",57.89,0.0,8.77,8.77,Other,American,7.89,0,0,0,0,0,0,dinner
0.0,0.0,286.0,1508,0.0,0.0,USDA,PURE GOLDEN HONEY,80.95,0.0,76.19,0.0,Other,American,0.0,0,1,0,0,1,0,lunch
28.57,0.0,321.0,1509,0.0,857.0,USDA,LIMBURGER CHEESE,0.0,89.0,0.0,21.43,Other,American,17.86,0,0,0,0,1,0,lunch
16.67,0.0,200.0,1510,0.0,833.0,USDA,"CREAMY RANCH GREEK YOGURT DIP, CREAMY RANCH",6.67,17.0,3.33,6.67,Other,American,0.0,0,0,0,0,1,0,snack
14.52,0.0,194.0,1511,0.0,581.0,USDA,"NACHO QUESO SUPREME DIP, NACHO QUESO SUPREME",9.68,65.0,6.45,3.23,Other,American,9.68,0,0,0,0,1,1,lunch
29.82,1.8,491.0,1512,0.0,351.0,USDA,"DOUBLE CHOCOLATE FLAVORED MINI DONUTS, DARK CHOCOLATE",54.39,18.0,31.58,3.51,Other,American,21.05,0,0,0,0,1,1,snack
27.78,0.0,481.0,1513,65.0,333.0,USDA,GLAZED DONUT STICKS,53.7,19.0,33.33,3.7,Other,American,14.81,0,0,0,0,1,1,snack
2.5,17.5,325.0,1514,525.0,312.0,USDA,"BRAN FLAKES CEREAL, BRAN FLAKES",80.0,0.0,7.5,12.5,Other,American,0.0,0,0,0,0,1,1,breakfast
0.8,2.4,48.0,1515,48.0,384.0,USDA,"TRADITIONAL SAUCE, TRADITIONAL",8.8,0.0,6.4,1.6,Other,American,0.0,0,0,0,0,1,1,lunch
1.95,1.6,62.0,1516,348.0,375.0,USDA,"ROASTED GARLIC NATURALLY FLAVORED CHUNKY SAUCE, ROASTED GARLIC",10.16,0.0,7.03,1.56,Other,American,0.0,0,0,0,0,1,1,dinner
1.56,1.6,62.0,1517,350.0,359.0,USDA,"TOMATO, GARLIC & ONION FLAVORED CHUNKY SAUCE, TOMATO, GARLIC & ONION",10.94,0.0,7.81,1.56,Other,American,0.0,0,0,0,0,1,1,lunch
1.95,1.6,70.0,1518,341.0,359.0,USDA,"MAMA'S SPECIAL CHUNKY GARDEN SAUCE, CHUNKY",11.72,0.0,8.59,2.34,Other,American,0.39,0,0,0,0,1,1,lunch
0.8,2.4,48.0,1519,0.0,384.0,USDA,"TRADITIONAL SAUCE, TRADITIONAL",8.8,0.0,6.4,1.6,Other,American,0.0,0,0,0,0,1,1,lunch
1.95,1.6,70.0,1520,0.0,367.0,USDA,GARDEN COMBINATION CHUNKY SAUCE,10.94,0.0,7.81,1.56,Other,American,0.0,0,0,0,0,1,1,lunch
3.2,1.6,72.0,1521,0.0,384.0,USDA,"SAUCE FLAVORED WITH MEAT, MEAT",9.6,0.0,5.6,1.6,Other,American,0.8,0,0,0,0,0,0,lunch
2.82,1.6,65.0,1522,0.0,363.0,USDA,"ROASTED GAAAHLIC PASTA SAUCE, ROASTED GAAAHLIC",9.68,0.0,4.84,1.61,Other,American,0.4,0,0,0,0,1,1,dinner
15.38,0.0,462.0,1523,0.0,250.0,USDA,COOKIES,73.08,19.0,26.92,3.85,Other,American,7.69,0,0,0,0,1,1,snack
1.79,10.7,250.0,1524,0.0,679.0,USDA,"SPROUTED 7 WHOLE GRAINS WHEAT BREAD, 7 WHOLE GRAINS WHEAT",50.0,0.0,3.57,14.29,Other,American,0.0,1,0,0,0,1,1,lunch
2.5,7.5,375.0,1525,200.0,300.0,USDA,"SWEETENED WHOLE GRAIN OAT CEREAL WITH MARSHMALLOW PIECES, MALLOW OATS",85.0,0.0,42.5,7.5,Other,American,0.0,0,0,0,0,1,1,breakfast
0.0,0.0,357.0,1526,0.0,71.0,USDA,"ALL NATURAL SOFT PEPPERMINT CANDY STICKS, PEPPERMINT",100.0,0.0,100.0,0.0,Other,American,0.0,0,1,0,0,1,1,lunch
0.0,0.8,21.0,1527,77.0,149.0,USDA,DICED TOMATOES IN TOMATO JUICE,4.13,0.0,2.48,0.83,Other,American,0.0,0,0,0,0,1,1,breakfast
0.0,0.0,333.0,1528,83.0,4083.0,USDA,"SEASONED FLOUR, SEASONED",66.67,0.0,0.0,8.33,Other,American,0.0,0,0,0,0,1,1,lunch
2.0,0.0,48.0,1529,56.0,560.0,USDA,"CREAM OF MUSHROOM CONDENSED SOUP, CREAM OF MUSHROOM",7.2,0.0,0.8,0.8,Other,American,0.0,0,0,0,0,1,0,lunch
0.0,0.0,375.0,1530,0.0,0.0,USDA,PREMIUM PURE CANE GRANULATED SUGAR,100.0,0.0,100.0,0.0,Other,American,0.0,0,1,0,0,1,1,lunch
1.79,3.6,357.0,1531,248.0,0.0,USDA,"ENRICHED MACARONI PRODUCT, ORECCHIETTE NO. 91",71.43,0.0,3.57,14.29,Other,American,0.0,1,1,0,1,1,1,lunch
1.79,3.6,357.0,1532,248.0,0.0,USDA,"ENRICHED MACARONI PRODUCT, PENNE LISCE NO. 40",71.43,0.0,3.57,14.29,Other,American,0.0,1,1,0,1,1,1,lunch
1.79,3.6,357.0,1533,248.0,0.0,USDA,"ENRICHED MACARONI PRODUCT, SPAGHETTI NO. 12",71.43,0.0,3.57,14.29,Other,American,0.0,1,1,0,1,1,1,lunch
1.79,3.6,357.0,1534,0.0,0.0,USDA,"CAVATAPPI, ENRICHED MACARONI PRODUCT",73.21,0.0,1.79,12.5,Other,American,0.0,1,1,0,1,1,1,lunch
4.39,5.3,228.0,1535,0.0,491.0,USDA,"7-GRAIN SPROUTED MASH HOT DOG BUNS, 7-GRAIN",38.6,0.0,5.26,10.53,Other,American,0.0,0,0,0,0,1,1,lunch
1.43,34.3,229.0,1536,1086.0,29.0,USDA,GREAT NORTHERN BEANS,60.0,0.0,2.86,20.0,Other,American,0.0,1,1,0,1,1,1,lunch
3.33,6.7,333.0,1537,0.0,0.0,USDA,ORGANIC LONG GRAIN BROWN RICE,77.78,0.0,0.0,6.67,Other,American,0.0,1,1,0,1,1,1,dinner
1.67,0.0,67.0,1538,0.0,250.0,USDA,"SOUTHWEST TOMATOES, CORN, BLACKEYE PEAS, GREEN BELL PEPPERS, RED ONION, CILANTRO, AND BLACK BEANS IN A CUMIN CITRUS VINAIGRETTE DRESSING SALSA, SOUTHWEST",13.33,0.0,6.67,3.33,Other,American,0.0,0,0,0,0,1,1,lunch
2.86,20.0,286.0,1539,714.0,0.0,USDA,SPLIT GREEN PEAS,60.0,0.0,2.86,22.86,Other,American,0.0,1,1,0,1,1,1,lunch
3.64,9.1,382.0,1540,382.0,455.0,USDA,"ORIGINAL CEREAL, ORIGINAL",80.0,0.0,21.82,10.91,Other,American,0.0,0,0,0,0,1,1,breakfast
32.14,0.0,393.0,1541,0.0,643.0,USDA,"SHARP CHEDDAR CHEESE, SHARP CHEDDAR",3.57,107.0,0.0,25.0,Other,American,17.86,0,0,0,0,1,0,lunch
0.0,6.1,91.0,1542,636.0,485.0,USDA,"ITALIAN STYLE WITH BASIL & OREGANO TOMATO PASTE PRODUCT, ITALIAN STYLE WITH BASIL & OREGANO",21.21,0.0,12.12,3.03,Other,American,0.0,0,0,0,0,1,1,lunch
0.0,1.6,32.0,1543,325.0,24.0,USDA,"TOMATO NO SALT ADDED PUREE, TOMATO",7.94,0.0,4.76,1.59,Other,American,0.0,0,1,0,0,1,1,lunch
0.0,0.0,26.0,1544,270.0,35.0,USDA,WHOLE PEELED SAN MARZANO TOMATOES WITH BASIL LEAF,5.22,0.0,3.48,0.87,Other,American,0.0,0,1,0,0,1,1,lunch
22.35,0.0,435.0,1545,82.0,271.0,USDA,PARTY CAKE,56.47,35.0,43.53,2.35,Other,American,8.24,0,0,0,0,1,1,lunch
15.79,1.8,351.0,1546,140.0,246.0,USDA,"CHEESE FILLED CRUMB COFFEE CAKE, CHEESE FILLED CRUMB",47.37,44.0,21.05,7.02,Other,American,7.02,0,0,0,0,1,0,lunch
20.45,0.0,409.0,1547,114.0,409.0,USDA,POUND CAKE MINIS,52.27,80.0,29.55,4.55,Other,American,7.95,0,0,0,0,1,1,lunch
21.15,0.0,442.0,1548,96.0,192.0,USDA,"PARTY SPRINKLED DEVIL'S FOOD DONUT HOLES, PARTY SPRINKLED",61.54,10.0,46.15,1.92,Other,American,11.54,0,0,0,0,1,1,snack
0.0,0.0,100.0,1549,0.0,600.0,USDA,"DELICATESSEN STYLE TRADITIONAL COARSE GROUND MUSTARD, DELICATESSEN STYLE",0.0,0.0,0.0,0.0,Other,American,0.0,0,0,0,0,1,1,lunch
21.43,0.0,464.0,1550,96.0,411.0,USDA,"MILK CHOCOLATE CHIP SOFT BAKED COOKIES, MILK CHOCOLATE CHIP",67.86,36.0,39.29,3.57,Other,American,8.93,0,0,0,0,1,0,dinner
32.14,0.0,357.0,1551,0.0,1286.0,USDA,"BEEF SAUSAGE HARDWOOD-SMOKED SNACK STICKS, BEEF SAUSAGE",7.14,71.0,7.14,14.29,Other,American,14.29,0,0,0,0,0,0,snack
52.78,2.8,639.0,1552,0.0,28.0,USDA,"DARK CHOCOLATE TRUFFLES, DARK CHOCOLATE",41.67,14.0,36.11,5.56,Other,American,36.11,0,1,0,0,1,1,lunch
0.0,3.6,321.0,1553,0.0,196.0,USDA,TROPICAL DREAMS MANGO,82.14,0.0,67.86,0.0,Other,American,0.0,0,0,0,1,1,1,lunch
0.0,0.0,118.0,1554,0.0,941.0,USDA,"TOMATO KETCHUP, TOMATO",29.41,0.0,23.53,0.0,Other,American,0.0,0,0,0,0,1,1,lunch
0.0,0.0,118.0,1555,0.0,941.0,USDA,"TOMATO KETCHUP, TOMATO",29.41,0.0,23.53,0.0,Other,American,0.0,0,0,0,0,1,1,lunch
0.0,0.0,32.0,1556,0.0,242.0,USDA,"ROASTED CHILE PEPPER MEDIUM SALSA, ROASTED CHILE PEPPER",6.45,0.0,3.23,0.0,Other,American,0.0,0,0,0,0,1,1,dinner
21.43,0.0,250.0,1557,0.0,929.0,USDA,"CLASSIC JUMBO FRANKS, CLASSIC",7.14,89.0,3.57,7.14,Other,American,6.25,0,0,0,0,1,1,lunch
25.0,0.0,304.0,1558,0.0,1179.0,USDA,"LI'L SMOKIES COCKTAIL SMOKED SAUSAGE, LI'L SMOKIES",10.71,80.0,5.36,8.93,Other,American,10.71,0,0,0,0,0,0,lunch
31.91,0.0,319.0,1559,0.0,1000.0,USDA,"CHEDDAR BREAKFAST SAUSAGE, CHEDDAR",6.38,64.0,6.38,10.64,Other,American,10.64,0,0,0,0,0,0,breakfast
26.79,0.0,321.0,1560,0.0,875.0,USDA,"SMOKED SKINLESS SAUSAGE, SMOKED",7.14,62.0,7.14,10.71,Other,American,10.71,0,0,0,0,0,0,lunch
28.57,0.0,321.0,1561,0.0,911.0,USDA,"BEEF SKINLESS SMOKED SAUSAGE, BEEF",7.14,62.0,7.14,10.71,Other,American,12.5,0,0,0,0,0,0,lunch
28.57,0.0,321.0,1562,0.0,911.0,USDA,"BEEF SKINLESS SMOKED SAUSAGE, BEEF",7.14,62.0,7.14,10.71,Other,American,12.5,0,0,0,0,0,0,lunch
26.79,0.0,321.0,1563,0.0,875.0,USDA,"SMOKED NATURAL CASING SAUSAGE, SMOKED",7.14,62.0,7.14,10.71,Other,American,10.71,0,0,0,0,0,0,lunch
17.86,0.0,250.0,1564,0.0,1071.0,USDA,"OLIVE LOAF, OLIVE",14.29,54.0,7.14,10.71,Other,American,7.14,0,0,0,0,1,1,lunch
25.0,3.6,500.0,1565,71.0,571.0,USDA,"SALTED CARAMEL SOURDOUGH SWEET & SALTY HARD PRETZEL PIECES, SALTED CARAMEL",60.71,0.0,14.29,7.14,Other,American,12.5,0,0,0,0,1,1,lunch
35.71,7.1,536.0,1566,321.0,857.0,USDA,"WHITE CHEDDAR POPCORN, WHITE CHEDDAR",46.43,18.0,3.57,10.71,Other,American,7.14,1,0,0,0,1,1,lunch
2.68,7.1,214.0,1567,0.0,18.0,USDA,"YELLOW CORN EXTRA THIN TORTILLAS, YELLOW CORN",42.86,0.0,5.36,5.36,Other,American,0.0,0,1,0,1,1,1,lunch
0.0,0.0,32.0,1568,0.0,710.0,USDA,"MILD SALSA CASERA, MILD",6.45,0.0,3.23,0.0,Other,American,0.0,0,0,0,0,1,1,lunch
3.19,6.4,213.0,1569,0.0,21.0,USDA,"WHITE CORN TORTILLAS, WHITE CORN",42.55,0.0,4.26,4.26,Other,American,0.0,1,1,0,1,1,1,lunch
25.0,7.1,500.0,1570,143.0,393.0,USDA,"KETTLE CORN PERFECTLY POPPED POPCORN, KETTLE CORN",60.71,0.0,21.43,7.14,Other,American,1.79,0,0,0,0,1,1,lunch
0.0,4.0,360.0,1571,120.0,1840.0,USDA,"SOURDOUGH OLD FASHIONED HARDS PRETZELS, SOURDOUGH",76.0,0.0,0.0,8.0,Other,American,0.0,1,0,0,0,1,1,lunch
32.14,3.6,536.0,1572,250.0,429.0,USDA,"WHITE CORN TORTILLAS, WHITE CORN",57.14,0.0,0.0,7.14,Other,American,7.14,1,0,0,0,1,1,lunch
32.14,3.6,536.0,1573,250.0,393.0,USDA,"RESTAURANT STYLE WHITE CORN TORTILLA CHIPS, WHITE CORN",57.14,0.0,0.0,7.14,Other,American,7.14,1,0,0,0,1,1,snack
3.57,3.6,393.0,1574,107.0,1536.0,USDA,EXTRA THINS PRETZELS,75.0,0.0,3.57,7.14,Other,American,0.0,1,0,0,0,1,1,lunch
0.41,2.4,61.0,1575,0.0,196.0,USDA,ORGANIC BLACK BEAN VEGAN SOUP,11.84,0.0,0.41,3.27,Other,American,0.0,0,0,0,1,1,1,lunch
21.28,4.3,447.0,1576,0.0,1404.0,USDA,"XTRA HOT FIERY BEEF FLAVOR HOT & SPICY RAMEN NOODLE SOUP, XTRA HOT FIERY BEEF",57.45,0.0,4.26,10.64,Other,American,9.57,1,0,0,0,0,0,dinner
21.31,3.3,459.0,1577,0.0,2115.0,USDA,"CHICKEN FLAVOR WITH VEGETABLE MEDLEY RAMEN NOODLE SOUP, CHICKEN",60.66,0.0,4.92,9.84,Other,American,9.84,1,0,0,0,0,0,dinner
33.33,18.2,485.0,1578,0.0,1030.0,USDA,"ULTIMATE CHEDDAR MICROWAVE POPCORN, ULTIMATE CHEDDAR",51.52,0.0,3.03,6.06,Other,American,16.67,1,0,0,0,1,1,lunch
0.0,0.0,379.0,1579,0.0,17.0,USDA,"CLASSIC JELLY BIRD EGGS CANDY, CLASSIC",89.66,0.0,72.41,0.0,Other,American,0.0,0,1,0,0,1,0,breakfast
39.29,7.1,571.0,1580,125.0,268.0,USDA,"MULTIGRAIN TORTILLAS, MULTIGRAIN",46.43,0.0,3.57,7.14,Other,American,5.36,1,0,0,0,1,1,lunch
25.0,0.0,357.0,1581,0.0,1536.0,USDA,"GORGONZOLA CENTER CUT CHEESE, GORGONZOLA",7.14,107.0,0.0,21.43,Other,American,16.07,0,0,0,0,1,0,lunch
3.57,3.6,196.0,1582,0.0,0.0,USDA,SWEET RIPE PLANTAINS,0.04,0.0,23.21,0.0,Other,American,0.0,0,1,0,1,1,1,lunch
0.29,0.9,94.0,1583,0.0,113.0,USDA,YUCA FRIES,22.47,0.0,0.88,0.88,Other,American,0.0,0,1,0,0,1,1,lunch
1.24,0.7,95.0,1584,0.0,265.0,USDA,CHICKEN JAMBALAYA,14.84,12.0,0.71,6.01,Other,American,0.18,0,0,0,0,0,0,lunch
11.54,1.3,179.0,1585,0.0,58.0,USDA,"MANGOS WITH FRESH CREAM BARS, MANGOS",20.51,45.0,16.67,1.28,Other,American,6.41,0,1,0,0,1,0,snack
32.14,3.6,536.0,1586,1393.0,536.0,USDA,"ORIGINAL KETTLE CLASSICS POTATO CHIPS, ORIGINAL",57.14,0.0,0.0,7.14,Other,American,5.36,1,0,0,0,1,1,snack
35.71,3.6,571.0,1587,1386.0,339.0,USDA,"ORIGINAL POTATO CHIPS, ORIGINAL",53.57,0.0,0.0,7.14,Other,American,8.93,1,0,0,0,1,1,snack
28.57,3.6,500.0,1588,1286.0,1000.0,USDA,"BAR-B-Q FLAVORED KETTLE-STYLE POTATO CHIPS, BAR-B-Q",57.14,18.0,3.57,7.14,Other,American,10.71,1,0,0,0,1,1,snack
0.0,0.0,133.0,1589,0.0,1067.0,USDA,SQUEEZE HOT DOG RELISH,33.33,0.0,26.67,0.0,Other,American,0.0,0,0,0,0,1,1,lunch
0.0,0.0,89.0,1590,0.0,786.0,USDA,"BREAD & BUTTER OLD-FASHIONED SWEET CHIPS, BREAD & BUTTER",21.43,0.0,21.43,0.0,Other,American,0.0,0,0,0,0,1,0,snack
47.22,0.0,611.0,1591,0.0,69.0,USDA,"MILK CHOCOLATE TRUFFLES, MILK CHOCOLATE",44.44,14.0,38.89,5.56,Other,American,36.11,0,1,0,0,1,0,breakfast
12.5,3.1,438.0,1592,0.0,344.0,USDA,KETTLE POPPED CORN CHIPS,71.88,0.0,9.38,6.25,Other,American,0.0,0,0,0,0,1,1,snack
0.0,2.9,50.0,1593,129.0,0.0,USDA,"MANGO BERRY WITH WILD BLUES, WILD BLUES",12.86,0.0,8.57,0.71,Other,American,0.0,0,1,0,1,1,1,lunch
28.57,0.0,357.0,1594,0.0,607.0,USDA,FRESH CRUMBLING QUESO FRESCO CHEESE,3.57,71.0,3.57,21.43,Other,American,17.86,0,0,0,0,1,0,lunch
36.67,0.0,467.0,1595,0.0,1533.0,USDA,"BEEF SAUSAGE SNACK BITES, BEEF",3.33,83.0,3.33,20.0,Other,American,16.67,0,0,0,0,0,0,snack
0.0,2.1,36.0,1596,150.0,0.0,USDA,STRAWBERRIES,9.29,0.0,4.29,0.71,Other,American,0.0,0,1,0,1,1,1,lunch
1.68,1.7,84.0,1597,0.0,8.0,USDA,"BLENDED FRUIT WITH GREEK YOGURT, PEACH & BANANA",15.97,4.0,14.29,1.68,Other,American,1.26,0,1,0,0,1,0,snack
7.5,12.5,400.0,1598,312.0,212.0,USDA,ORGANIC MILLET FLAX,72.5,0.0,25.0,10.0,Other,American,1.25,0,0,0,1,1,1,lunch
16.52,0.0,243.0,1599,0.0,696.0,USDA,BUFFALO STYLE CHICKEN SALAD,6.96,52.0,1.74,14.78,Other,American,2.61,0,0,0,0,0,0,lunch
33.04,0.9,400.0,1600,0.0,357.0,USDA,"PREMIUM WHITE MEAT CHICKEN SALAD, CRANBERRIES & WALNUTS",10.43,61.0,7.83,13.91,Other,American,4.35,0,0,0,0,0,0,snack
9.68,0.0,129.0,1601,0.0,903.0,USDA,"CHEDDAR CHEESE SAUCE, HOT & SPICY",11.29,0.0,4.84,1.61,Other,American,2.42,0,0,0,0,1,0,lunch
2.78,0.0,139.0,1602,0.0,4222.0,USDA,WHITE MISO SOUP,22.22,0.0,11.11,5.56,Other,American,0.0,0,0,0,0,1,1,lunch
2.78,0.0,139.0,1603,0.0,4389.0,USDA,RED MISO SOUP,22.22,0.0,11.11,5.56,Other,American,0.0,0,0,0,0,1,1,lunch
21.43,0.0,286.0,1604,0.0,2143.0,USDA,"HOT COPPA, HOT",0.0,89.0,0.0,25.0,Other,American,7.14,0,0,0,0,1,1,lunch
58.33,1.7,583.0,1605,0.0,683.0,USDA,BASIL PESTO WITH 100% ITALIAN GENOVESE BASIL,6.67,17.0,1.67,8.33,Other,American,8.33,0,0,0,0,1,1,lunch
18.52,11.1,407.0,1606,552.0,741.0,USDA,"CHOCOLATE MUFFIN & CAKE ALMOND FLOUR BAKING MIX, CHOCOLATE MUFFIN & CAKE",51.85,0.0,33.33,11.11,Other,American,1.85,0,0,0,0,1,1,lunch
0.0,1.8,71.0,1607,0.0,9.0,USDA,"MANGO, BANANA, APPLE, PINEAPPLE AND SPINACH FRUIT 'N GREENS, MANGO, BANANA, APPLE, PINEAPPLE AND SPINACH",15.04,0.0,10.62,0.88,Other,American,0.0,0,1,0,0,1,1,snack
10.71,21.4,393.0,1608,821.0,1036.0,USDA,"SEA SALT CHICKPEA SNACKS, SEA SALT",57.14,0.0,7.14,21.43,Other,American,0.0,0,0,0,0,1,1,snack
7.14,17.9,393.0,1609,643.0,429.0,USDA,"HONEY ROASTED CHICKPEA SNACKS, HONEY ROASTED",67.86,0.0,21.43,17.86,Other,American,0.0,0,0,0,0,1,0,dinner
21.43,0.0,500.0,1610,0.0,1143.0,USDA,"SEA SALT & PEPPER CROUTONS, SEA SALT & PEPPER",57.14,0.0,0.0,14.29,Other,American,0.0,0,0,0,0,1,1,lunch
30.0,6.7,533.0,1611,0.0,33.0,USDA,"BLACKBERRY WITH ACAI DARK CHOCOLATE, BLACKBERRY WITH ACAI",60.0,17.0,46.67,6.67,Other,American,20.0,0,1,0,0,1,1,lunch
2.88,1.3,167.0,1612,0.0,609.0,USDA,"BAYOU RECIPE COOKIN' SHRIMP & SAUSAGE GUMBO SPICY MIX OF CREOLE SEASONED VEGETABLES, PLUMP SHRIMP AND ANDOUILLE SAUSAGE SIMMERED IN A SPICY SOUTHERN INSPIRED ROUX, BAYOU",28.21,19.0,1.28,6.41,Other,American,0.96,0,0,0,0,0,0,lunch
9.82,0.9,232.0,1613,197.0,455.0,USDA,"CLASSIC CRUNCHY BREADCRUMBS HADDOCK FISH STICKS, CLASSIC CRUNCHY BREADCRUMBS",25.0,9.0,1.79,9.82,Other,American,0.89,0,0,0,0,0,0,lunch
1.41,1.4,106.0,1614,74.0,218.0,USDA,"SHRIMP SOY FLAVORED FRIED RICE BLENDED WITH COOKED SALAD SHRIMP, EGG, SUGAR SNAP PEAS, CARROTS AND DICED ONIONS., SHRIMP",16.9,46.0,2.11,5.63,Other,American,0.0,0,0,0,0,1,0,dinner
0.69,4.7,106.0,1615,269.0,103.0,USDA,"SOUTHWEST STYLE POWER BLEND OF BLACK BEANS, CORN, LENTILS, WHOLE GRAINS, RED BELL PEPPERS AND LENTIL ZUCCHINI ORZO PASTA WITH A ZESTY SAUCE, SOUTHWEST STYLE",19.17,0.0,2.5,5.0,Other,American,0.14,1,1,1,1,1,1,dinner
11.71,0.9,243.0,1616,189.0,450.0,USDA,TILAPIA BREADED FISH FILLETS,22.52,27.0,1.8,10.81,Other,American,2.7,0,0,0,0,0,0,lunch
14.89,0.0,248.0,1617,195.0,71.0,USDA,"BLACKBERRY CRUMBLE ICE CREAM, BLACKBERRY CRUMBLE",24.11,57.0,21.99,4.26,Other,American,9.22,0,1,0,0,1,0,lunch
10.81,0.9,225.0,1618,156.0,405.0,USDA,"CRUNCHY PANKO BREADCRUMBS FLOUNDER FILLETS, CRUNCHY PANKO BREADCRUMBS",21.62,27.0,2.7,9.91,Other,American,0.9,0,0,0,0,1,1,lunch
10.38,0.9,226.0,1619,176.0,453.0,USDA,"CRUNCHY PANKO BREADCRUMBS HADDOCK FILLETS, CRUNCHY PANKO BREADCRUMBS",21.7,24.0,2.83,10.38,Other,American,0.94,0,0,0,0,1,1,lunch
34.88,9.3,558.0,1620,0.0,0.0,USDA,NATURAL DARK CHOCOLATE WITH CRANBERRIES ORANGE & CINNAMON NATURAL FLAVOR,55.81,0.0,41.86,4.65,Other,American,20.93,0,1,0,0,1,1,lunch
35.71,10.7,571.0,1621,500.0,0.0,USDA,"CINNAMON CAYENNE & CHERRIES + DARK CHOCOLATE 60% COCOA CHOCOLATE BAR, CINNAMON CAYENNE & CHERRIES + DARK CHOCOLATE",57.14,0.0,39.29,7.14,Other,American,21.43,0,1,0,0,1,1,snack
2.5,2.5,121.0,1622,0.0,317.0,USDA,"RED'S, VEGGIE BURRITO BOWL",20.83,4.0,2.08,3.75,Other,American,0.83,0,0,0,0,1,0,breakfast
3.57,3.6,357.0,1623,179.0,1071.0,USDA,"PUMPERNICKEL FLAVORED PRETZELS, PUMPERNICKEL",75.0,0.0,0.0,7.14,Other,American,0.0,1,0,0,0,1,1,lunch
5.36,3.6,393.0,1624,157.0,607.0,USDA,"HONEY WHEAT BRAIDED TWISTS PRETZELS, HONEY WHEAT",75.0,0.0,14.29,7.14,Other,American,0.0,0,0,0,0,1,0,lunch
5.36,3.6,393.0,1625,107.0,1643.0,USDA,"BUTTER PRETZELS, BUTTER",75.0,0.0,0.0,7.14,Other,American,0.0,1,0,0,0,1,0,lunch
3.57,3.6,393.0,1626,107.0,1607.0,USDA,"CLASSIC PRETZELS STICKS, CLASSIC",75.0,0.0,0.0,7.14,Other,American,0.0,1,0,0,0,1,1,lunch
4.72,5.7,358.0,1627,0.0,849.0,USDA,"CHEDDAR & PEPPERS ORGANIC SPROUTED RISOTTO, CHEDDAR & PEPPERS",69.81,9.0,3.77,7.55,Other,American,1.89,1,0,0,0,1,1,lunch
0.0,0.0,32.0,1628,0.0,226.0,USDA,"HOT SALSA, HOT",6.45,0.0,3.23,0.0,Other,American,0.0,0,0,0,0,1,1,lunch
0.0,3.2,32.0,1629,0.0,581.0,USDA,"LA PREFERIDA, ORGANIC SALSA, MEDIUM, MEDIUM",6.45,0.0,3.23,0.0,Other,American,0.0,1,0,1,0,1,1,lunch
2.0,5.0,140.0,1630,0.0,510.0,USDA,"SMOKEHOUSE BARBECUE BEANS, SMOKEHOUSE BARBECUE",26.0,3.0,15.0,4.0,Other,American,0.4,0,0,0,0,1,1,snack
0.0,5.7,66.0,1631,0.0,320.0,USDA,CANNELLINI ALUBIAS,14.75,0.0,0.0,4.92,Other,American,0.0,1,0,1,0,1,1,lunch
21.95,0.0,280.0,1632,0.0,152.0,USDA,ONE LAYER BRSLING SARDINES IN OIL,0.0,55.0,0.0,20.73,Other,American,7.32,0,0,0,0,1,1,lunch
8.71,0.4,195.0,1633,116.0,324.0,USDA,"3 CHEESE & KALE BAKE BOWLS, 3 CHEESE & KALE BAKE",21.99,25.0,1.66,7.05,Other,American,4.98,0,0,0,0,1,0,lunch
7.06,1.2,161.0,1634,141.0,306.0,USDA,"CHILI MAC BOWLS, CHILI MAC",18.82,14.0,1.57,5.88,Other,American,3.14,0,0,0,0,1,1,lunch
0.0,0.0,189.0,1635,59.0,514.0,USDA,"PEACH APRICOT SAUCE, PEACH APRICOT",48.65,0.0,43.24,0.0,Other,American,0.0,0,0,0,0,1,1,lunch
0.0,0.0,206.0,1636,0.0,559.0,USDA,"DUCK SAUCE, DUCK",52.94,0.0,47.06,0.0,Other,American,0.0,0,0,0,0,1,1,lunch
0.0,0.0,243.0,1637,92.0,1054.0,USDA,"SWEET & SOUR DUCK SAUCE, SWEET & SOUR",62.16,0.0,56.76,0.0,Other,American,0.0,0,0,0,0,1,1,lunch
50.0,0.0,500.0,1638,0.0,400.0,USDA,"ZESTY HORSERADISH SAUCE, ZESTY HORSERADISH",20.0,0.0,0.0,0.0,Other,American,0.0,0,0,0,0,1,1,lunch
0.0,0.0,300.0,1639,0.0,33.0,USDA,"CONCORD GRAPE FRUIT SNACKS, CONCORD GRAPE",76.67,0.0,40.0,3.33,Other,American,0.0,0,1,0,0,1,1,snack
10.26,2.6,410.0,1640,321.0,769.0,USDA,"ULTRA MOIST CAKE MIX, DEVIL'S FOOD",76.92,0.0,41.03,5.13,Other,American,3.85,0,0,0,0,1,1,lunch
27.59,1.1,391.0,1641,0.0,57.0,USDA,CHOCOLATE DIPPED CREAM PUFFS,32.18,98.0,24.14,5.75,Other,American,17.24,0,1,0,0,1,0,lunch
15.76,1.2,267.0,1642,0.0,91.0,USDA,"MINI CHOCOLATE COVERED, ECLAIRS",26.67,85.0,14.55,6.06,Other,American,9.7,0,1,0,0,1,1,lunch
0.0,0.0,47.0,1643,0.0,2031.0,USDA,"CHICKEN WING SAUCE, HOT",9.38,0.0,6.25,0.0,Other,American,0.0,0,0,0,0,0,0,lunch
0.0,0.0,200.0,1644,0.0,1000.0,USDA,"MUSTARD, ARIZONA HEAT",20.0,0.0,20.0,0.0,Other,American,0.0,0,0,0,0,1,1,lunch
18.75,3.1,453.0,1645,0.0,2.0,USDA,"CHICKEN FLAVOR RAMEN NOODLE SOUP, CHICKEN",60.94,0.0,3.12,10.94,Other,American,9.38,1,1,0,0,0,0,dinner
0.0,3.6,357.0,1646,114.0,1429.0,USDA,"SOURDOUGH PRETZELS NUGGETS, SOURDOUGH",78.57,0.0,0.0,7.14,Other,American,0.0,1,0,0,0,1,1,lunch
5.36,3.6,393.0,1647,111.0,1536.0,USDA,"SOURDOUGH SPECIALS EXTRA DARK PRETZELS, SOURDOUGH",75.0,0.0,0.0,7.14,Other,American,0.0,1,0,0,0,1,1,lunch
14.29,3.6,179.0,1648,0.0,268.0,USDA,"HUMMUS, KALE PESTO",10.71,0.0,0.0,3.57,Other,American,1.79,1,0,1,1,1,1,lunch
32.14,3.6,536.0,1649,1393.0,536.0,USDA,"DARK RUSSETS KETTLE CLASSICS POTATO CHIPS, DARK RUSSETS",57.14,0.0,0.0,7.14,Other,American,5.36,1,0,0,0,1,1,snack
35.71,7.1,536.0,1650,1107.0,232.0,USDA,"SWEET POTATO KETTLE CLASSICS CHIPS, SWEET POTATO",60.71,0.0,14.29,3.57,Other,American,5.36,0,0,0,0,1,1,snack
25.0,10.7,500.0,1651,0.0,411.0,USDA,"SEA SALT POPCORN, SEA SALT",64.29,0.0,0.0,7.14,Other,American,3.57,1,0,0,0,1,1,lunch
17.86,3.6,464.0,1652,0.0,821.0,USDA,"SEA SALT & VINEGAR KETTLE COOKED POTATO CHIPS, SEA SALT & VINEGAR",64.29,0.0,0.0,7.14,Other,American,0.0,1,0,0,0,1,1,snack
32.14,3.6,536.0,1653,1196.0,643.0,USDA,"CRISP 'N TASTY POTATO CHIPS, CRISP 'N TASTY",53.57,0.0,0.0,7.14,Other,American,8.93,1,0,0,0,1,1,snack
5.0,3.3,400.0,1654,0.0,933.0,USDA,RODS PRETZELS,76.67,0.0,0.0,10.0,Other,American,0.0,1,0,0,0,1,1,lunch
7.14,3.6,393.0,1655,179.0,571.0,USDA,"HONEY WHEAT BRAIDED TWISTS PRETZELS, HONEY WHEAT",78.57,0.0,14.29,10.71,Other,American,0.0,0,0,0,0,1,0,lunch
35.71,0.0,536.0,1656,150.0,964.0,USDA,"HONEY CHEESE FLAVORED CURLS, HONEY CHEESE",57.14,0.0,10.71,3.57,Other,American,10.71,0,0,0,0,1,0,lunch
28.57,3.6,500.0,1657,179.0,1786.0,USDA,"JALAPENO SOURDOUGH HARD PRETZEL PIECES, JALAPENO",39.29,0.0,3.57,0.0,Other,American,12.5,1,0,0,0,1,1,lunch
28.57,10.7,500.0,1658,264.0,1143.0,USDA,"CHEESE FLAVORED POPCORN, CHEESE",53.57,0.0,3.57,7.14,Other,American,7.14,1,0,0,0,1,0,lunch
32.14,0.0,536.0,1659,0.0,821.0,USDA,"CHEDDAR CHEESE FLAVORED EXTRA CRUNCHY CORN SNACKS, CHEDDAR",60.71,0.0,3.57,3.57,Other,American,8.93,0,0,0,0,1,0,snack
3.57,3.6,393.0,1660,146.0,2036.0,USDA,ONE POUNDER EXTRA THIN PRETZELS,82.14,0.0,3.57,10.71,Other,American,0.0,1,0,0,0,1,1,lunch
1.79,3.6,393.0,1661,0.0,0.0,USDA,"UNSALTED MINI PRETZELS, UNSALTED MINI",82.14,0.0,3.57,10.71,Other,American,0.0,1,1,0,1,1,1,lunch
5.0,3.3,367.0,1662,0.0,733.0,USDA,"OLD FASHIONED PRETZEL RODS, OLD FASHIONED",70.0,0.0,3.33,10.0,Other,American,0.0,1,0,0,0,1,1,lunch
0.57,5.7,114.0,1663,562.0,0.0,USDA,FORDHOOK LIMA BEANS,20.45,0.0,1.14,6.82,Other,American,0.0,1,1,1,1,1,1,lunch
3.38,4.1,122.0,1664,451.0,0.0,USDA,"FARM FAVORITES, SHELLED EDAMAME",13.51,0.0,2.7,9.46,Other,American,0.0,1,1,1,1,1,1,lunch
10.61,1.5,235.0,1665,165.0,591.0,USDA,"SUPREME SAUSAGE, PEPPERONI, GREEN, RED AND YELLOW PEPPERS, ROASTED GARLIC & RED ONIONS BRICK OVEN CRUST PIZZA, SUPREME",25.0,23.0,5.3,9.09,Other,American,4.55,0,0,0,0,0,0,dinner
13.57,0.0,243.0,1666,0.0,500.0,USDA,"SEASONED PORK ST. LOUIS STYLE SPARERIBS WITH SAUCE, SEASONED PORK ST. LOUIS STYLE SPARERIBS",17.86,46.0,15.0,12.14,Other,American,5.0,0,0,0,0,0,0,lunch
4.44,0.0,189.0,1667,0.0,144.0,USDA,"CARAMEL BROWNIE OVERLOAD FROZEN DAIRY DESSERT, CARAMEL BROWNIE OVERLOAD",35.56,17.0,26.67,3.33,Other,American,2.22,0,0,0,0,1,1,lunch
7.14,7.1,429.0,1668,0.0,893.0,USDA,ORIGINAL WHOLE GRAINS CRACKERS,71.43,0.0,7.14,7.14,Other,American,0.0,0,0,0,0,1,1,snack
0.0,0.0,556.0,1669,0.0,7778.0,USDA,YING YANG ASIAN SEAFOOD SPRINKLES,0.0,0.0,0.0,0.0,Other,American,0.0,0,0,0,0,0,0,lunch
5.38,0.0,215.0,1670,0.0,208.0,USDA,"SEA SALT CARAMEL TRUFFLE SMOOTH & CREAMY FROZEN YOGURT, SEA SALT CARAMEL TRUFFLE",36.92,15.0,27.69,3.08,Other,American,3.85,0,0,0,0,1,0,snack
10.77,1.5,223.0,1671,0.0,600.0,USDA,"SUPREME THIN CRUST PIZZA, SUPREME",23.85,27.0,3.08,9.23,Other,American,3.85,0,0,0,0,1,1,lunch
32.14,0.0,393.0,1672,89.0,607.0,USDA,"QUESADILLA MEXICAN STYLE MELTING CHEESE, QUESADILLA MEXICAN STYLE",3.57,107.0,0.0,25.0,Other,American,17.86,0,0,0,0,1,0,lunch
16.07,0.0,250.0,1673,0.0,679.0,USDA,QUESO FRESCO AUTHENTIC MEXICAN CRUMBLING CHEESE,7.14,71.0,0.0,21.43,Other,American,7.14,0,0,0,0,1,0,lunch
43.33,0.0,467.0,1674,0.0,667.0,USDA,"PAWLEYS ISLAND, PALMETTO CHEESE, BACON, BACON",3.33,83.0,0.0,13.33,Other,American,16.67,0,0,0,0,0,0,lunch
17.86,0.0,357.0,1675,0.0,750.0,USDA,"ORIGINAL CRESCENT ROLLS, ORIGINAL",42.86,0.0,7.14,7.14,Other,American,7.14,0,0,0,0,1,1,lunch
25.71,0.0,271.0,1676,0.0,857.0,USDA,"OLE MEXICAN FOODS, CHORIZO SAUSAGE",2.86,64.0,0.0,12.86,Other,American,8.57,0,0,0,0,0,0,lunch
20.83,0.0,292.0,1677,0.0,708.0,USDA,"MOZZARELLA LOW MOISTURE PART SKIM SWIRLS CHEESE WITH ADDED CHEDDAR CHEESE, MOZZARELLA",4.17,62.0,4.17,20.83,Other,American,10.42,0,0,0,0,1,0,lunch
20.83,0.0,292.0,1678,0.0,708.0,USDA,"LOW-MOISTURE PART-SKIM MOZZARELLA STRING CHEESE, MOZZARELLA",4.17,62.0,0.0,25.0,Other,American,12.5,0,0,0,0,1,0,lunch
33.33,0.0,389.0,1679,0.0,222.0,USDA,SWISS CHEESE SLICES,0.0,83.0,0.0,27.78,Other,American,19.44,0,0,0,0,1,0,lunch
32.14,0.0,393.0,1680,0.0,643.0,USDA,MILD CHEDDAR CHEESE,3.57,107.0,0.0,25.0,Other,American,21.43,0,0,0,0,1,0,lunch
0.0,0.0,47.0,1681,0.0,56.0,USDA,"LIGHT NONFAT YOGURT, STRAWBERRY BANANA",7.65,3.0,4.71,2.94,Other,American,0.0,0,1,0,0,1,0,snack
35.71,0.0,500.0,1682,500.0,1500.0,USDA,"HICKORY SMOKED THICK SLICED BACON, HICKORY SMOKED",0.0,107.0,0.0,42.86,Other,American,14.29,0,0,0,0,0,0,lunch
5.13,0.9,239.0,1683,104.0,487.0,USDA,"CHOCOLATE CHIP PANCAKES, CHOCOLATE CHIP",41.88,9.0,13.68,4.27,Other,American,1.28,0,0,0,0,1,1,snack
9.15,2.1,183.0,1684,21.0,218.0,USDA,APPLE & CHEESE BITES WITH CARAMEL,19.72,25.0,15.49,4.93,Other,American,4.93,0,0,0,0,1,0,lunch
38.1,0.0,524.0,1685,476.0,1476.0,USDA,"NATURALLY HICKORY SMOKED BACON, HICKORY SMOKED",0.0,95.0,0.0,47.62,Other,American,14.29,0,0,0,0,0,0,lunch
38.89,0.0,500.0,1686,556.0,1000.0,USDA,"NATURALLY HICKORY SMOKED LOWER SODIUM BACON, LOWER SODIUM BACON",0.0,111.0,0.0,38.89,Other,American,13.89,0,0,0,0,0,0,lunch
38.89,0.0,500.0,1687,500.0,1500.0,USDA,"NATURALLY HICKORY SMOKED BACON, HICKORY SMOKED",0.0,83.0,0.0,44.44,Other,American,13.89,0,0,0,0,0,0,lunch
14.0,0.0,210.0,1688,0.0,840.0,USDA,"WALMART DELI, HAM SALAD, HICKORY SMOKED, HICKORY SMOKED",10.0,30.0,6.0,10.0,Other,American,3.0,0,0,0,0,1,1,lunch
0.0,0.0,381.0,1689,0.0,476.0,USDA,"PEACH GELATIN DESSERT, PEACH",90.48,0.0,85.71,4.76,Other,American,0.0,0,0,0,0,1,1,lunch
4.76,7.1,381.0,1690,262.0,548.0,USDA,"OAT CRUNCH SWEETENED MULTIGRAIN CEREAL, OAT CRUNCH",78.57,0.0,19.05,9.52,Other,American,0.0,0,0,0,0,1,1,breakfast
3.2,0.8,64.0,1691,157.0,288.0,USDA,"SPICY MARINARA PASTA SAUCE, SPICY MARINARA",8.0,0.0,7.2,1.6,Other,American,0.4,0,0,0,0,1,1,dinner
3.2,0.8,64.0,1692,157.0,288.0,USDA,"MARINARA PASTA SAUCE, MARINARA",8.0,0.0,7.2,1.6,Other,American,0.4,0,0,0,0,1,1,dinner
4.84,0.0,177.0,1693,0.0,81.0,USDA,"GOURMET LIGHT ICE CREAM, ROCKIN' RASPBERRY CHEESECAKE",30.65,24.0,24.19,3.23,Other,American,3.23,0,1,0,0,1,0,lunch
38.89,0.0,500.0,1694,556.0,2000.0,USDA,"HICKORY SMOKED BACON, HICKORY SMOKED",0.0,111.0,0.0,38.89,Other,American,13.89,0,0,0,0,0,0,lunch
0.0,0.0,250.0,1695,0.0,13667.0,USDA,BROTH BASE & SEASONING VEGETABLE,50.0,0.0,0.0,0.0,Other,American,0.0,0,0,0,0,1,1,lunch
3.19,6.4,213.0,1696,0.0,21.0,USDA,"WHITE CORN RESTAURANT STYLE TORTILLAS, WHITE CORN",42.55,0.0,4.26,4.26,Other,American,0.0,1,1,0,1,1,1,lunch
16.67,0.0,200.0,1697,0.0,50.0,USDA,SOUR CREAM,3.33,67.0,3.33,3.33,Other,American,11.67,0,1,0,0,1,0,lunch
0.0,2.4,220.0,1698,0.0,463.0,USDA,"RYE, ALL NATURAL",43.9,0.0,0.0,7.32,Other,American,0.0,0,0,0,0,1,1,lunch
1.22,2.4,244.0,1699,0.0,415.0,USDA,RAISIN SUNFLOWER,43.9,0.0,0.0,7.32,Other,American,0.0,0,0,0,0,1,1,lunch
1.22,7.3,195.0,1700,0.0,488.0,USDA,100% WHOLE WHEAT,41.46,0.0,0.0,7.32,Other,American,0.0,1,0,0,0,1,1,lunch
0.0,2.4,220.0,1701,0.0,463.0,USDA,ALL NATURAL CRACKED WHEAT,48.78,0.0,0.0,7.32,Other,American,0.0,0,0,0,0,1,1,lunch
2.44,2.4,244.0,1702,0.0,366.0,USDA,ALL NATURAL MULTIGRAIN,48.78,0.0,0.0,9.76,Other,American,0.0,0,0,0,0,1,1,lunch
0.0,1.8,228.0,1703,0.0,456.0,USDA,ALL NATURAL FRENCH PEASANT,45.61,0.0,0.0,8.77,Other,American,0.0,0,0,0,0,1,1,lunch
8.06,0.0,113.0,1704,0.0,903.0,USDA,JALAPENO CHEDDAR DIP,6.45,0.0,0.0,0.0,Other,American,1.61,0,0,0,0,1,1,lunch
0.0,2.8,333.0,1705,111.0,2111.0,USDA,"PORK BREADING SHAKE 'N COAT SEASONING & COATING MIX, PORK BREADING",66.67,0.0,0.0,11.11,Other,American,0.0,0,0,0,0,0,0,breakfast
14.29,0.0,214.0,1706,0.0,696.0,USDA,CORNED BEEF,0.0,71.0,0.0,23.21,Other,American,5.36,0,0,0,0,0,0,lunch
0.0,0.0,53.0,1707,141.0,44.0,USDA,CHERRY CHEESECAKE YOGURT,9.41,3.0,7.06,3.53,Other,American,0.0,0,1,0,0,1,0,snack
0.0,2.4,24.0,1708,553.0,76.0,USDA,SPINACH,3.53,0.0,0.0,2.35,Other,American,0.0,0,1,0,1,1,1,lunch
0.0,1.2,18.0,1709,188.0,24.0,USDA,CRISPY GARDEN SALAD,3.53,0.0,2.35,1.18,Other,American,0.0,0,1,0,0,1,1,lunch
24.0,0.0,280.0,1710,0.0,730.0,USDA,"SEAFOOD SALAD, SEAFOOD",10.0,25.0,5.0,6.0,Other,American,4.0,0,0,0,0,0,0,lunch
0.0,0.0,267.0,1711,0.0,911.0,USDA,MINI ANGEL FOOD CAKES,64.44,0.0,44.44,6.67,Other,American,0.0,0,0,0,0,1,1,lunch
0.31,1.2,148.0,1712,0.0,426.0,USDA,POTATO GNOCCHI,32.72,0.0,1.23,3.7,Other,American,0.0,0,0,0,0,1,1,lunch
9.0,1.0,280.0,1713,0.0,240.0,USDA,TORTELLONI CHICKEN MOZZARELLA,32.0,70.0,1.0,15.0,Other,American,4.0,0,0,0,0,0,0,lunch
8.75,0.0,225.0,1714,110.0,62.0,USDA,"MADAGASCAR VANILLA BITE SIZE ICE CREAM BUNDLED IN SWEET RICE DOUGH MOCHI ICE CREAM, MADAGASCAR VANILLA",37.5,38.0,22.5,2.5,Other,American,5.0,0,1,0,0,1,0,dinner
7.5,0.0,225.0,1715,78.0,50.0,USDA,"SIMPLY STRAWBERRY MOCHI ICE CREAM, STRAWBERRY",37.5,25.0,22.5,2.5,Other,American,5.0,0,1,0,0,1,0,lunch
7.5,0.0,225.0,1716,128.0,62.0,USDA,"MATCHA GREEN TEA BITE SIZE MOCHI ICE CREAM BUNDLED IN SWEET RICE DOUGH, MATCHA GREEN TEA",37.5,25.0,25.0,2.5,Other,American,5.0,0,1,0,0,1,0,dinner
8.57,2.9,400.0,1717,0.0,800.0,USDA,"MOCHA & CHOCOLATE HOT COCOA MIX, MOCHA & CHOCOLATE",71.43,0.0,62.86,11.43,Other,American,7.14,0,0,0,0,1,1,lunch
3.0,2.0,99.0,1718,0.0,275.0,USDA,SEASONED CHICKPEAS CHAN MASALA,12.0,0.0,0.0,6.0,Other,American,0.0,0,0,0,0,1,1,lunch
0.0,0.0,125.0,1719,0.0,639.0,USDA,"RESTAURANT STYLE BBQ SAUCE, SWEET N' SMOKEY",30.56,0.0,27.78,0.0,Other,American,0.0,0,0,0,0,1,1,lunch
28.57,0.0,357.0,1720,0.0,786.0,USDA,SMOKED GOUDA,0.0,89.0,0.0,25.0,Other,American,21.43,0,0,0,0,1,1,lunch
42.86,14.3,607.0,1721,0.0,257.0,USDA,"NATURAL PEANUTS, ROASTED & SALTED",28.57,0.0,3.57,25.0,Other,American,7.14,1,0,1,0,1,1,dinner
10.0,6.7,133.0,1722,0.0,2133.0,USDA,MANZANILLA OLIVES STUFFED WITH MINCED PIMIENTO,6.67,0.0,0.0,0.0,Other,American,1.33,1,0,1,0,1,1,lunch
35.71,3.6,571.0,1723,0.0,321.0,USDA,HOME STYLE POTATO CHIPS,53.57,36.0,0.0,7.14,Other,American,14.29,1,0,0,0,1,1,snack
35.71,3.6,571.0,1724,0.0,321.0,USDA,HOME STYLE POTATO CHIPS,53.57,36.0,0.0,7.14,Other,American,14.29,1,0,0,0,1,1,snack
3.57,3.6,393.0,1725,0.0,1679.0,USDA,SUPER THIN PRETZELS,82.14,0.0,3.57,10.71,Other,American,0.0,1,0,0,0,1,1,lunch
28.57,3.6,500.0,1726,0.0,1179.0,USDA,CHEESE FLAVORED CURLS,53.57,0.0,7.14,7.14,Other,American,5.36,0,0,0,0,1,0,lunch
7.02,7.0,404.0,1727,895.0,684.0,USDA,"BAKED VEGETABLE CRISPS, RANCH",77.19,0.0,10.53,7.02,Other,American,0.88,0,0,0,0,1,1,dinner
22.5,2.5,275.0,1728,0.0,1075.0,USDA,TIKKA MASALA SAUCE,12.5,0.0,7.5,2.5,Other,American,7.5,0,0,0,0,1,1,lunch
36.25,1.2,362.0,1729,0.0,2888.0,USDA,THAI MIX FOR RICE,8.75,0.0,6.25,1.25,Other,American,20.0,0,0,0,0,1,1,dinner
32.5,0.0,375.0,1730,0.0,775.0,USDA,PESTO SAUCE,15.0,0.0,5.0,2.5,Other,American,5.0,0,0,0,0,1,1,lunch
5.36,0.0,125.0,1731,0.0,429.0,USDA,PREMIUM CHUNK WHITE CHICKEN IN WATER,1.79,62.0,0.0,17.86,Other,American,1.79,0,0,0,0,0,0,lunch
10.0,0.0,433.0,1732,0.0,117.0,USDA,"SWEETENED CONDENSED MILK, SWEETENED",73.33,33.0,70.0,10.0,Other,American,0.0,0,1,0,0,1,0,breakfast
12.24,6.1,429.0,1733,133.0,20.0,USDA,CHOCOLATE CRAN-RAISIN,69.39,0.0,34.69,8.16,Other,American,2.04,0,1,0,0,1,1,lunch
0.0,0.0,139.0,1734,361.0,1389.0,USDA,"CHILI SAUCE, CHILI",33.33,0.0,22.22,0.0,Other,American,0.0,0,0,0,0,1,1,lunch
1.79,3.6,375.0,1735,179.0,0.0,USDA,"100% DURUM WHEAT SEMOLINA MACARONI PRODUCT, NO. 69 PENNE ZITI LISCE",78.57,0.0,3.57,12.5,Other,American,0.0,1,1,0,1,1,1,lunch
3.57,3.6,500.0,1736,0.0,2107.0,USDA,"SOURDOUGH BROKEN PRETZELS, SOURDOUGH",85.71,0.0,7.14,7.14,Other,American,0.0,0,0,0,0,1,1,lunch
7.2,0.0,104.0,1737,160.0,256.0,USDA,"ROASTED GARLIC SAUCE, ROASTED GARLIC",4.0,0.0,2.4,0.8,Other,American,0.8,0,0,0,0,1,1,dinner
0.0,3.3,358.0,1738,0.0,17.0,USDA,MUSHROOM FETTUCCINE,78.33,0.0,0.0,13.33,Other,American,0.0,1,1,0,1,1,1,lunch
12.58,1.3,270.0,1739,214.0,629.0,USDA,"PEPPERONI DEEP DISH SINGLES PIZZA, PEPPERONI",28.93,25.0,6.92,9.43,Other,American,6.29,0,0,0,0,1,1,lunch
46.88,6.2,594.0,1740,0.0,391.0,USDA,"CREAMY PEANUT BUTTER, CREAMY",25.0,0.0,9.38,21.88,Other,American,9.38,0,0,0,0,1,0,snack
0.0,7.1,321.0,1741,0.0,3214.0,USDA,"BREADER, SPICY & HOT, SPICY & HOT",71.43,0.0,0.0,7.14,Other,American,0.0,1,0,0,0,1,1,lunch
0.41,1.2,53.0,1742,122.0,192.0,USDA,"GARDEN SOUP, SWEET CORN, SWEET CORN",12.24,0.0,2.45,1.63,Other,American,0.0,0,0,0,0,1,1,lunch
100.0,0.0,857.0,1743,0.0,0.0,USDA,CANOLA OIL,0.0,0.0,0.0,0.0,Other,American,7.14,0,1,0,0,1,1,lunch
18.75,0.0,250.0,1744,0.0,625.0,USDA,SANDWICH SPREAD,18.75,31.0,12.5,0.0,Other,American,0.0,0,0,0,0,1,1,lunch
20.0,2.5,450.0,1745,0.0,450.0,USDA,PEANUT CRUNCH,65.0,0.0,57.5,10.0,Other,American,3.75,0,0,0,0,1,1,snack
0.0,0.0,139.0,1746,0.0,2000.0,USDA,"PREMIUM SMOKY MONTREAL STEAK SAUCE, SMOKY MONTREAL STEAK",27.78,0.0,22.22,0.0,Other,American,0.0,0,0,0,0,1,1,lunch
2.98,0.0,119.0,1747,0.0,583.0,USDA,OVEN-ROASTED CHICKEN BITES,1.19,54.0,0.0,23.81,Other,American,1.19,0,0,0,0,0,0,dinner
28.57,0.0,357.0,1748,0.0,607.0,USDA,PEPPER JACK CHEESE,0.0,107.0,0.0,25.0,Other,American,17.86,0,0,0,0,1,0,lunch
30.0,2.9,543.0,1749,0.0,36.0,USDA,HOLIDAY MILK CHOCOLATE,64.29,14.0,61.43,4.29,Other,American,17.14,0,1,0,0,1,0,breakfast
28.57,0.0,357.0,1750,0.0,607.0,USDA,WISCONSIN MONTEREY JACK CHEESE,0.0,107.0,0.0,25.0,Other,American,17.86,0,0,0,0,1,0,lunch
0.0,0.0,200.0,1751,0.0,0.0,USDA,FANCY MARASCHINO CHERRIES,40.0,0.0,20.0,0.0,Other,American,0.0,0,1,0,0,1,1,lunch
3.53,3.5,176.0,1752,0.0,494.0,USDA,SANTA FE VEGGIE BURGER,23.53,0.0,2.35,15.29,Other,American,0.0,1,0,1,0,1,0,breakfast
2.19,1.8,53.0,1753,202.0,342.0,USDA,"SAUCED CHEESY BROCCOLI, SAUCED",4.39,4.0,1.75,2.63,Other,American,1.32,0,0,0,0,1,1,lunch
2.83,1.4,110.0,1754,88.0,198.0,USDA,"SAUCED CHEESY PASTA & BROCCOLI WITH ONIONS & BACON, SAUCED WITH ONIONS & BACON",15.9,7.0,0.71,4.59,Other,American,1.41,0,0,0,0,0,0,dinner
2.55,2.0,61.0,1755,306.0,184.0,USDA,"SAUCED MARINARA TUSCAN VEGETABLES, SAUCED",7.14,0.0,4.08,2.04,Other,American,0.51,0,0,0,0,1,1,lunch
0.0,0.0,400.0,1756,0.0,0.0,USDA,"CONFECTIONERS 10-X POWDERED PURE CANE SUGAR WITH CORNSTARCH, CORNSTARCH",100.0,0.0,96.67,0.0,Other,American,0.0,0,1,0,0,1,1,lunch
0.0,0.0,375.0,1757,0.0,0.0,USDA,PREMIUM PURE CANE GRANULATED SUGAR,100.0,0.0,100.0,0.0,Other,American,0.0,0,1,0,0,1,1,lunch
0.0,0.0,375.0,1758,0.0,0.0,USDA,"DARK BROWN PREMIUM PURE CANE SUGAR, DARK BROWN",100.0,0.0,100.0,0.0,Other,American,0.0,0,1,0,0,1,1,lunch
0.0,0.0,375.0,1759,0.0,0.0,USDA,PREMIUM PURE CANE GRANULATED SUGAR,100.0,0.0,100.0,0.0,Other,American,0.0,0,1,0,0,1,1,lunch
2.47,0.7,163.0,1760,127.0,396.0,USDA,"SEASONED CHICKEN FLAVORED RICE WITH BROCCOLI, CARROTS & ONIONS, SEASONED CHICKEN",30.74,0.0,2.12,3.18,Other,American,0.35,0,0,0,0,0,0,dinner
0.0,2.3,40.0,1761,182.0,0.0,USDA,FRENCH CUT GREEN BEANS,5.68,0.0,2.27,1.14,Other,American,0.0,0,1,0,1,1,1,lunch
1.59,0.7,124.0,1762,127.0,307.0,USDA,"SAUCED MUSHROOM & GREEN BEAN RISOTTO, SAUCED",23.67,5.0,1.77,3.18,Other,American,0.88,0,0,0,0,1,1,lunch
2.69,2.2,97.0,1763,290.0,215.0,USDA,"SAUCED CHEESY ROASTED RED POTATOES WITH ONIONS & BACON, SAUCED",16.13,5.0,1.08,3.23,Other,American,1.61,0,0,0,1,0,0,dinner
1.11,2.2,78.0,1764,267.0,0.0,USDA,SWEET KERNEL CORN,15.56,0.0,6.67,3.33,Other,American,0.0,0,1,0,1,1,1,lunch
0.53,1.1,88.0,1765,88.0,12.0,USDA,"WHOLE GRAIN RICE WITH BROCCOLI & CARROTS, BROCCOLI & CARROTS",18.34,0.0,0.71,2.12,Other,American,0.0,0,1,0,0,1,1,dinner
26.67,0.0,267.0,1766,0.0,50.0,USDA,"MEXICAN STYLE SOUR CREAM, MEXICAN STYLE",3.33,100.0,0.0,3.33,Other,American,16.67,0,1,0,0,1,0,lunch
0.0,3.2,64.0,1767,152.0,8.0,USDA,NO SALT ADDED SWEET PEAS,12.0,0.0,4.0,3.2,Other,American,0.0,1,1,1,1,1,1,lunch
0.0,6.2,92.0,1768,385.0,285.0,USDA,"MILD CHILI BEANS RED BEANS IN CHILI SAUCE, MILD CHILI BEANS",16.92,0.0,1.54,4.62,Other,American,0.0,1,0,1,1,1,1,lunch
0.0,1.6,33.0,1769,146.0,203.0,USDA,SLICED BEETS,7.32,0.0,5.69,0.81,Other,American,0.0,0,0,0,0,1,1,lunch
4.04,1.0,86.0,1770,0.0,490.0,USDA,"BEEF IN CHILI SAUCE, BEEF IN CHILI",10.1,10.0,1.01,2.53,Other,American,1.52,0,0,0,0,0,0,lunch
0.0,2.4,36.0,1771,193.0,241.0,USDA,WHOLE HEARTS OF PALM,6.02,0.0,1.2,2.41,Other,American,0.0,0,0,0,1,1,1,lunch
0.0,3.3,67.0,1772,0.0,183.0,USDA,SLICED PICKLED BEETS,16.67,0.0,13.33,0.0,Other,American,0.0,0,0,0,1,1,1,lunch
0.0,3.8,85.0,1773,0.0,285.0,USDA,BUTTER BEANS,16.15,0.0,0.77,4.62,Other,American,0.0,1,0,1,1,1,0,lunch
0.0,4.5,79.0,1774,146.0,0.0,USDA,SWEET PEAS,13.48,0.0,4.49,5.62,Other,American,0.0,1,1,1,1,1,1,lunch
0.0,2.4,35.0,1775,212.0,24.0,USDA,BABY BROCCOLI FLORETS,4.71,0.0,2.35,1.18,Other,American,0.0,0,1,0,1,1,1,lunch
0.0,0.0,200.0,1776,0.0,20400.0,USDA,"CRACKED PEPPERCORN & HERB SEA SALT RUB, CRACKED PEPPERCORN & HERB",40.0,0.0,0.0,0.0,Other,American,0.0,0,0,0,0,1,1,lunch
25.0,0.0,450.0,1777,0.0,1800.0,USDA,"BISCUIT GRAVY MIX, BISCUIT",60.0,0.0,0.0,0.0,Other,American,10.0,0,0,0,0,1,1,lunch
51.72,0.0,483.0,1778,0.0,690.0,USDA,"RED JALAPENO CAESAR DRESSING, RED JALAPENO CAESAR",3.45,34.0,3.45,0.0,Other,American,8.62,0,0,0,0,1,1,lunch
25.81,0.0,323.0,1779,0.0,806.0,USDA,"BALSAMIC VINAIGRETTE DRESSING, BALSAMIC VINAIGRETTE",16.13,0.0,12.9,0.0,Other,American,4.84,0,0,0,0,1,1,lunch
43.33,0.0,400.0,1780,0.0,1400.0,USDA,"OLDE VENICE ITALIAN DRESSING, OLDE VENICE ITALIAN",6.67,0.0,3.33,0.0,Other,American,6.67,0,0,0,0,1,1,lunch
22.58,0.0,258.0,1781,0.0,1194.0,USDA,"LIGHT CAESAR DRESSING, LIGHT CAESAR",6.45,32.0,6.45,3.23,Other,American,4.84,0,0,0,0,1,1,lunch
40.0,0.0,400.0,1782,0.0,733.0,USDA,"WHITE BALSAMIC VINAIGRETTE, WHITE BALSAMIC",10.0,0.0,6.67,0.0,Other,American,6.67,0,0,0,0,1,1,lunch
21.43,0.0,500.0,1783,0.0,1071.0,USDA,"ITALIAN GOURMET CUT CROUTONS, ITALIAN",57.14,0.0,0.0,14.29,Other,American,0.0,0,0,0,0,1,1,lunch
21.43,0.0,500.0,1784,0.0,714.0,USDA,"CAESAR GOURMET CUT CROUTONS, CAESAR",57.14,0.0,0.0,14.29,Other,American,0.0,0,0,0,0,1,1,lunch
0.0,0.9,53.0,1785,0.0,9.0,USDA,PINEAPPLE SLICES IN ITS OWN 100% JUICE,14.04,0.0,12.28,0.0,Other,American,0.0,0,1,0,0,1,1,breakfast
0.0,0.0,18.0,1786,0.0,929.0,USDA,"KOSHER DILL SANDWICH STUFFERS, KOSHER DILL",3.57,0.0,0.0,0.0,Other,American,0.0,0,0,0,0,1,1,lunch
0.0,0.0,18.0,1787,0.0,1464.0,USDA,"HOT SLICED JALAPENO PEPPERS, HOT",0.0,0.0,0.0,0.0,Other,American,0.0,0,0,0,0,1,1,lunch
17.86,0.0,179.0,1788,0.0,1286.0,USDA,"SANTA BARBARA OLIVE CO., ANCHOVY STUFFED OLIVES",7.14,0.0,0.0,0.0,Other,American,3.57,0,0,0,0,1,1,snack
0.0,0.0,18.0,1789,0.0,929.0,USDA,"KOSHER DILL SPEARS, KOSHER DILL",3.57,0.0,0.0,0.0,Other,American,0.0,0,0,0,0,1,1,lunch
0.0,0.0,71.0,1790,0.0,607.0,USDA,"BREAD & BUTTER OLD-FASHIONED SWEET SANDWICH STUFFERS, BREAD & BUTTER",17.86,0.0,17.86,0.0,Other,American,0.0,0,0,0,0,1,0,lunch
0.0,0.0,375.0,1791,0.0,0.0,USDA,"DARK BROWN PREMIUM PURE CANE SUGAR, DARK BROWN",100.0,0.0,100.0,0.0,Other,American,0.0,0,1,0,0,1,1,lunch
0.0,0.0,88.0,1792,0.0,735.0,USDA,ORGANIC KETCHUP,23.53,0.0,23.53,0.0,Other,American,0.0,0,0,0,0,1,1,lunch
0.0,0.0,67.0,1793,0.0,1133.0,USDA,ORGANIC STEAK SAUCE,13.33,0.0,6.67,0.0,Other,American,0.0,0,0,0,0,1,1,lunch
50.0,6.2,625.0,1794,281.0,281.0,USDA,"CHOCOLATE HAZELNUT & ALMOND BUTTER, CHOCOLATE",34.38,0.0,25.0,12.5,Other,American,9.38,0,0,0,0,1,0,snack
0.0,0.0,100.0,1795,0.0,1100.0,USDA,"HORSERADISH MUSTARD, HORSERADISH",0.0,0.0,0.0,0.0,Other,American,0.0,0,0,0,0,1,1,lunch
0.0,0.0,100.0,1796,0.0,1500.0,USDA,"NEW YORK DELI STYLE MUSTARD, NEW YORK DELI STYLE",0.0,0.0,0.0,0.0,Other,American,0.0,0,0,0,0,1,1,lunch
0.0,0.0,194.0,1797,0.0,56.0,USDA,"SEEDLESS RASPBERRY SPREADABLE FRUIT, SEEDLESS RASPBERRY",50.0,0.0,44.44,0.0,Other,American,0.0,0,1,0,0,1,1,snack
0.0,0.0,100.0,1798,0.0,2300.0,USDA,"DIJON MUSTARD, DIJON",0.0,0.0,0.0,0.0,Other,American,0.0,0,0,0,0,1,1,lunch
0.0,0.0,286.0,1799,0.0,0.0,USDA,100% HONEY,80.95,0.0,80.95,0.0,Other,American,0.0,0,1,0,0,1,0,lunch
0.0,0.0,100.0,1800,0.0,600.0,USDA,"CREAM CHEESE, ORIGINAL",10.0,17.0,6.67,13.33,Other,American,0.0,0,0,0,0,1,0,lunch
11.49,0.0,241.0,1801,0.0,92.0,USDA,"COOKIE DOUGH ICE CREAM, COOKIE DOUGH",31.03,46.0,21.84,3.45,Other,American,6.9,0,1,0,0,1,0,snack
10.34,0.0,195.0,1802,0.0,69.0,USDA,"COTTON CANDY ICE CREAM, COTTON CANDY",24.14,46.0,18.39,2.3,Other,American,6.9,0,1,0,0,1,0,lunch
10.34,0.0,218.0,1803,0.0,172.0,USDA,"SEA SALT CARAMEL PRETZEL CARAMEL ICE CREAM SWIRLED WITH FUDGE, SEA SALT CARAMEL & SEA SALT CHOCOLATY-COATED PRETZELS, SEA SALT CARAMEL PRETZEL",31.03,34.0,21.84,2.3,Other,American,6.9,0,0,0,0,1,0,breakfast
0.0,0.0,100.0,1804,0.0,1700.0,USDA,"STONE GROUND MUSTARD, STONE GROUND",0.0,0.0,0.0,0.0,Other,American,0.0,0,0,0,0,1,1,lunch
0.0,3.8,92.0,1805,0.0,4.0,USDA,NO SALT ADDED PINTO BEANS,16.15,0.0,0.77,5.38,Other,American,0.0,1,1,1,1,1,1,lunch
0.0,6.2,85.0,1806,0.0,4.0,USDA,ORGANIC KIDNEY BEANS,15.38,0.0,0.77,5.38,Other,American,0.0,1,1,1,1,1,1,lunch
10.71,0.0,107.0,1807,0.0,857.0,USDA,EXTRA LARGE PITTED RIPE OLIVES,7.14,0.0,0.0,0.0,Other,American,0.0,0,0,0,0,1,1,lunch
15.0,3.3,433.0,1808,167.0,417.0,USDA,"SWEDISH STYLE GINGER SNAPS, SWEDISH STYLE",76.67,0.0,40.0,3.33,Other,American,0.0,0,0,0,0,1,1,lunch
3.33,10.0,333.0,1809,283.0,0.0,USDA,ORGANIC SPROUTED WHOLE WHEAT FLOUR,66.67,0.0,0.0,13.33,Other,American,0.0,1,1,0,1,1,1,lunch
0.0,0.8,21.0,1810,77.0,183.0,USDA,DICED TOMATOES IN TOMATO JUICE,4.17,0.0,2.5,0.83,Other,American,0.0,0,0,0,0,1,1,breakfast
0.0,5.0,325.0,1811,775.0,25.0,USDA,RAISINS,77.5,0.0,72.5,2.5,Other,American,0.0,0,1,0,1,1,1,lunch
0.0,0.8,21.0,1812,77.0,183.0,USDA,DICED TOMATOES IN TOMATO JUICE,4.17,0.0,2.5,0.83,Other,American,0.0,0,0,0,0,1,1,breakfast
29.03,6.5,452.0,1813,0.0,0.0,USDA,COOKIES,51.61,0.0,41.94,9.68,Other,American,3.23,0,1,0,0,1,1,snack
0.0,0.0,16.0,1814,0.0,266.0,USDA,"WILD MUSHROOM ORGANIC GRAVY, WILD MUSHROOM",4.69,0.0,0.0,0.0,Other,American,0.0,0,0,0,0,1,1,lunch
16.13,3.2,452.0,1815,0.0,548.0,USDA,"ROSEMARY & OLIVE OIL GLUTEN FREE SNACK CRACKERS, ROSEMARY & OLIVE OIL",67.74,0.0,12.9,9.68,Other,American,1.61,0,0,0,0,1,1,snack
11.67,6.7,433.0,1816,300.0,450.0,USDA,"MULTI-SEEDS ARTISAN CRACKER SNACKS, MULTI-SEEDS",73.33,0.0,0.0,10.0,Other,American,0.0,1,0,0,0,1,1,snack
1.79,7.1,393.0,1817,0.0,2250.0,USDA,"LOADED BAKED HOMESTYLE CASSEROLE POTATO SLICES, HOMESTYLE CASSEROLE",85.71,0.0,3.57,7.14,Other,American,0.0,1,0,0,0,1,1,dinner
5.36,7.1,357.0,1818,0.0,2536.0,USDA,"FULLY LOADED PEPPERED BACON & CHEDDAR MICROWAVABLE MASHED POTATOES, BACON & CHEDDAR",71.43,0.0,3.57,7.14,Other,American,1.79,1,0,0,0,0,0,lunch
3.45,6.9,345.0,1819,0.0,2000.0,USDA,PREMIUM RED POTATOES,72.41,0.0,3.45,6.9,Other,American,1.72,1,0,0,0,1,1,lunch
5.36,7.1,357.0,1820,0.0,2143.0,USDA,"AU GRATIN HOMESTYLE CASSEROLE, AU GRATIN",71.43,0.0,3.57,7.14,Other,American,3.57,1,0,0,0,1,1,lunch
1.79,0.0,80.0,1821,0.0,375.0,USDA,100% NATURAL CHICKEN BREAST WITH RIB MEAT IN BROTH,0.0,62.0,0.0,16.07,Other,American,0.0,0,0,0,0,0,0,lunch
0.0,1.6,71.0,1822,0.0,12.0,USDA,"OLD FASHIONED APPLE SAUCE, OLD FASHIONED",18.25,0.0,14.29,0.0,Other,American,0.0,0,1,0,0,1,1,lunch
0.0,1.6,41.0,1823,0.0,12.0,USDA,"NATURAL APPLE SAUCE, APPLE",10.66,0.0,9.02,0.0,Other,American,0.0,0,1,0,0,1,1,lunch
0.0,1.6,78.0,1824,0.0,12.0,USDA,"OLD FASHIONED CINNAMON APPLE SAUCE, OLD FASHIONED CINNAMON APPLE",19.53,0.0,16.41,0.0,Other,American,0.0,0,1,0,0,1,1,lunch
0.0,2.9,371.0,1825,0.0,400.0,USDA,"BANANAS & CREAM INSTANT HOT CEREAL, BANANAS & CREAM",80.0,0.0,34.29,5.71,Other,American,0.0,0,0,0,0,1,0,breakfast
20.0,6.7,467.0,1826,0.0,867.0,USDA,"MULTIGRAIN CRACKERS, MULTIGRAIN",66.67,0.0,6.67,6.67,Other,American,0.0,0,0,0,0,1,1,snack
10.0,0.0,400.0,1827,0.0,300.0,USDA,"CLASSIC WATER CRACKERS, CLASSIC",80.0,0.0,0.0,6.67,Other,American,0.0,0,0,0,0,1,1,snack
11.43,11.4,429.0,1828,0.0,300.0,USDA,"CHEWY BAKED WHOLE GRAIN SNACH BARS, CHOCOLATE CHIP",74.29,0.0,31.43,8.57,Other,American,2.86,0,0,0,0,1,1,dinner
0.59,0.0,94.0,1829,282.0,388.0,USDA,"CHUNK LIGHT TUNA IN WATER, CHUNK LIGHT",0.0,47.0,0.0,22.35,Other,American,0.0,0,0,0,0,1,1,lunch
0.0,0.0,286.0,1830,0.0,0.0,USDA,"BLUE AGAVE ORGANIC NECTAR SYRUP, BLUE AGAVE",76.19,0.0,76.19,0.0,Other,American,0.0,0,1,0,0,1,1,lunch
0.0,0.0,286.0,1831,0.0,0.0,USDA,"BLUE AGAVE ORGANIC NECTAR AMBER SYRUP, BLUE AGAVE",76.19,0.0,76.19,0.0,Other,American,0.0,0,1,0,0,1,1,lunch
5.0,7.5,375.0,1832,325.0,0.0,USDA,STEEL CUT IRISH OATMEAL,75.0,0.0,0.0,12.5,Other,American,0.0,1,1,0,1,1,1,breakfast
0.41,0.8,41.0,1833,238.0,221.0,USDA,"HERBS & OLIVE OIL CHOPPED ITALIAN TOMATOES, HERBS & OLIVE OIL",7.38,0.0,4.1,0.82,Other,American,0.0,0,0,0,0,1,1,lunch
20.0,6.7,467.0,1834,0.0,33.0,USDA,"CRANBERRY ALMOND MAPLE FLAVOR GRANOLA, CRANBERRY ALMOND MAPLE",63.33,0.0,23.33,6.67,Other,American,1.67,0,1,0,1,1,1,breakfast
23.33,6.7,467.0,1835,0.0,50.0,USDA,"GLUTEN-FREE WALNUT RAISIN APPLE GRANOLA, WALNUT RAISIN APPLE",63.33,0.0,20.0,6.67,Other,American,1.67,0,1,0,1,1,1,snack
8.0,10.0,400.0,1836,360.0,80.0,USDA,"STRAWBERRY SHORTCAKE WITH ANCIENT GRAINS QUINOA & AMARANTH INSTANT OATMEAL, STRAWBERRY SHORTCAKE",70.0,0.0,22.0,14.0,Other,American,1.0,0,1,0,1,1,1,breakfast
7.0,10.0,400.0,1837,340.0,80.0,USDA,"APPLE PIE INSTANT OATMEAL WITH ANCIENT GRAINS QUINOA & AMARANTH, APPLE PIE",72.0,0.0,22.0,12.0,Other,American,1.0,0,1,0,1,1,1,breakfast
20.0,6.7,467.0,1838,0.0,50.0,USDA,"CRANBERRY CASHEW WITH NATURAL ORANGE GLUTEN-FREE GRANOLA, CRANBERRY CASHEW WITH NATURAL ORANGE",63.33,0.0,23.33,6.67,Other,American,1.67,0,1,0,1,1,1,breakfast
3.75,7.5,375.0,1839,200.0,350.0,USDA,"HONEY & OATS CORN FLAKES, WHEAT FLAKES AND GRANOLA MEDLEY CEREAL, HONEY & OATS",82.5,0.0,17.5,7.5,Other,American,0.0,0,0,0,0,1,0,breakfast
11.5,0.0,204.0,1840,327.0,336.0,USDA,"SOLID YELLOWFIN TUNA IN EXTRA VIRGIN OLIVE OIL, SOLID YELLOWFIN TUNA",0.0,35.0,0.0,25.66,Other,American,2.21,0,0,0,0,1,1,lunch
0.0,0.8,21.0,1841,0.0,12.0,USDA,ORGANIC DICED TOMATOES,4.17,0.0,2.5,0.0,Other,American,0.0,0,1,0,0,1,1,lunch
0.0,0.8,24.0,1842,206.0,103.0,USDA,PETITE CUT DICED TOMATOES,4.76,0.0,2.38,0.79,Other,American,0.0,0,1,0,0,1,1,lunch
12.5,5.0,375.0,1843,0.0,150.0,USDA,"APPLE CINNAMON RAISIN GRANOLA CLUSTERS, APPLE CINNAMON RAISIN",62.5,0.0,25.0,7.5,Other,American,0.0,0,0,0,1,1,1,breakfast
6.25,7.5,375.0,1844,0.0,0.0,USDA,QUICK & EASY STEEL CUT IRISH OATMEAL,67.5,0.0,2.5,10.0,Other,American,1.25,1,1,0,1,1,1,breakfast
5.36,7.1,357.0,1845,0.0,286.0,USDA,"REGULAR INSTANT IRISH OATMEAL, REGULAR",71.43,0.0,0.0,10.71,Other,American,0.0,1,0,0,1,1,1,breakfast
42.86,0.0,464.0,1846,0.0,1679.0,USDA,GOURMET PEPPERONI,0.0,89.0,0.0,17.86,Other,American,16.07,0,0,0,0,1,1,lunch
1.79,1.8,375.0,1847,0.0,0.0,USDA,SPACE ADVENTUTES PASTA,75.0,0.0,3.57,12.5,Other,American,0.0,0,1,0,0,1,1,dinner
0.0,0.8,86.0,1848,74.0,4.0,USDA,YELLOW FREESTONE HALVES PEACHES IN HEAVY SYRUP,21.09,0.0,17.19,0.0,Other,American,0.0,0,1,0,0,1,1,lunch
0.0,1.6,63.0,1849,111.0,0.0,USDA,MANDARIN ORANGES IN LIGHT SYRUP,15.08,0.0,13.49,0.79,Other,American,0.0,0,1,0,0,1,1,lunch
0.0,1.8,80.0,1850,0.0,9.0,USDA,"CINNAMON APPLE SAUCE, CINNAMON",20.35,0.0,16.81,0.0,Other,American,0.0,0,1,0,0,1,1,lunch
23.68,5.3,500.0,1851,0.0,118.0,USDA,"PEPPERMINT DARK CHOCOLATE FILLED WITH PEPPERMINT ORGANIC MINIS, PEPPERMINT",68.42,0.0,50.0,5.26,Other,American,15.79,0,1,0,0,1,1,lunch
0.0,3.1,47.0,1852,156.0,281.0,USDA,PEAS & CARROTS SPECIAL BLENDS,10.16,0.0,3.12,2.34,Other,American,0.0,1,0,1,1,1,1,lunch
0.0,0.5,13.0,1853,181.0,362.0,USDA,MUSHROOMS PIECES & STEMS,2.01,0.0,1.01,1.51,Other,American,0.0,0,0,0,0,1,1,lunch
0.0,0.8,17.0,1854,79.0,8.0,USDA,NO SALT ADDED CUT GREEN BEANS,2.48,0.0,0.83,0.83,Other,American,0.0,0,1,0,0,1,1,lunch
0.0,0.5,13.0,1855,207.0,367.0,USDA,CHUNKY PORTABELLA MUSHROOMS,2.01,0.0,1.51,1.01,Other,American,0.0,0,0,0,0,1,1,lunch
0.8,1.6,48.0,1856,144.0,8.0,USDA,NO SALT ADDED GOLDEN SWEET WHOLE KERNEL CORN,10.4,0.0,2.4,0.8,Other,American,0.0,0,1,0,0,1,1,lunch
0.0,0.9,13.0,1857,192.0,330.0,USDA,MUSHROOMS PIECES & STEMS,1.74,0.0,0.87,1.74,Other,American,0.0,0,0,0,0,1,1,lunch
0.8,1.6,56.0,1858,112.0,240.0,USDA,WHOLE KERNEL CORN,10.4,0.0,4.8,1.6,Other,American,0.0,0,0,0,0,1,1,lunch
0.8,1.6,56.0,1859,112.0,240.0,USDA,"RED & GREEN PEPPERS SWEET CORN & PEPPERS, RED & GREEN PEPPERS",10.4,0.0,4.8,1.6,Other,American,0.0,0,0,0,0,1,1,lunch
0.0,3.2,64.0,1860,152.0,304.0,USDA,SWEET PEAS,12.8,0.0,3.2,3.2,Other,American,0.0,1,0,1,0,1,1,lunch
1.79,1.8,375.0,1861,0.0,0.0,USDA,TRAINS PLANES & AUTOMOBILES PASTA,75.0,0.0,3.57,12.5,Other,American,0.0,0,1,0,0,1,1,dinner
1.79,5.4,357.0,1862,0.0,0.0,USDA,"ENRICHED MACARONI PRODUCT, PASTINA",75.0,0.0,1.79,12.5,Other,American,0.0,1,1,0,1,1,1,lunch
0.0,0.0,333.0,1863,0.0,7778.0,USDA,"TACO SEASONING, TACO",44.44,0.0,22.22,0.0,Other,American,0.0,0,0,0,0,1,1,lunch
11.67,6.7,433.0,1864,310.0,450.0,USDA,"BROWN RICE, ALMONDS & FLAX SEEDS ARTISAN CRACKER SNACKS, BROWN RICE, ALMONDS",73.33,0.0,0.0,10.0,Other,American,0.0,1,0,0,0,1,1,dinner
15.0,6.7,467.0,1865,0.0,567.0,USDA,CRISPY WHOLE GRAIN BAKED CRACKERS,70.0,0.0,10.0,10.0,Other,American,0.0,0,0,0,0,1,1,dinner
0.0,0.0,368.0,1866,0.0,0.0,USDA,"ICED FRUIT BREW, ACAI BERRY",94.74,0.0,84.21,0.0,Other,American,0.0,0,1,0,0,1,1,snack
93.33,0.0,867.0,1867,0.0,0.0,USDA,AVOCADO OIL,0.0,0.0,0.0,0.0,Other,American,13.33,0,1,0,0,1,1,lunch
5.29,1.2,106.0,1868,82.0,6.0,USDA,ORGANIC TOFU EXTRA FIRM,3.53,0.0,1.18,10.59,Other,American,0.59,0,1,0,0,1,1,lunch
18.52,3.7,444.0,1869,0.0,2667.0,USDA,"CHEDDAR POTATO HEARTY SOUP BOWL, CHEDDAR POTATO",62.96,0.0,7.41,3.7,Other,American,7.41,0,0,0,0,1,1,lunch
10.0,2.0,400.0,1870,0.0,2060.0,USDA,"PREMIUM THREE CHEESE CHIPOTLE POTATO SOUP, THREE CHEESE CHIPOTLE",68.0,10.0,14.0,8.0,Other,American,7.0,0,0,0,0,1,0,snack
0.0,0.8,24.0,1871,0.0,203.0,USDA,"MEXICAN-STYLE DICED TOMATOES WITH JALAPENOS, MEXICAN-STYLE WITH JALAPENOS",5.69,0.0,4.07,0.81,Other,American,0.0,0,0,0,0,1,1,lunch
0.0,6.1,91.0,1872,927.0,61.0,USDA,"TOMATO PASTE, TOMATO",18.18,0.0,12.12,3.03,Other,American,0.0,0,1,0,1,1,1,lunch
0.0,0.8,17.0,1873,0.0,248.0,USDA,"MEXICAN-STYLE DICED TOMATOES WITH HABANEROS & JALAPENOS, MEXICAN-STYLE WITH HABANEROS & JALAPENOS",3.31,0.0,2.48,0.83,Other,American,0.0,0,0,0,0,1,1,lunch
0.0,0.8,17.0,1874,0.0,248.0,USDA,"MEXICAN-STYLE DICED TOMATOES, MEXICAN-STYLE",3.31,0.0,2.48,0.83,Other,American,0.0,0,0,0,0,1,1,lunch
0.0,0.8,21.0,1875,0.0,248.0,USDA,"MEXICAN-STYLE DICED TOMATOES WITH LIME JUICE, CILANTRO & GREEN CHILIES, MEXICAN-STYLE DICED WITH LIME JUICE, CILANTRO & GREEN CHILIES",4.13,0.0,2.48,0.83,Other,American,0.0,0,0,0,0,1,1,breakfast
0.0,0.8,17.0,1876,0.0,248.0,USDA,"MEXICAN-STYLE DICED TOMATOES, MEXICAN-STYLE",3.31,0.0,2.48,0.83,Other,American,0.0,0,0,0,0,1,1,lunch
0.0,1.6,24.0,1877,244.0,301.0,USDA,"MILD DICED TOMATOES WITH CHILI SEASONINGS IN SAUCE, MILD",4.88,0.0,3.25,0.81,Other,American,0.0,0,0,0,0,1,1,lunch
20.0,3.3,233.0,1878,0.0,1700.0,USDA,"SUN-DRIED TOMATO PASTE, TOMATO",16.67,0.0,10.0,3.33,Other,American,1.67,0,0,0,0,1,1,lunch
0.0,0.8,21.0,1879,0.0,12.0,USDA,NO SALT ADDED DICED TOMATOES,4.13,0.0,2.48,0.83,Other,American,0.0,0,1,0,0,1,1,lunch
0.0,0.8,21.0,1880,0.0,231.0,USDA,"PETITE DICED TOMATOES WITH GREEN CHILIES, GREEN CHILIES",4.13,0.0,2.48,0.83,Other,American,0.0,0,0,0,0,1,1,lunch
0.0,3.0,121.0,1881,1239.0,212.0,USDA,"TOMATO PASTE, TOMATO",24.24,0.0,15.15,6.06,Other,American,0.0,0,0,0,1,1,1,lunch
0.0,0.8,29.0,1882,190.0,264.0,USDA,"MEDIUM WITH ONIONS DICED TOMATOES WITH CHILI SEASONINGS IN SAUCE, MEDIUM WITH ONIONS",6.61,0.0,4.13,0.83,Other,American,0.0,0,0,0,0,1,1,lunch
5.71,2.4,118.0,1883,0.0,294.0,USDA,CHILI WITH BEANS,11.43,12.0,0.82,5.31,Other,American,2.45,0,0,0,0,1,1,lunch
0.0,0.0,91.0,1884,616.0,455.0,USDA,"OVEN ROASTED TURKEY BREAST, OVEN ROASTED",1.82,45.0,0.0,20.0,Other,American,0.0,0,0,0,0,0,0,dinner
16.67,0.0,200.0,1885,0.0,500.0,USDA,"SPINACH ARTICHOKE FETA DIP, SPINACH ARTICHOKE FETA",6.67,50.0,3.33,6.67,Other,American,8.33,0,0,0,0,1,1,lunch
10.37,1.7,253.0,1886,0.0,1041.0,USDA,"TURKEY & HAVARTI WITH MAYONNAISE SANDWICH, TURKEY & HAVARTI",20.75,48.0,1.66,19.09,Other,American,4.56,0,0,0,0,0,0,lunch
0.0,0.0,333.0,1887,0.0,11000.0,USDA,"ORIGINAL HICKORY GRILLED DRY-RUB SEASONING FOR ALL MEAT AND FISH, ORIGINAL HICKORY GRILLED",33.33,0.0,33.33,0.0,Other,American,0.0,0,0,0,0,0,0,dinner
0.0,0.0,36.0,1888,0.0,1607.0,USDA,PEPPERONCINI,3.57,0.0,0.0,0.0,Other,American,0.0,0,0,0,0,1,1,lunch
0.0,0.0,25.0,1889,0.0,500.0,USDA,"SPICY BLOODY MARY PICKLES, SPICY",3.57,0.0,3.57,0.0,Other,American,0.0,0,0,0,0,1,1,lunch
0.0,0.0,18.0,1890,0.0,1786.0,USDA,"JALAPENO SLICES, JALAPENO",3.57,0.0,3.57,0.0,Other,American,0.0,0,0,0,0,1,1,lunch
0.0,0.0,18.0,1891,0.0,1786.0,USDA,"DELICATESSEN STYLE JALAPENO SLICES, DELICATESSEN STYLE",3.57,0.0,3.57,0.0,Other,American,0.0,0,0,0,0,1,1,lunch
0.0,0.0,71.0,1892,0.0,393.0,USDA,"OLIVE OIL & GARLIC MARINATED ROASTED PEPPERS, OLIVE OIL & GARLIC",14.29,0.0,10.71,0.0,Other,American,0.0,0,0,0,0,1,1,dinner
0.0,0.0,18.0,1893,0.0,1786.0,USDA,SLICED PEPPERONCINI,3.57,0.0,0.0,0.0,Other,American,0.0,0,0,0,0,1,1,lunch
0.0,0.0,18.0,1894,0.0,1179.0,USDA,"DELICATESSEN STYLE MILD BANANA PEPPER RINGS, DELICATESSEN STYLE",3.57,0.0,0.0,0.0,Other,American,0.0,0,0,0,0,1,1,lunch
0.0,0.0,71.0,1895,0.0,304.0,USDA,"CHIPS, BREAD & BUTTER",17.86,0.0,17.86,0.0,Other,American,0.0,0,0,0,0,1,0,snack
0.0,0.9,22.0,1896,0.0,108.0,USDA,DICED TOMATOES,4.31,0.0,2.59,0.86,Other,American,0.0,0,1,0,0,1,1,lunch
0.0,0.8,26.0,1897,382.0,107.0,USDA,WHOLE PEELED ITALIAN TOMATOES WITH BASIL LEAF,4.63,0.0,3.72,1.65,Other,American,0.0,0,1,0,0,1,1,lunch
0.0,1.6,40.0,1898,435.0,349.0,USDA,"TOMATO SAUCE, TOMATO",9.52,0.0,4.76,1.59,Other,American,0.0,0,0,0,0,1,1,lunch
22.81,1.8,439.0,1899,105.0,386.0,USDA,"CINNAMON DONUTS, CINNAMON",52.63,9.0,26.32,3.51,Other,American,12.28,0,0,0,0,1,1,snack
0.0,0.8,24.0,1900,0.0,203.0,USDA,"ITALIAN-STYLE STEWED TOMATOES WITH GARLIC, OREGANO & BASIL, ITALIAN-STYLE WITH GARLIC, OREGANO & BASIL",5.69,0.0,4.88,0.81,Other,American,0.0,0,0,0,0,1,1,dinner
0.41,0.8,24.0,1901,0.0,203.0,USDA,"ITALIAN-STYLE DICED TOMATOES WITH GARLIC, OREGANO & BASIL, ITALIAN-STYLE",4.07,0.0,2.44,0.81,Other,American,0.0,0,0,0,0,1,1,lunch
0.0,0.8,24.0,1902,0.0,16.0,USDA,"NO SALT ADDED STEWED TOMATOES WITH ONIONS, CELERY E GREEN PEPPERS, ONIONS, CELERY & GREEN PEPPERS",5.69,0.0,4.88,0.81,Other,American,0.0,0,1,0,0,1,1,dinner
0.0,0.0,100.0,1903,0.0,800.0,USDA,"SWEET RELISH, SWEET",26.67,0.0,20.0,0.0,Other,American,0.0,0,0,0,0,1,1,lunch
0.0,0.0,107.0,1904,0.0,607.0,USDA,"SWEET BABY GHERKINS, SWEET",28.57,0.0,25.0,0.0,Other,American,0.0,0,0,0,0,1,1,lunch
0.0,0.0,18.0,1905,0.0,714.0,USDA,"KOSHER BABY DILLS REDUCED SODIUM PICKLES, KOSHER BABY DILLS",3.57,0.0,0.0,0.0,Other,American,0.0,0,0,0,0,1,1,lunch
0.0,0.0,18.0,1906,0.0,607.0,USDA,"BREAD & BUTTER NO SUGAR ADDED SANDWICH STUFFERS, BREAD & BUTTER",3.57,0.0,0.0,0.0,Other,American,0.0,0,0,0,0,1,0,lunch
0.0,0.0,18.0,1907,0.0,929.0,USDA,"HAMBURGER DILL CHIPS MINI STUFFERS, HAMBURGER DILL",3.57,0.0,0.0,0.0,Other,American,0.0,0,0,0,0,1,1,snack
0.0,0.0,107.0,1908,0.0,607.0,USDA,"SWEET GHERKINS, SWEET",28.57,0.0,25.0,0.0,Other,American,0.0,0,0,0,0,1,1,lunch
0.0,1.6,40.0,1909,440.0,32.0,USDA,"TOMATO PUREE, TOMATO",9.52,0.0,4.76,1.59,Other,American,0.0,0,1,0,0,1,1,lunch
0.0,1.6,33.0,1910,0.0,148.0,USDA,CRUSHED TOMATOES,6.56,0.0,3.28,1.64,Other,American,0.0,0,0,0,0,1,1,lunch
0.0,0.8,21.0,1911,0.0,149.0,USDA,DICED TOMATOES,4.13,0.0,2.48,0.83,Other,American,0.0,0,0,0,0,1,1,lunch
0.0,0.0,71.0,1912,0.0,607.0,USDA,"BREAD & BUTTER OLD-FASHIONED SWEET SANDWICH STUFFERS, BREAD & BUTTER",17.86,0.0,17.86,0.0,Other,American,0.0,0,0,0,0,1,0,lunch
0.0,1.6,25.0,1913,341.0,16.0,USDA,NO SALT ADDED CRUSHED TOMATOES IN TOMATO PUREE,6.56,0.0,3.28,1.64,Other,American,0.0,0,1,0,0,1,1,lunch
0.0,0.0,18.0,1914,0.0,929.0,USDA,KOSHER DILLS,3.57,0.0,0.0,0.0,Other,American,0.0,0,0,0,0,1,1,lunch
0.0,0.8,24.0,1915,0.0,203.0,USDA,"STEWED TOMATOES WITH ONIONS, CELERY & GREEN PEPPERS",5.69,0.0,4.88,0.81,Other,American,0.0,0,0,0,0,1,1,dinner
0.0,0.8,21.0,1916,0.0,190.0,USDA,"GARLIC & ONION DICED TOMATOES, GARLIC & ONION",4.13,0.0,2.48,0.83,Other,American,0.0,0,0,0,0,1,1,lunch
0.0,0.0,18.0,1917,0.0,929.0,USDA,"KOSHER DILL SPEARS, KOSHER DILL",3.57,0.0,0.0,0.0,Other,American,0.0,0,0,0,0,1,1,lunch
0.0,0.0,18.0,1918,0.0,929.0,USDA,KOSHER DILLS,3.57,0.0,0.0,0.0,Other,American,0.0,0,0,0,0,1,1,lunch
0.0,0.8,21.0,1919,76.0,183.0,USDA,WHOLE PEELED TOMATOES IN TOMATO JUICE,4.17,0.0,2.5,0.83,Other,American,0.0,0,0,0,0,1,1,breakfast
0.0,0.0,18.0,1920,0.0,929.0,USDA,"KOSHER BABY DILLS, KOSHER BABY",3.57,0.0,0.0,0.0,Other,American,0.0,0,0,0,0,1,1,lunch
0.0,0.0,100.0,1921,0.0,800.0,USDA,"SWEET RELISH, SWEET",26.67,0.0,20.0,0.0,Other,American,0.0,0,0,0,0,1,1,lunch
0.0,1.6,32.0,1922,0.0,24.0,USDA,"NON-GMO TOMATO PUREE, TOMATO",7.94,0.0,4.76,1.59,Other,American,0.0,0,1,0,0,1,1,lunch
0.0,5.5,109.0,1923,618.0,418.0,USDA,"MEXICAN MEATLESS CRUMBLES, MEXICAN",10.91,0.0,1.82,18.18,Other,American,0.0,1,0,1,0,0,0,lunch
0.0,3.0,76.0,1924,1030.0,61.0,USDA,"TOMATO PASTE, TOMATO",18.18,0.0,12.12,3.03,Other,American,0.0,0,1,0,1,1,1,lunch
0.0,0.8,21.0,1925,232.0,248.0,USDA,"MILD JALAPENOS SALSA TOMATOES, MILD JALAPENOS",4.96,0.0,2.48,0.83,Other,American,0.0,0,0,0,0,1,1,lunch
16.67,0.0,167.0,1926,0.0,1833.0,USDA,"GARLIC PASTE, GARLIC",0.0,0.0,0.0,0.0,Other,American,0.0,0,0,0,0,1,1,lunch
0.0,1.6,25.0,1927,115.0,41.0,USDA,CRUSHED TOMATOES,6.56,0.0,4.92,1.64,Other,American,0.0,0,1,0,0,1,1,lunch
0.0,1.6,25.0,1928,0.0,459.0,USDA,"TOMATO SAUCE, TOMATO",4.92,0.0,3.28,1.64,Other,American,0.0,0,0,0,0,1,1,lunch
0.0,0.8,17.0,1929,229.0,150.0,USDA,"ITALIAN STYLE DICED TOMATOES IN TOMATO JUICE, ITALIAN STYLE",3.33,0.0,2.5,0.83,Other,American,0.0,0,0,0,0,1,1,breakfast
0.0,6.1,91.0,1930,636.0,61.0,USDA,"TOMATO PASTE, TOMATO",18.18,0.0,12.12,3.03,Other,American,0.0,0,1,0,1,1,1,lunch
5.74,7.02,1490.0,1931,433.0,2.7,IFCT,"Amaranth seed, black",59.98,0.0,0.88,14.59,Indian Food,Indian,1280.0,1,1,0,0,1,1,lunch
5.56,7.47,1489.0,1932,413.0,2.81,IFCT,"Amaranth seed, pale brown",61.46,0.0,0.8,13.27,Indian Food,Indian,1140.0,1,1,0,0,1,1,lunch
5.43,11.49,1456.0,1933,365.0,4.11,IFCT,Bajra,61.78,0.0,0.81,10.96,Indian Food,Indian,875.0,1,1,0,0,1,1,lunch
1.3,15.64,1321.0,1934,268.0,7.56,IFCT,Barley,61.29,0.0,0.06,10.94,Indian Food,Indian,232.0,1,1,0,0,1,1,snack
1.73,10.22,1398.0,1935,328.0,5.42,IFCT,Jowar,67.68,0.0,1.27,9.97,Indian Food,Indian,163.0,1,1,0,0,1,1,lunch
3.77,12.24,1398.0,1936,291.0,4.44,IFCT,"Maize, dry",64.77,0.0,1.66,8.8,Indian Food,Indian,413.0,1,1,0,0,1,1,lunch
1.4,3.67,502.0,1937,167.0,2.24,IFCT,"Maize, tender, local",22.69,0.0,1.47,3.57,Indian Food,Indian,109.0,1,1,1,0,1,1,lunch
1.35,3.3,405.0,1938,297.0,2.23,IFCT,"Maize, tender, sweet",16.42,0.0,4.67,4.16,Indian Food,Indian,123.0,1,1,1,0,1,1,lunch
5.5,14.66,1374.0,1939,474.0,4.5,IFCT,Quinoa,53.65,0.0,1.41,13.11,Indian Food,Indian,570.0,1,1,0,0,1,1,lunch
1.92,11.18,1342.0,1940,443.0,4.75,IFCT,Ragi,66.82,0.0,0.34,7.16,Indian Food,Indian,317.0,1,1,0,0,1,1,lunch
1.14,3.46,1480.0,1941,148.0,2.58,IFCT,Rice flakes,76.75,0.0,0.34,7.44,Indian Food,Indian,284.0,1,1,0,0,1,1,dinner
1.62,2.56,1514.0,1942,140.0,3.69,IFCT,Rice puffed,77.68,0.0,0.64,7.47,Indian Food,Indian,46.84,0,1,0,0,1,1,dinner
1.24,4.43,1480.0,1943,199.0,3.64,IFCT,"Rice, raw, brown",74.8,0.0,0.69,9.16,Indian Food,Indian,346.0,1,1,0,0,1,1,dinner
0.55,3.74,1471.0,1944,142.0,3.16,IFCT,"Rice, parboiled, milled",77.16,0.0,0.67,7.81,Indian Food,Indian,150.0,1,1,0,0,1,1,dinner
0.52,2.81,1491.0,1945,108.0,2.34,IFCT,"Rice, raw, milled",78.24,0.0,0.69,7.94,Indian Food,Indian,184.0,0,1,0,0,1,1,dinner
3.89,7.72,1449.0,1946,105.0,4.77,IFCT,Samai,65.55,0.0,0.37,10.13,Indian Food,Indian,589.0,1,1,0,0,1,1,lunch
2.55,6.39,1388.0,1947,94.0,3.35,IFCT,Varagu,66.19,0.0,1.29,8.92,Indian Food,Indian,246.0,1,1,0,0,1,1,lunch
0.76,2.76,1472.0,1948,148.0,1.54,IFCT,"Wheat flour, refined",74.27,0.0,1.79,10.36,Indian Food,Indian,98.55,0,1,0,0,1,1,lunch
1.53,11.36,1340.0,1949,311.0,2.04,IFCT,"Wheat flour, atta",64.17,0.0,1.8,10.57,Indian Food,Indian,206.0,1,1,0,0,1,1,lunch
1.47,11.23,1347.0,1950,366.0,2.5,IFCT,"Wheat, whole",64.72,0.0,1.77,10.59,Indian Food,Indian,191.0,1,1,0,0,1,1,lunch
1.45,8.81,1430.0,1951,330.0,2.09,IFCT,"Wheat, bulgur",69.06,0.0,1.2,10.84,Indian Food,Indian,196.0,1,1,0,0,1,1,lunch
0.74,9.72,1396.0,1952,284.0,2.31,IFCT,"Wheat, semolina",68.43,0.0,1.65,11.38,Indian Food,Indian,88.87,1,1,0,0,1,1,lunch
0.45,9.28,1392.0,1953,163.0,2.71,IFCT,"Wheat, vermicelli",70.39,0.0,1.68,9.7,Indian Food,Indian,64.59,1,1,0,0,1,1,lunch
0.49,9.55,1423.0,1954,177.0,3.43,IFCT,"Wheat, vermicelli, roasted",71.42,0.0,2.14,10.37,Indian Food,Indian,49.95,1,1,0,0,1,1,dinner
5.31,15.15,1377.0,1955,957.0,20.83,IFCT,"Bengal gram, dal",46.72,0.0,1.03,21.55,Indian Food,Indian,469.0,1,1,0,0,1,1,lunch
5.11,25.22,1201.0,1956,935.0,26.56,IFCT,"Bengal gram, whole",39.56,0.0,0.99,18.77,Indian Food,Indian,453.0,1,1,0,0,1,1,lunch
1.69,11.93,1356.0,1957,1157.0,18.88,IFCT,"Black gram, dal",51.0,0.0,0.84,23.06,Indian Food,Indian,276.0,1,1,0,0,1,1,lunch
1.58,20.41,1219.0,1958,1093.0,26.8,IFCT,"Black gram, whole",43.99,0.0,0.45,21.97,Indian Food,Indian,258.0,1,1,0,0,1,1,lunch
1.15,11.54,1340.0,1959,1241.0,13.68,IFCT,"Cowpea, brown",54.62,0.0,1.6,20.36,Indian Food,Indian,283.0,1,1,0,0,1,1,lunch
1.14,11.7,1340.0,1960,1243.0,12.52,IFCT,"Cowpea, white",53.77,0.0,1.18,21.25,Indian Food,Indian,285.0,1,1,0,0,1,1,lunch
0.92,23.4,1155.0,1961,1272.0,1.35,IFCT,"Field bean, black",43.46,0.0,1.15,19.93,Indian Food,Indian,188.0,1,1,0,0,1,1,lunch
0.98,22.4,1184.0,1962,1245.0,1.41,IFCT,"Field bean, brown",45.24,0.0,1.17,19.9,Indian Food,Indian,198.0,1,1,0,0,1,1,lunch
0.94,22.99,1173.0,1963,1360.0,1.7,IFCT,"Field bean, white",44.53,0.0,1.07,19.84,Indian Food,Indian,186.0,1,1,0,0,1,1,lunch
1.35,9.37,1363.0,1964,1268.0,10.14,IFCT,"Green gram, dal",52.59,0.0,0.95,23.88,Indian Food,Indian,247.0,1,1,0,0,1,1,lunch
1.14,17.04,1229.0,1965,1177.0,12.48,IFCT,"Green gram, whole",46.13,0.0,0.54,22.53,Indian Food,Indian,274.0,1,1,0,0,1,1,lunch
0.62,7.88,1379.0,1966,1065.0,12.14,IFCT,"Horse gram, whole",57.24,0.0,0.35,21.73,Indian Food,Indian,135.0,1,1,0,0,1,1,lunch
0.75,10.43,1349.0,1967,786.0,10.27,IFCT,Lentil dal,52.53,0.0,1.95,24.35,Indian Food,Indian,91.02,1,1,0,0,1,1,lunch
0.64,16.82,1251.0,1968,756.0,11.2,IFCT,"Lentil whole, brown",48.47,0.0,1.63,22.49,Indian Food,Indian,81.22,1,1,0,0,1,1,lunch
0.61,16.66,1246.0,1969,764.0,10.87,IFCT,"Lentil whole, yellowish",47.91,0.0,1.5,22.87,Indian Food,Indian,76.17,1,1,0,0,1,1,lunch
1.76,15.12,1291.0,1970,1356.0,26.34,IFCT,Moth bean,52.09,0.0,1.36,19.75,Indian Food,Indian,434.0,1,1,0,0,1,1,lunch
1.89,17.01,1269.0,1971,922.0,23.4,IFCT,"Peas, dry",48.93,0.0,2.03,20.43,Indian Food,Indian,242.0,1,1,0,0,1,1,lunch
1.62,17.74,1247.0,1972,1362.0,9.4,IFCT,"Rajmah, black",49.59,0.0,2.02,19.01,Indian Food,Indian,238.0,1,1,0,0,1,1,lunch
1.68,16.95,1245.0,1973,1366.0,10.47,IFCT,"Rajmah, brown",48.83,0.0,2.27,19.5,Indian Food,Indian,242.0,1,1,0,0,1,1,lunch
1.77,16.57,1252.0,1974,1324.0,10.45,IFCT,"Rajmah, red",48.61,0.0,1.52,19.91,Indian Food,Indian,256.0,1,1,0,0,1,1,lunch
1.56,9.06,1384.0,1975,1395.0,18.01,IFCT,"Red gram, dal",55.23,0.0,2.08,21.7,Indian Food,Indian,257.0,1,1,0,0,1,1,lunch
1.38,22.84,1146.0,1976,1303.0,19.03,IFCT,"Red gram, whole",42.48,0.0,1.3,20.47,Indian Food,Indian,277.0,1,1,0,0,1,1,lunch
0.74,13.37,1265.0,1977,1196.0,10.62,IFCT,Ricebean,51.26,0.0,1.33,19.97,Indian Food,Indian,172.0,1,1,0,0,1,1,dinner
19.82,21.55,1596.0,1978,1613.0,2.07,IFCT,"Soya bean, brown",12.79,0.0,2.51,35.58,Indian Food,Indian,3092.0,1,1,1,0,1,1,lunch
19.42,22.63,1579.0,1979,1634.0,2.83,IFCT,"Soya bean, white",10.16,0.0,2.2,37.8,Indian Food,Indian,3002.0,1,1,1,0,1,1,lunch
1.35,8.6,295.0,1980,674.0,18.12,IFCT,Agathi leaves,5.21,0.0,0.23,8.01,Indian Food,Indian,490.0,1,1,1,0,1,1,lunch
0.65,4.41,128.0,1981,572.0,16.08,IFCT,"Amaranth leaves, green",2.28,0.0,0.32,3.29,Indian Food,Indian,194.0,1,1,1,0,1,1,lunch
0.63,4.91,140.0,1982,564.0,14.58,IFCT,"Amaranth leaves, red mix",2.37,0.0,0.28,3.93,Indian Food,Indian,210.0,1,1,1,0,1,1,lunch
0.53,4.6,132.0,1983,597.0,17.55,IFCT,"Amaranth leaves, red and green mix",2.87,0.0,0.15,3.09,Indian Food,Indian,197.0,1,1,1,0,1,1,lunch
0.36,5.1,110.0,1984,569.0,15.66,IFCT,"Amaranth spinosus, leaves, green mix",1.61,0.0,0.14,3.54,Indian Food,Indian,85.13,1,1,1,0,1,1,lunch
0.34,5.57,99.0,1985,588.0,16.27,IFCT,"Amaranth spinosus, leaves, red and green mix",1.45,0.0,0.13,2.8,Indian Food,Indian,85.96,1,1,1,0,1,1,lunch
0.45,2.21,82.0,1986,337.0,18.74,IFCT,Basella leaves,2.01,0.0,0.02,1.57,Indian Food,Indian,101.0,0,1,0,0,1,1,lunch
0.44,4.01,116.0,1987,438.0,10.75,IFCT,Bathua leaves,2.56,0.0,0.52,2.5,Indian Food,Indian,120.0,1,1,1,0,1,1,lunch
0.75,3.64,145.0,1988,530.0,111.0,IFCT,Beet greens,3.86,0.0,0.13,2.38,Indian Food,Indian,188.0,1,1,1,0,1,1,lunch
0.75,2.12,202.0,1989,649.0,16.8,IFCT,"Betel leaves, big (kolkata)",7.37,0.0,0.37,2.51,Indian Food,Indian,250.0,0,1,0,0,1,1,lunch
0.75,1.97,183.0,1990,678.0,14.04,IFCT,"Betel leaves, small",6.16,0.0,0.4,2.62,Indian Food,Indian,238.0,0,1,0,0,1,1,lunch
0.5,4.29,185.0,1991,639.0,18.51,IFCT,Brussels sprouts,5.09,0.0,0.17,4.26,Indian Food,Indian,226.0,1,1,1,0,1,1,lunch
0.13,2.01,75.0,1992,258.0,20.28,IFCT,"Cabbage, Chinese",2.36,0.0,0.42,1.58,Indian Food,Indian,33.01,0,1,0,0,1,1,lunch
0.27,2.98,126.0,1993,292.0,22.98,IFCT,"Cabbage, collard greens",2.79,0.0,0.76,3.63,Indian Food,Indian,61.87,0,1,0,0,1,1,lunch
0.12,2.76,90.0,1994,233.0,14.98,IFCT,"Cabbage, green",3.25,0.0,1.0,1.36,Indian Food,Indian,46.54,0,1,0,0,1,1,lunch
0.21,2.21,97.0,1995,201.0,24.0,IFCT,"Cabbage, violet",3.54,0.0,0.8,1.39,Indian Food,Indian,58.42,0,1,0,0,1,1,lunch
0.42,3.43,148.0,1996,374.0,24.31,IFCT,Cauliflower leaves,3.39,0.0,0.61,3.9,Indian Food,Indian,115.0,1,1,1,0,1,1,lunch
1.38,5.6,182.0,1997,404.0,12.08,IFCT,"Colocasia leaves, green",3.69,0.0,0.63,3.42,Indian Food,Indian,426.0,1,1,1,0,1,1,lunch
1.64,8.21,282.0,1998,397.0,9.34,IFCT,Drumstick leaves,5.62,0.0,0.02,6.41,Indian Food,Indian,560.0,1,1,1,0,1,1,lunch
0.83,4.9,144.0,1999,226.0,47.01,IFCT,Fenugreek leaves,2.17,0.0,0.88,3.68,Indian Food,Indian,199.0,1,1,1,0,1,1,lunch
0.8,2.6,208.0,2000,379.0,25.35,IFCT,Garden cress,4.48,0.0,0.92,5.62,Indian Food,Indian,28.68,0,1,0,0,1,1,lunch
1.09,4.59,152.0,2001,260.0,12.34,IFCT,"Gogu leaves, green",4.06,0.0,0.01,1.86,Indian Food,Indian,245.0,1,1,1,0,1,1,lunch
1.07,3.89,153.0,2002,161.0,14.08,IFCT,"Gogu leaves, red",4.24,0.0,0.01,1.85,Indian Food,Indian,243.0,1,1,1,0,1,1,lunch
0.35,2.76,178.0,2003,309.0,26.8,IFCT,"Knol-Khol, leaves",6.16,0.0,0.1,3.12,Indian Food,Indian,107.0,0,1,0,0,1,1,lunch
0.27,1.79,91.0,2004,279.0,17.53,IFCT,Lettuce,3.01,0.0,0.22,1.54,Indian Food,Indian,116.0,0,1,0,0,1,1,lunch
0.51,3.92,127.0,2005,403.0,19.14,IFCT,Mustard leaves,2.41,0.0,0.04,3.52,Indian Food,Indian,142.0,1,1,1,0,1,1,lunch
0.25,1.91,67.0,2006,250.0,33.73,IFCT,Pak Choi leaves,1.78,0.0,0.52,1.41,Indian Food,Indian,38.98,0,1,0,0,1,1,lunch
1.14,3.87,305.0,2007,466.0,53.08,IFCT,Parsley,9.43,0.0,0.69,5.55,Indian Food,Indian,345.0,1,1,1,0,1,1,lunch
0.71,6.74,213.0,2008,457.0,39.36,IFCT,Ponnaganni,5.17,0.0,0.44,5.29,Indian Food,Indian,204.0,1,1,1,0,1,1,lunch
0.74,2.25,185.0,2009,423.0,12.2,IFCT,"Pumpkin leaves, tender",4.75,0.0,0.1,4.21,Indian Food,Indian,267.0,0,1,0,0,1,1,lunch
0.51,1.82,109.0,2010,304.0,17.39,IFCT,Radish leaves,2.77,0.0,0.29,2.22,Indian Food,Indian,147.0,0,1,0,0,1,1,lunch
0.33,1.27,82.0,2011,336.0,19.95,IFCT,Rumex leaves,2.33,0.0,0.45,1.62,Indian Food,Indian,60.92,0,1,0,0,1,1,lunch
0.64,2.38,102.0,2012,625.0,42.55,IFCT,Spinach,2.05,0.0,0.24,2.14,Indian Food,Indian,183.0,0,1,0,0,1,1,lunch
0.49,10.7,299.0,2013,465.0,13.43,IFCT,"Tamarind leaves, tender",10.04,0.0,0.17,5.84,Indian Food,Indian,176.0,1,1,1,0,1,1,lunch
0.14,3.37,73.0,2014,372.0,0.77,IFCT,Ash gourd,2.84,0.0,0.19,0.79,Indian Food,Indian,25.26,1,1,1,0,1,1,lunch
0.35,1.55,68.0,2015,422.0,1.12,IFCT,"Bamboo shoot, tender",1.67,0.0,0.09,1.33,Indian Food,Indian,41.09,0,1,0,0,1,1,lunch
0.99,4.5,179.0,2016,164.0,1.46,IFCT,"Bean scarlet, tender",5.16,0.0,1.03,2.86,Indian Food,Indian,266.0,1,1,1,0,1,1,lunch
0.24,3.78,87.0,2017,326.0,13.09,IFCT,"Bitter gourd, jagged, teeth ridges, elongate",2.82,0.0,0.04,1.44,Indian Food,Indian,144.0,1,1,1,0,1,1,lunch
0.24,3.49,79.0,2018,282.0,12.59,IFCT,"Bitter gourd, jagged, teeth ridges, short",2.53,0.0,0.06,1.34,Indian Food,Indian,139.0,1,1,1,0,1,1,lunch
0.26,3.72,81.0,2019,356.0,11.16,IFCT,"Bitter gourd, jagged, smooth ridges, elongate",2.29,0.0,0.08,1.61,Indian Food,Indian,142.0,1,1,1,0,1,1,lunch
0.13,2.12,46.0,2020,124.0,1.46,IFCT,"Bottle gourd, elongate, pale green",1.68,0.0,0.36,0.53,Indian Food,Indian,41.44,0,1,0,0,1,1,lunch
0.12,2.1,57.0,2021,116.0,1.52,IFCT,"Bottle gourd, round, pale green",2.53,0.0,0.34,0.42,Indian Food,Indian,41.07,0,1,0,0,1,1,lunch
0.13,2.11,54.0,2022,171.0,1.35,IFCT,"Bottle gourd, elongate, dark green",2.25,0.0,0.39,0.49,Indian Food,Indian,42.04,0,1,0,0,1,1,lunch
0.39,3.57,114.0,2023,302.0,3.15,IFCT,Brinjal-1,3.49,0.0,0.88,1.77,Indian Food,Indian,94.53,1,1,1,0,1,1,lunch
0.34,4.01,99.0,2024,206.0,3.92,IFCT,Brinjal-2,2.71,0.0,0.98,1.82,Indian Food,Indian,88.11,1,1,1,0,1,1,lunch
0.33,4.26,102.0,2025,192.0,3.12,IFCT,Brinjal-3,3.38,0.0,0.93,1.36,Indian Food,Indian,72.34,1,1,1,0,1,1,lunch
0.31,4.04,100.0,2026,268.0,3.31,IFCT,Brinjal-4,3.19,0.0,0.86,1.51,Indian Food,Indian,66.91,1,1,1,0,1,1,lunch
0.29,4.13,111.0,2027,227.0,4.03,IFCT,Brinjal-5,4.02,0.0,0.99,1.38,Indian Food,Indian,69.24,1,1,1,0,1,1,lunch
0.29,3.68,97.0,2028,289.0,3.75,IFCT,Brinjal-6,3.29,0.0,1.0,1.46,Indian Food,Indian,70.99,1,1,1,0,1,1,lunch
0.37,3.32,98.0,2029,238.0,3.45,IFCT,Brinjal-7,3.1,0.0,1.38,1.4,Indian Food,Indian,71.72,1,1,1,0,1,1,lunch
0.33,4.01,117.0,2030,284.0,4.73,IFCT,Brinjal-8,3.75,0.0,0.79,1.82,Indian Food,Indian,68.17,1,1,1,0,1,1,lunch
0.35,4.0,106.0,2031,224.0,3.08,IFCT,Brinjal-9,3.52,0.0,0.91,1.47,Indian Food,Indian,80.49,1,1,1,0,1,1,lunch
0.25,3.9,116.0,2032,252.0,4.35,IFCT,Brinjal-10,4.08,0.0,0.86,1.68,Indian Food,Indian,66.0,1,1,1,0,1,1,lunch
0.31,4.12,105.0,2033,260.0,3.47,IFCT,Brinjal-11,3.53,0.0,1.05,1.43,Indian Food,Indian,68.14,1,1,1,0,1,1,lunch
0.27,3.89,93.0,2034,259.0,3.88,IFCT,Brinjal-12,2.73,0.0,1.22,1.6,Indian Food,Indian,68.52,1,1,1,0,1,1,lunch
0.31,3.92,124.0,2035,260.0,3.0,IFCT,Brinjal-13,4.51,0.0,1.15,1.49,Indian Food,Indian,82.96,1,1,1,0,1,1,lunch
0.35,3.87,106.0,2036,246.0,3.71,IFCT,Brinjal-14,3.27,0.0,0.88,1.56,Indian Food,Indian,59.14,1,1,1,0,1,1,lunch
0.29,3.99,114.0,2037,215.0,3.34,IFCT,Brinjal-15,3.96,0.0,0.82,1.58,Indian Food,Indian,67.08,1,1,1,0,1,1,lunch
0.34,3.74,103.0,2038,294.0,3.22,IFCT,Brinjal-16,3.46,0.0,0.99,1.26,Indian Food,Indian,83.65,1,1,1,0,1,1,lunch
0.36,3.94,91.0,2039,233.0,3.09,IFCT,Brinjal-17,2.89,0.0,0.85,1.18,Indian Food,Indian,81.14,1,1,1,0,1,1,lunch
0.33,4.38,116.0,2040,208.0,3.63,IFCT,Brinjal-18,4.1,0.0,1.44,1.47,Indian Food,Indian,69.18,1,1,1,0,1,1,lunch
0.31,3.97,100.0,2041,243.0,3.11,IFCT,Brinjal-19,3.39,0.0,0.96,1.26,Indian Food,Indian,59.27,1,1,1,0,1,1,lunch
0.34,3.73,99.0,2042,239.0,3.58,IFCT,Brinjal-20,3.15,0.0,0.76,1.44,Indian Food,Indian,79.91,1,1,1,0,1,1,lunch
0.35,3.85,113.0,2043,252.0,3.06,IFCT,Brinjal-21,3.93,0.0,0.93,1.36,Indian Food,Indian,88.28,1,1,1,0,1,1,lunch
0.32,3.98,106.0,2044,247.0,3.55,IFCT,Brinjal - all varieties,3.52,0.0,0.97,1.48,Indian Food,Indian,71.15,1,1,1,0,1,1,lunch
0.15,8.63,123.0,2045,362.0,20.74,IFCT,Broad beans,2.11,0.0,1.22,3.85,Indian Food,Indian,42.62,1,1,1,0,1,1,lunch
0.34,2.06,68.0,2046,154.0,1.84,IFCT,"Capsicum, green",1.84,0.0,0.86,1.11,Indian Food,Indian,77.03,0,1,0,0,1,1,lunch
0.47,2.19,83.0,2047,224.0,1.7,IFCT,"Capsicum, red",2.14,0.0,0.93,1.47,Indian Food,Indian,86.39,0,1,0,0,1,1,lunch
0.41,2.19,78.0,2048,242.0,1.56,IFCT,"Capsicum, yellow",1.95,0.0,0.97,1.35,Indian Food,Indian,102.0,0,1,0,0,1,1,lunch
0.44,3.71,96.0,2049,329.0,30.72,IFCT,Cauliflower,2.03,0.0,0.47,2.15,Indian Food,Indian,117.0,1,1,1,0,1,1,lunch
0.24,2.09,69.0,2050,298.0,10.68,IFCT,Celery stalk,2.33,0.0,0.75,0.98,Indian Food,Indian,62.76,0,1,0,0,1,1,lunch
0.15,1.55,79.0,2051,120.0,1.28,IFCT,Cho-cho-marrow,3.47,0.0,0.76,0.66,Indian Food,Indian,76.12,0,1,0,0,1,1,lunch
0.37,4.83,168.0,2052,301.0,4.05,IFCT,Cluster beans,4.91,0.0,0.12,3.55,Indian Food,Indian,107.0,1,1,1,0,1,1,lunch
0.34,3.01,100.0,2053,381.0,0.45,IFCT,"Colocasia, stem, black",3.83,0.0,0.53,0.76,Indian Food,Indian,103.0,1,1,1,0,1,1,lunch
0.22,2.33,81.0,2054,414.0,0.6,IFCT,"Colocasia, stem, green",2.86,0.0,0.25,0.91,Indian Food,Indian,67.53,0,1,0,0,1,1,lunch
1.33,6.09,306.0,2055,260.0,1.4,IFCT,"Corn, Baby",11.66,0.0,0.49,2.69,Indian Food,Indian,211.0,1,1,1,0,1,1,lunch
0.16,2.14,82.0,2056,183.0,6.33,IFCT,"Cucumber, green, elongate",3.48,0.0,0.27,0.71,Indian Food,Indian,64.17,0,1,0,0,1,1,lunch
0.18,2.13,73.0,2057,198.0,6.11,IFCT,"Cucumber, green, short",2.82,0.0,0.21,0.83,Indian Food,Indian,67.77,0,1,0,0,1,1,lunch
0.24,2.46,82.0,2058,185.0,8.16,IFCT,"Cucumber, orange, round",3.01,0.0,0.22,0.98,Indian Food,Indian,71.9,0,1,0,0,1,1,lunch
0.12,6.83,123.0,2059,419.0,22.38,IFCT,Drumstick,3.76,0.0,1.47,2.62,Indian Food,Indian,29.05,1,1,1,0,1,1,lunch
0.64,5.64,129.0,2060,345.0,14.14,IFCT,"Field beans, tender, broad",2.75,0.0,0.95,3.06,Indian Food,Indian,182.0,1,1,1,0,1,1,lunch
0.6,6.19,140.0,2061,314.0,12.76,IFCT,"Field beans, tender, lean",2.85,0.0,0.76,3.71,Indian Food,Indian,175.0,1,1,1,0,1,1,lunch
0.26,4.38,102.0,2062,324.0,8.84,IFCT,"French beans, country",2.68,0.0,1.06,2.49,Indian Food,Indian,71.07,1,1,1,0,1,1,lunch
0.19,4.18,93.0,2063,317.0,9.18,IFCT,"French beans, hybrid",2.63,0.0,1.0,2.12,Indian Food,Indian,66.8,1,1,1,0,1,1,lunch
0.35,7.69,110.0,2064,327.0,3.53,IFCT,"Jack fruit, raw",3.48,0.0,2.02,1.98,Indian Food,Indian,47.36,1,1,1,0,1,1,snack
0.44,8.63,322.0,2065,376.0,4.0,IFCT,"Jack fruit, seed, mature",11.81,0.0,2.23,5.79,Indian Food,Indian,146.0,1,1,1,0,1,1,snack
0.35,2.75,67.0,2066,327.0,27.46,IFCT,Knol - Khol,1.39,0.0,0.43,1.58,Indian Food,Indian,97.4,0,1,0,0,1,1,lunch
0.24,3.0,73.0,2067,198.0,1.53,IFCT,"Kovai, big",2.01,0.0,0.98,1.39,Indian Food,Indian,68.84,0,1,0,0,1,1,lunch
0.24,3.25,80.0,2068,167.0,2.2,IFCT,"Kovai, small",2.41,0.0,1.07,1.22,Indian Food,Indian,75.33,1,1,1,0,1,1,lunch
0.22,4.08,115.0,2069,263.0,7.37,IFCT,Ladies finger,3.62,0.0,0.48,2.08,Indian Food,Indian,69.37,1,1,1,0,1,1,lunch
0.08,3.01,205.0,2070,147.0,33.15,IFCT,"Mango, green, raw",10.59,0.0,2.42,0.69,Indian Food,Indian,27.28,1,1,1,0,1,1,lunch
0.26,5.21,107.0,2071,312.0,15.52,IFCT,"Onion, stalk",2.99,0.0,0.41,2.07,Indian Food,Indian,92.08,1,1,1,0,1,1,lunch
0.23,2.28,100.0,2072,173.0,7.55,IFCT,"Papaya, raw",4.4,0.0,3.63,0.5,Indian Food,Indian,69.15,0,1,0,0,1,1,lunch
0.3,2.61,101.0,2073,117.0,2.29,IFCT,Parwar,3.54,0.0,0.37,1.4,Indian Food,Indian,95.93,0,1,0,0,1,1,lunch
0.13,6.32,340.0,2074,249.0,3.66,IFCT,"Peas, fresh",11.88,0.0,0.97,7.25,Indian Food,Indian,19.01,1,1,1,0,1,1,lunch
0.63,5.25,89.0,2075,488.0,7.51,IFCT,"Plantain, flower",2.15,0.0,0.17,1.47,Indian Food,Indian,273.0,1,1,1,0,1,1,lunch
0.23,3.6,334.0,2076,402.0,18.57,IFCT,"Plantain, green",17.58,0.0,0.86,1.18,Indian Food,Indian,57.13,1,1,1,0,1,1,lunch
0.16,2.12,165.0,2077,373.0,23.17,IFCT,"Plantain, stem",8.64,0.0,0.65,0.35,Indian Food,Indian,27.45,0,1,0,0,1,1,lunch
0.18,2.53,103.0,2078,186.0,5.21,IFCT,"Pumpkin, green, cylindrical",4.22,0.0,2.9,0.87,Indian Food,Indian,53.32,0,1,0,0,1,1,lunch
0.16,2.56,97.0,2079,253.0,8.81,IFCT,"Pumpkin, orange, round",4.0,0.0,2.97,0.84,Indian Food,Indian,44.58,0,1,0,0,1,1,lunch
0.92,5.9,520.0,2080,616.0,2.54,IFCT,"Red gram, tender, fresh",19.46,0.0,0.55,8.09,Indian Food,Indian,211.0,1,1,1,0,1,1,lunch
0.14,1.81,55.0,2081,118.0,4.71,IFCT,Ridge gourd,1.72,0.0,0.62,0.91,Indian Food,Indian,54.49,0,1,0,0,1,1,lunch
0.13,1.85,64.0,2082,125.0,6.27,IFCT,"Ridge gourd, smooth skin",2.24,0.0,0.41,0.98,Indian Food,Indian,43.07,0,1,0,0,1,1,lunch
0.25,2.27,52.0,2083,100.0,7.07,IFCT,"Snake gourd, long, pale green",1.27,0.0,0.42,0.98,Indian Food,Indian,94.9,0,1,0,0,1,1,lunch
0.25,2.27,50.0,2084,104.0,5.04,IFCT,"Snake gourd, long, dark green",1.23,0.0,0.45,0.89,Indian Food,Indian,95.87,0,1,0,0,1,1,lunch
0.26,2.29,61.0,2085,84.0,2.5,IFCT,"Snake gourd, short",2.15,0.0,0.46,0.54,Indian Food,Indian,100.0,0,1,0,0,1,1,lunch
0.17,2.0,58.0,2086,56.18,20.61,IFCT,"Tinda, tender",1.9,0.0,0.44,1.02,Indian Food,Indian,48.97,0,1,0,0,1,1,lunch
0.27,1.62,87.0,2087,225.0,13.11,IFCT,"Tomato, green",3.18,0.0,0.83,1.12,Indian Food,Indian,46.91,0,1,0,0,1,1,lunch
0.25,1.58,79.0,2088,167.0,11.86,IFCT,"Tomato, ripe, hybrid",3.2,0.0,1.82,0.76,Indian Food,Indian,47.65,0,1,0,0,1,1,lunch
0.47,1.77,82.0,2089,204.0,9.73,IFCT,"Tomato, ripe, local",2.71,0.0,1.34,0.9,Indian Food,Indian,79.56,0,1,0,0,1,1,lunch
0.51,2.3,84.0,2090,178.0,0.4,IFCT,"Zucchini, green",2.33,0.0,0.14,1.1,Indian Food,Indian,119.0,0,1,0,0,1,1,lunch
0.44,1.84,79.0,2091,131.0,0.39,IFCT,"Zucchini, yellow",2.2,0.0,0.29,1.31,Indian Food,Indian,56.92,0,1,0,0,1,1,lunch
0.64,2.59,261.0,2092,116.0,1.43,IFCT,"Apple, big",13.11,0.0,9.53,0.29,Indian Food,Indian,154.0,0,1,0,0,1,1,lunch
0.5,2.54,214.0,2093,94.55,1.47,IFCT,"Apple, green",10.65,0.0,8.39,0.46,Indian Food,Indian,116.0,0,1,0,0,1,1,lunch
0.53,2.06,267.0,2094,100.0,1.45,IFCT,"Apple, small",13.95,0.0,9.8,0.31,Indian Food,Indian,149.0,0,1,0,0,1,1,lunch
0.6,2.07,269.0,2095,106.0,1.22,IFCT,"Apple, small, Kashmir",13.99,0.0,9.15,0.27,Indian Food,Indian,176.0,0,1,0,0,1,1,lunch
0.74,3.32,1321.0,2096,285.0,3.94,IFCT,"Apricot, dried",72.63,0.0,25.72,3.17,Indian Food,Indian,200.0,0,1,0,0,1,1,lunch
0.64,0.59,236.0,2097,95.0,1.6,IFCT,"Apricot, processed",10.93,0.0,4.36,1.47,Indian Food,Indian,185.0,0,1,0,0,1,1,lunch
13.86,6.69,604.0,2098,377.0,2.81,IFCT,Avocado fruit,1.75,0.0,1.65,2.95,Indian Food,Indian,1237.0,1,1,1,0,1,1,snack
0.57,6.31,569.0,2099,409.0,1.56,IFCT,Bael fruit,28.21,0.0,16.35,2.63,Indian Food,Indian,190.0,0,1,0,0,1,1,snack
0.32,2.21,463.0,2100,362.0,1.25,IFCT,"Banana, ripe, montham",24.95,0.0,14.9,1.25,Indian Food,Indian,110.0,0,1,0,0,1,1,lunch
0.35,2.33,445.0,2101,335.0,1.0,IFCT,"Banana, ripe, poovam",23.41,0.0,12.54,1.49,Indian Food,Indian,113.0,0,1,0,0,1,1,lunch
0.29,1.98,467.0,2102,313.0,1.11,IFCT,"Banana, ripe, red",25.21,0.0,14.57,1.29,Indian Food,Indian,106.0,0,1,0,0,1,1,lunch
0.33,1.94,440.0,2103,306.0,0.85,IFCT,"Banana, ripe, robusta",23.63,0.0,13.65,1.23,Indian Food,Indian,114.0,0,1,0,0,1,1,lunch
0.63,4.35,227.0,2104,205.0,1.21,IFCT,Black berry,10.64,0.0,7.61,0.92,Indian Food,Indian,195.0,0,1,0,0,1,1,lunch
0.46,2.12,250.0,2105,165.0,1.64,IFCT,"Cherries, red",11.87,0.0,10.72,1.49,Indian Food,Indian,125.0,0,1,0,0,1,1,lunch
0.53,4.07,227.0,2106,283.0,1.45,IFCT,"Currants, black",9.93,0.0,6.33,1.51,Indian Food,Indian,83.33,0,1,0,0,1,1,lunch
0.67,5.1,414.0,2107,278.0,3.11,IFCT,Custard apple,20.38,0.0,13.35,1.62,Indian Food,Indian,138.0,0,1,0,0,1,1,lunch
0.35,8.95,1340.0,2108,804.0,3.27,IFCT,"Dates, dry, pale brown",74.91,0.0,66.63,2.45,Indian Food,Indian,97.03,0,1,0,0,1,1,lunch
0.35,9.1,1301.0,2109,782.0,3.09,IFCT,"Dates, dry, dark brown",72.67,0.0,68.84,2.38,Indian Food,Indian,114.0,0,1,0,0,1,1,lunch
0.41,6.52,1197.0,2110,289.0,1.6,IFCT,"Dates, processed",67.95,0.0,56.96,1.18,Indian Food,Indian,149.0,0,1,0,0,1,1,lunch
0.37,4.64,341.0,2111,231.0,2.37,IFCT,Fig,16.28,0.0,8.64,2.03,Indian Food,Indian,89.44,0,1,0,0,1,1,lunch
0.16,7.75,99.0,2112,223.0,1.37,IFCT,Goosberry,4.39,0.0,3.39,0.34,Indian Food,Indian,38.48,1,1,1,0,1,1,lunch
0.32,1.35,254.0,2113,171.0,1.93,IFCT,"Grapes, seeded, round, black",13.23,0.0,10.02,0.76,Indian Food,Indian,106.0,0,1,0,0,1,1,lunch
0.29,1.25,235.0,2114,166.0,1.89,IFCT,"Grapes, seeded, round, green",12.19,0.0,9.59,0.77,Indian Food,Indian,92.42,0,1,0,0,1,1,lunch
0.29,1.28,244.0,2115,188.0,1.59,IFCT,"Grapes, seeded, round, red",12.55,0.0,10.47,0.95,Indian Food,Indian,92.04,0,1,0,0,1,1,lunch
0.46,1.64,395.0,2116,237.0,1.83,IFCT,"Grapes, seedless, oval, black",20.48,0.0,9.19,1.41,Indian Food,Indian,45.63,0,1,0,0,1,1,lunch
0.26,1.28,224.0,2117,168.0,1.81,IFCT,"Grapes, seedless, round, green",11.81,0.0,9.6,0.62,Indian Food,Indian,87.11,0,1,0,0,1,1,lunch
0.35,1.15,374.0,2118,235.0,1.92,IFCT,"Grapes, seedless, round, black",19.86,0.0,10.88,1.24,Indian Food,Indian,129.0,0,1,0,0,1,1,lunch
0.32,8.59,135.0,2119,283.0,2.87,IFCT,"Guava, white flesh",5.13,0.0,4.1,1.44,Indian Food,Indian,49.3,1,1,1,0,1,1,lunch
0.25,7.39,195.0,2120,270.0,1.89,IFCT,"Guava, pink flesh",9.14,0.0,7.79,1.19,Indian Food,Indian,27.18,0,1,0,0,1,1,lunch
0.15,3.62,302.0,2121,279.0,1.62,IFCT,"Jack fruit, ripe",14.01,0.0,12.21,2.74,Indian Food,Indian,37.66,0,1,0,0,1,1,snack
0.17,3.07,235.0,2122,103.0,2.64,IFCT,"Jambu fruit, ripe",12.3,0.0,6.84,0.82,Indian Food,Indian,66.49,0,1,0,0,1,1,snack
1.67,7.25,141.0,2123,351.0,2.55,IFCT,Karonda fruit,2.87,0.0,1.75,1.15,Indian Food,Indian,66.81,1,1,1,0,1,1,snack
0.75,0.0,153.0,2124,113.0,1.21,IFCT,"Lemon, juice",0.0,0.0,2.59,0.41,Indian Food,Indian,202.0,0,1,0,0,1,1,breakfast
0.2,2.07,114.0,2125,182.0,1.17,IFCT,"Lime, sweet, pulp",5.18,0.0,3.42,0.76,Indian Food,Indian,76.4,0,1,0,0,1,1,lunch
0.26,1.34,225.0,2126,161.0,0.54,IFCT,Litchi,11.41,0.0,9.3,0.99,Indian Food,Indian,91.48,0,1,0,0,1,1,lunch
0.55,1.88,175.0,2127,144.0,1.34,IFCT,"Mango, ripe, banganapalli",8.18,0.0,7.77,0.54,Indian Food,Indian,170.0,0,1,0,0,1,1,lunch
0.53,1.67,209.0,2128,115.0,1.39,IFCT,"Mango, ripe, gulabkhas",10.32,0.0,8.13,0.52,Indian Food,Indian,180.0,0,1,0,0,1,1,lunch
0.54,1.55,187.0,2129,137.0,1.31,IFCT,"Mango, ripe, himsagar",9.03,0.0,8.06,0.46,Indian Food,Indian,174.0,0,1,0,0,1,1,lunch
0.57,2.02,231.0,2130,143.0,1.43,IFCT,"Mango, ripe, kesar",11.36,0.0,9.0,0.54,Indian Food,Indian,172.0,0,1,0,0,1,1,lunch
0.55,1.77,178.0,2131,137.0,1.2,IFCT,"Mango, ripe, neelam",8.21,0.0,7.94,0.68,Indian Food,Indian,178.0,0,1,0,0,1,1,lunch
0.58,1.97,188.0,2132,153.0,1.63,IFCT,"Mango, ripe, paheri",8.67,0.0,8.48,0.68,Indian Food,Indian,186.0,0,1,0,0,1,1,lunch
0.49,1.73,248.0,2133,160.0,1.32,IFCT,"Mango, ripe, totapari",12.75,0.0,9.24,0.41,Indian Food,Indian,175.0,0,1,0,0,1,1,lunch
0.24,1.87,219.0,2134,46.93,3.79,IFCT,Mangosteen,11.41,0.0,8.91,0.63,Indian Food,Indian,176.0,0,1,0,0,1,1,lunch
1.14,4.4,342.0,2135,376.0,1.35,IFCT,Manila tamarind,13.54,0.0,12.13,3.56,Indian Food,Indian,27.81,0,1,0,0,1,1,lunch
0.35,1.51,97.0,2136,206.0,14.94,IFCT,"Musk melon, orange flesh",4.24,0.0,2.99,0.42,Indian Food,Indian,92.94,0,1,0,0,1,1,lunch
0.26,1.49,116.0,2137,196.0,15.78,IFCT,"Musk melon, yellow flesh",5.4,0.0,2.36,0.53,Indian Food,Indian,79.0,0,1,0,0,1,1,lunch
0.13,1.29,156.0,2138,164.0,1.47,IFCT,"Orange, pulp",7.92,0.0,6.86,0.7,Indian Food,Indian,37.11,0,1,0,0,1,1,lunch
0.12,2.4,101.0,2139,158.0,1.25,IFCT,"Palm fruit, tender",4.92,0.0,0.19,0.5,Indian Food,Indian,33.36,0,1,0,0,1,1,snack
0.16,2.83,100.0,2140,173.0,6.68,IFCT,"Papaya, ripe",4.61,0.0,4.09,0.42,Indian Food,Indian,56.08,0,1,0,0,1,1,lunch
0.37,2.13,168.0,2141,281.0,1.15,IFCT,Peach,7.82,0.0,6.95,0.86,Indian Food,Indian,23.9,0,1,0,0,1,1,lunch
0.27,4.48,157.0,2142,106.0,1.64,IFCT,Pear,8.09,0.0,7.39,0.36,Indian Food,Indian,75.94,0,1,0,0,1,1,lunch
0.14,4.54,299.0,2143,362.0,1.99,IFCT,Phalsa,15.09,0.0,13.0,1.66,Indian Food,Indian,164.0,0,1,0,0,1,1,lunch
0.16,3.46,180.0,2144,143.0,1.43,IFCT,Pineapple,9.42,0.0,8.56,0.52,Indian Food,Indian,51.09,0,1,0,0,1,1,lunch
0.4,2.07,238.0,2145,162.0,1.55,IFCT,Plum,12.1,0.0,10.13,0.64,Indian Food,Indian,20.05,0,1,0,0,1,1,lunch
0.15,2.83,229.0,2146,206.0,2.13,IFCT,"Pomegranate, maroon seeds",11.58,0.0,10.87,1.33,Indian Food,Indian,42.5,0,1,0,0,1,1,lunch
0.42,0.8,210.0,2147,189.0,1.06,IFCT,Pummelo,10.64,0.0,4.38,0.68,Indian Food,Indian,115.0,0,1,0,0,1,1,lunch
0.34,3.92,1279.0,2148,1105.0,10.99,IFCT,"Raisins, dried, black",71.29,0.0,61.51,2.57,Indian Food,Indian,62.47,0,1,0,0,1,1,lunch
0.35,4.56,1241.0,2149,913.0,10.16,IFCT,"Raisins, dried, golden",68.79,0.0,57.12,2.76,Indian Food,Indian,121.0,0,1,0,0,1,1,lunch
0.16,1.02,306.0,2150,131.0,1.75,IFCT,Rambutan,16.84,0.0,15.8,0.68,Indian Food,Indian,144.0,0,1,0,0,1,1,lunch
1.26,9.6,307.0,2151,280.0,4.61,IFCT,Sapota,13.9,0.0,12.3,0.92,Indian Food,Indian,389.0,0,1,0,0,1,1,lunch
0.94,4.95,260.0,2152,264.0,6.78,IFCT,Soursop,11.94,0.0,9.83,0.74,Indian Food,Indian,135.0,0,1,0,0,1,1,lunch
0.39,2.81,110.0,2153,159.0,1.56,IFCT,Star fruit,4.51,0.0,3.95,0.79,Indian Food,Indian,20.77,0,1,0,0,1,1,snack
0.56,2.5,103.0,2154,140.0,1.19,IFCT,Strawberry,3.4,0.0,3.56,0.97,Indian Food,Indian,66.21,0,1,0,0,1,1,lunch
0.15,5.31,1207.0,2155,836.0,24.92,IFCT,"Tamarind, pulp",67.35,0.0,52.88,2.92,Indian Food,Indian,27.26,0,1,0,0,1,1,lunch
0.16,0.7,85.0,2156,124.0,1.89,IFCT,"Water melon, dark green (sugar baby)",3.86,0.0,3.66,0.6,Indian Food,Indian,39.7,0,1,0,0,1,1,lunch
0.16,0.78,70.0,2157,126.0,1.62,IFCT,"Water melon, pale green",3.02,0.0,3.0,0.59,Indian Food,Indian,50.33,0,1,0,0,1,1,lunch
3.62,5.21,327.0,2158,347.0,1.48,IFCT,Wood Apple,7.52,0.0,3.81,3.14,Indian Food,Indian,877.0,1,1,1,0,1,1,lunch
0.35,3.73,204.0,2159,237.0,1.52,IFCT,Zizyphus,9.4,0.0,8.29,1.34,Indian Food,Indian,119.0,0,1,0,0,1,1,lunch
0.14,3.31,149.0,2160,306.0,69.44,IFCT,Beet root,6.18,0.0,4.35,1.95,Indian Food,Indian,31.17,1,1,1,0,1,1,lunch
0.47,4.18,139.0,2161,273.0,52.33,IFCT,"Carrot, orange",5.55,0.0,3.23,0.95,Indian Food,Indian,87.71,1,1,1,0,1,1,lunch
0.47,4.49,160.0,2162,267.0,60.69,IFCT,"Carrot, red",6.71,0.0,3.96,1.04,Indian Food,Indian,88.91,1,1,1,0,1,1,lunch
0.17,3.22,372.0,2163,514.0,4.54,IFCT,Colocasia,17.85,0.0,0.9,3.31,Indian Food,Indian,41.84,1,1,1,0,1,1,lunch
0.93,4.7,332.0,2164,611.0,20.63,IFCT,Lotus root,14.67,0.0,0.24,1.94,Indian Food,Indian,249.0,1,1,1,0,1,1,lunch
0.23,1.71,292.0,2165,541.0,4.11,IFCT,"Potato, brown skin, big",14.89,0.0,0.32,1.54,Indian Food,Indian,43.56,0,1,0,0,1,1,lunch
0.22,1.69,255.0,2166,474.0,3.97,IFCT,"Potato, brown skin, small",12.9,0.0,0.44,1.35,Indian Food,Indian,44.03,0,1,0,0,1,1,lunch
0.22,1.68,306.0,2167,501.0,4.36,IFCT,"Potato, red skin",15.43,0.0,0.38,1.83,Indian Food,Indian,39.87,0,1,0,0,1,1,lunch
0.13,2.46,134.0,2168,255.0,24.73,IFCT,"Radish, elongate, red skin",6.71,0.0,1.15,0.67,Indian Food,Indian,42.65,0,1,0,0,1,1,lunch
0.15,2.65,135.0,2169,288.0,28.2,IFCT,"Radish, elongate, white skin",6.56,0.0,0.95,0.77,Indian Food,Indian,43.88,0,1,0,0,1,1,lunch
0.16,2.29,130.0,2170,308.0,32.27,IFCT,"Radish, round, red skin",6.07,0.0,0.86,0.89,Indian Food,Indian,46.08,0,1,0,0,1,1,lunch
0.14,2.37,129.0,2171,287.0,24.14,IFCT,"Radish, round, white skin",6.13,0.0,1.16,0.8,Indian Food,Indian,41.15,0,1,0,0,1,1,lunch
0.26,3.99,456.0,2172,345.0,29.6,IFCT,"Sweet potato, brown skin",24.25,0.0,3.63,1.33,Indian Food,Indian,66.1,1,1,1,0,1,1,lunch
0.33,3.94,452.0,2173,329.0,29.04,IFCT,"Sweet potato, pink skin",23.93,0.0,4.03,1.27,Indian Food,Indian,101.0,1,1,1,0,1,1,lunch
0.2,4.61,334.0,2174,255.0,10.86,IFCT,Tapioca,17.81,0.0,2.14,1.03,Indian Food,Indian,59.5,1,1,1,0,1,1,lunch
0.37,3.02,400.0,2175,382.0,13.08,IFCT,Water Chestnut,21.46,0.0,1.95,0.86,Indian Food,Indian,87.42,1,1,1,0,1,1,snack
0.14,4.17,353.0,2176,501.0,14.33,IFCT,"Yam, elephant",17.46,0.0,1.58,2.56,Indian Food,Indian,35.72,1,1,1,0,1,1,lunch
0.17,4.08,349.0,2177,463.0,15.28,IFCT,"Yam, ordinary",17.65,0.0,1.15,2.18,Indian Food,Indian,42.63,1,1,1,0,1,1,lunch
0.3,4.57,430.0,2178,654.0,12.8,IFCT,"Yam, wild",20.95,0.0,1.54,3.07,Indian Food,Indian,79.51,1,1,1,0,1,1,lunch
0.73,4.86,191.0,2179,431.0,3.32,IFCT,"Chillies, green-1",6.32,0.0,0.71,2.62,Indian Food,Indian,126.0,1,1,1,0,1,1,lunch
0.75,5.13,167.0,2180,321.0,2.47,IFCT,"Chillies, green-2",5.27,0.0,1.05,2.28,Indian Food,Indian,131.0,1,1,1,0,1,1,lunch
0.75,5.1,169.0,2181,317.0,2.56,IFCT,"Chillies, green-3",5.23,0.0,0.54,2.38,Indian Food,Indian,133.0,1,1,1,0,1,1,lunch
0.74,4.15,190.0,2182,318.0,1.94,IFCT,"Chillies, green-4",6.63,0.0,0.62,2.33,Indian Food,Indian,148.0,1,1,1,0,1,1,lunch
0.65,3.95,180.0,2183,317.0,2.19,IFCT,"Chillies, green-5",6.64,0.0,0.46,2.01,Indian Food,Indian,109.0,1,1,1,0,1,1,lunch
0.64,5.15,175.0,2184,340.0,2.43,IFCT,"Chillies, green-6",5.31,0.0,0.59,3.01,Indian Food,Indian,121.0,1,1,1,0,1,1,lunch
0.6,4.95,163.0,2185,319.0,2.0,IFCT,"Chillies, green-7",5.61,0.0,0.73,2.12,Indian Food,Indian,102.0,1,1,1,0,1,1,lunch
0.72,4.77,177.0,2186,341.0,2.5,IFCT,"Chillies, green - all varieties",5.86,0.0,0.67,2.36,Indian Food,Indian,129.0,1,1,1,0,1,1,lunch
0.7,4.66,130.0,2187,546.0,37.0,IFCT,Coriander leaves,1.93,0.0,0.17,3.52,Indian Food,Indian,228.0,1,1,1,0,1,1,lunch
1.06,16.83,266.0,2188,584.0,18.66,IFCT,Curry leaves,4.51,0.0,0.6,7.41,Indian Food,Indian,267.0,1,1,1,0,1,1,dinner
0.16,5.22,518.0,2189,430.0,9.42,IFCT,"Garlic, big clove",21.93,0.0,5.97,6.92,Indian Food,Indian,33.52,0,1,0,0,1,1,lunch
0.14,5.47,514.0,2190,453.0,10.56,IFCT,"Garlic, small clove",21.84,0.0,4.84,6.75,Indian Food,Indian,32.63,1,1,1,0,1,1,lunch
0.16,4.01,523.0,2191,584.0,8.87,IFCT,"Garlic, single clove, Kashmir",23.46,0.0,3.73,6.12,Indian Food,Indian,34.76,1,1,1,0,1,1,lunch
0.85,5.36,230.0,2192,407.0,10.03,IFCT,"Ginger, fresh",8.97,0.0,1.31,2.22,Indian Food,Indian,231.0,1,1,1,0,1,1,lunch
0.7,4.74,177.0,2193,384.0,5.51,IFCT,Mango ginger,6.98,0.0,2.42,1.45,Indian Food,Indian,177.0,1,1,1,0,1,1,lunch
0.65,5.89,155.0,2194,539.0,16.87,IFCT,Mint leaves,2.39,0.0,0.08,4.66,Indian Food,Indian,125.0,1,1,1,0,1,1,lunch
0.24,2.45,201.0,2195,171.0,5.5,IFCT,"Onion, big",9.56,0.0,5.88,1.5,Indian Food,Indian,60.81,0,1,0,0,1,1,lunch
0.16,1.16,237.0,2196,160.0,4.06,IFCT,"Onion, small",11.58,0.0,5.62,1.82,Indian Food,Indian,41.01,0,1,0,0,1,1,lunch
1.26,5.13,1387.0,2197,245.0,16.04,IFCT,Asafoetida,71.95,0.0,0.93,6.34,Indian Food,Indian,242.0,1,1,0,0,1,1,lunch
2.6,23.1,1067.0,2198,1262.0,15.51,IFCT,"Cardamom, green",47.76,0.0,4.28,8.1,Indian Food,Indian,624.0,1,1,0,0,1,1,lunch
2.8,23.46,1132.0,2199,1331.0,16.25,IFCT,"Cardamom, black",52.53,0.0,2.3,6.69,Indian Food,Indian,493.0,1,1,0,0,1,1,lunch
6.4,31.15,990.0,2200,2245.0,19.45,IFCT,"Chillies, red",29.46,0.0,4.7,12.69,Indian Food,Indian,1141.0,1,1,1,0,1,1,lunch
8.41,34.52,781.0,2201,1434.0,183.0,IFCT,Cloves,18.73,0.0,2.1,5.86,Indian Food,Indian,2679.0,1,0,1,0,1,1,lunch
17.47,44.81,1125.0,2202,1473.0,34.41,IFCT,Coriander seeds,12.98,0.0,2.38,10.66,Indian Food,Indian,952.0,1,1,1,0,1,1,lunch
16.64,30.35,1274.0,2203,1886.0,125.0,IFCT,Cumin seeds,22.62,0.0,1.38,13.91,Indian Food,Indian,619.0,1,1,1,0,1,1,lunch
5.72,47.55,983.0,2204,891.0,40.2,IFCT,Fenugreek seeds,10.57,0.0,0.55,25.41,Indian Food,Indian,770.0,1,1,1,0,1,1,lunch
24.41,20.31,1488.0,2205,623.0,27.17,IFCT,Mace,26.51,0.0,0.85,6.24,Indian Food,Indian,9304.0,1,1,1,0,1,1,lunch
36.52,11.99,1940.0,2206,474.0,14.31,IFCT,Nutmeg,27.64,0.0,1.08,6.3,Indian Food,Indian,3359.0,1,1,1,0,1,1,snack
21.11,20.58,1495.0,2207,1692.0,28.58,IFCT,Omum,24.53,0.0,2.76,15.89,Indian Food,Indian,1112.0,1,1,1,0,1,1,lunch
2.27,34.14,906.0,2208,1852.0,16.28,IFCT,Pippali,35.7,0.0,2.75,10.53,Indian Food,Indian,602.0,1,1,0,0,1,1,lunch
2.74,33.16,910.0,2209,1487.0,24.08,IFCT,"Pepper, black",36.22,0.0,0.32,10.12,Indian Food,Indian,654.0,1,1,0,0,1,1,lunch
30.38,26.68,1768.0,2210,646.0,25.35,IFCT,Poppy seeds,12.37,0.0,1.85,20.31,Indian Food,Indian,2074.0,1,1,1,0,1,1,lunch
5.03,21.38,1174.0,2211,2374.0,24.41,IFCT,Turmeric powder,49.22,0.0,1.23,7.66,Indian Food,Indian,1634.0,1,1,0,0,1,1,lunch
58.49,13.06,2549.0,2212,699.0,1.5,IFCT,Almond,3.04,0.0,2.23,18.41,Indian Food,Indian,4358.0,1,1,1,0,1,1,lunch
4.35,11.44,1467.0,2213,524.0,12.06,IFCT,"Arecanut, dried, brown",70.42,0.0,1.76,5.78,Indian Food,Indian,2605.0,1,1,0,0,1,1,snack
4.46,11.11,1477.0,2214,617.0,17.13,IFCT,"Arecanut, dried, red color",70.27,0.0,1.79,6.46,Indian Food,Indian,1674.0,1,1,0,0,1,1,snack
5.51,7.63,1024.0,2215,329.0,5.53,IFCT,"Arecanut, fresh",45.0,0.0,4.72,2.73,Indian Food,Indian,3389.0,1,1,0,0,1,1,snack
45.2,3.86,2438.0,2216,635.0,9.0,IFCT,Cashew nut,25.46,0.0,3.11,18.78,Indian Food,Indian,7816.0,1,1,1,0,1,1,snack
63.26,15.88,2611.0,2217,739.0,16.68,IFCT,"Coconut, kernal, dry",8.01,0.0,6.93,7.27,Indian Food,Indian,43138.0,0,1,0,0,1,1,snack
41.38,10.42,1711.0,2218,246.0,8.12,IFCT,"Coconut, kernel, fresh",6.3,0.0,6.2,3.84,Indian Food,Indian,28048.0,0,1,0,0,1,1,snack
23.74,8.27,1863.0,2219,952.0,21.84,IFCT,"Garden cress, seeds",33.66,0.0,0.91,23.36,Indian Food,Indian,4101.0,1,1,0,0,1,1,lunch
43.1,17.16,2124.0,2220,480.0,15.91,IFCT,"Gingelly seeds, black",10.29,0.0,0.99,19.17,Indian Food,Indian,6317.0,1,1,1,0,1,1,lunch
43.22,17.21,2161.0,2221,491.0,11.94,IFCT,"Gingelly seeds, brown",9.76,0.0,1.39,21.61,Indian Food,Indian,6250.0,1,1,1,0,1,1,lunch
43.05,16.99,2174.0,2222,460.0,15.43,IFCT,"Gingelly seeds, white",10.83,0.0,0.67,21.7,Indian Food,Indian,6430.0,1,1,1,0,1,1,lunch
39.63,10.38,2176.0,2223,679.0,12.21,IFCT,Ground nut,17.27,0.0,4.42,23.65,Indian Food,Indian,8144.0,1,1,1,0,1,1,snack
40.19,14.1,2132.0,2224,694.0,3.97,IFCT,Mustard seeds,16.8,0.0,5.07,19.51,Indian Food,Indian,2112.0,0,1,0,0,1,1,lunch
35.67,26.17,1857.0,2225,655.0,32.93,IFCT,Linseeds,10.99,0.0,0.6,18.55,Indian Food,Indian,2968.0,1,1,1,0,1,1,lunch
38.61,10.93,2144.0,2226,716.0,10.7,IFCT,"Niger seeds, black",22.98,0.0,1.75,18.92,Indian Food,Indian,5945.0,1,1,1,0,1,1,lunch
39.53,10.96,2128.0,2227,874.0,8.08,IFCT,"Niger seeds, gray",20.59,0.0,0.41,18.34,Indian Food,Indian,9737.0,1,1,1,0,1,1,lunch
48.79,3.79,2486.0,2228,686.0,1.31,IFCT,Pine seed,26.77,0.0,4.67,12.55,Indian Food,Indian,3801.0,1,1,1,0,1,1,lunch
42.49,10.64,2257.0,2229,1053.0,6.93,IFCT,Pistachio nuts,15.82,0.0,7.9,23.35,Indian Food,Indian,4043.0,0,1,0,0,1,1,snack
30.87,13.49,1981.0,2230,550.0,3.05,IFCT,Safflower seeds,30.18,0.0,2.67,17.66,Indian Food,Indian,2548.0,1,1,0,0,1,1,lunch
51.85,10.8,2453.0,2231,559.0,1.9,IFCT,Sunflower seeds,6.85,0.0,2.81,23.53,Indian Food,Indian,6159.0,1,1,1,0,1,1,lunch
64.27,5.39,2809.0,2232,457.0,1.33,IFCT,Walnut,10.14,0.0,3.22,14.92,Indian Food,Indian,5208.0,1,1,1,0,1,1,snack
0.16,0.0,1480.0,2233,488.0,25.38,IFCT,"Jaggery, cane",84.87,0.0,84.32,1.85,Indian Food,Indian,69.23,0,1,0,0,1,1,lunch
0.4,0.56,242.0,2234,150.0,1.16,IFCT,"Sugarcane, juice",13.11,0.0,12.85,0.16,Indian Food,Indian,140.0,0,1,0,0,1,1,breakfast
0.42,3.11,115.0,2235,318.0,7.72,IFCT,"Button mushroom, fresh",1.98,0.0,0.1,3.68,Indian Food,Indian,62.89,1,1,1,0,1,1,lunch
0.25,1.99,89.0,2236,340.0,10.22,IFCT,"Chicken mushroom, fresh",2.76,0.0,0.1,1.84,Indian Food,Indian,59.6,0,1,0,0,0,0,lunch
0.76,3.02,243.0,2237,323.0,9.3,IFCT,"Shiitake mushroom, fresh",8.98,0.0,0.2,3.19,Indian Food,Indian,116.0,1,1,1,0,1,1,lunch
2.86,39.12,1019.0,2238,350.0,8.67,IFCT,"Oyster mushroom, dried",33.07,0.0,0.68,19.04,Indian Food,Indian,422.0,1,1,0,0,1,1,lunch
0.03,0.0,101.0,2239,83.54,1.64,IFCT,Toddy,5.72,0.0,5.73,0.18,Indian Food,Indian,30.65,0,1,0,0,1,1,lunch
0.16,0.0,64.0,2240,215.0,28.09,IFCT,Coconut Water,3.16,0.0,3.06,0.26,Indian Food,Indian,93.49,0,1,0,0,1,1,snack
6.58,0.0,449.0,2241,109.0,30.1,IFCT,"Milk, whole, Buffalo",8.39,0.0,5.34,3.68,Indian Food,Indian,4630.0,0,1,0,0,1,0,breakfast
4.48,0.0,305.0,2242,115.0,25.46,IFCT,"Milk, whole, Cow",4.94,0.0,4.89,3.26,Indian Food,Indian,2707.0,0,1,0,0,1,0,breakfast
14.78,0.0,1079.0,2243,63.53,18.04,IFCT,Panner,12.41,0.0,11.57,18.86,Indian Food,Indian,8851.0,0,1,0,0,1,1,lunch
20.62,0.0,1322.0,2244,536.0,48.1,IFCT,Khoa,16.53,0.0,16.14,16.34,Indian Food,Indian,12936.0,0,1,0,0,1,1,lunch
9.15,0.0,564.0,2245,138.0,123.0,IFCT,"Egg, poultry, whole, raw",0.0,366.0,0.0,13.28,Indian Food,Indian,2958.0,0,1,0,0,0,0,breakfast
0.06,0.0,187.0,2246,152.0,166.0,IFCT,"Egg, poultry, white, raw",0.0,0.0,0.0,10.84,Indian Food,Indian,0.0,0,0,0,0,0,0,breakfast
26.34,0.0,1242.0,2247,118.0,46.33,IFCT,"Egg, poultry, yolk, raw",0.0,1076.0,0.0,15.74,Indian Food,Indian,8580.0,0,1,0,0,0,0,breakfast
10.54,0.0,618.0,2248,127.0,121.0,IFCT,"Egg, poultry, whole, boiled",0.0,365.0,0.0,13.43,Indian Food,Indian,3464.0,0,1,0,0,0,0,breakfast
0.26,0.0,220.0,2249,147.0,144.0,IFCT,"Egg, poultry, white, boiled",0.0,0.0,0.0,12.37,Indian Food,Indian,0.0,0,0,0,0,0,0,breakfast
27.46,0.0,1290.0,2250,106.0,44.83,IFCT,"Egg, poultry, yolk, boiled",0.0,1085.0,0.0,16.13,Indian Food,Indian,8819.0,0,1,0,0,0,0,breakfast
11.6,0.0,710.0,2251,163.0,169.0,IFCT,"Egg, poultry, omlet",0.0,316.0,0.0,16.53,Indian Food,Indian,3179.0,0,0,0,0,0,0,breakfast
13.0,0.0,704.0,2252,117.0,157.0,IFCT,"Egg, country hen, whole, raw",0.0,355.0,0.0,13.14,Indian Food,Indian,3792.0,0,0,0,0,1,0,breakfast
14.1,0.0,767.0,2253,120.0,149.0,IFCT,"Egg, country hen, whole, boiled",0.0,369.0,0.0,14.43,Indian Food,Indian,4074.0,0,0,0,0,1,0,breakfast
16.3,0.0,855.0,2254,151.0,157.0,IFCT,"Egg, country hen, omlet",0.0,318.0,0.0,14.8,Indian Food,Indian,4886.0,0,0,0,0,1,0,breakfast
13.61,0.0,738.0,2255,221.0,110.0,IFCT,"Egg, duck, whole, boiled",0.0,856.0,0.0,13.8,Indian Food,Indian,3598.0,0,1,0,0,1,0,breakfast
13.83,0.0,760.0,2256,228.0,113.0,IFCT,"Egg, duck, whole, raw",0.0,839.0,0.0,14.6,Indian Food,Indian,3373.0,0,1,0,0,1,0,breakfast
14.8,0.0,804.0,2257,154.0,175.0,IFCT,"Egg, duck, whole, omlet",0.0,815.0,0.0,15.1,Indian Food,Indian,3871.0,0,0,0,0,1,0,breakfast
11.46,0.0,635.0,2258,119.0,132.0,IFCT,"Egg, quial, whole, raw",0.0,833.0,0.0,12.39,Indian Food,Indian,2788.0,0,1,0,0,1,0,breakfast
11.5,0.0,647.0,2259,115.0,130.0,IFCT,"Egg, quial, whole, boiled",0.0,855.0,0.0,13.03,Indian Food,Indian,2726.0,0,1,0,0,1,0,breakfast
12.64,0.0,1605.0,2260,283.0,65.07,IFCT,"Chicken, poultry, leg, skinless",0.0,84.25,0.0,19.44,Indian Food,Indian,1157.0,0,1,0,0,0,0,lunch
14.23,0.0,836.0,2261,263.0,64.59,IFCT,"Chicken, poultry, thigh, skinless",0.0,91.93,0.0,18.18,Indian Food,Indian,1071.0,0,1,0,0,0,0,lunch
9.0,0.0,704.0,2262,295.0,36.7,IFCT,"Chicken, poultry, breast, skinless",0.0,61.55,0.0,21.81,Indian Food,Indian,816.0,0,1,0,0,0,0,lunch
13.81,0.0,807.0,2263,185.0,72.78,IFCT,"Chicken, poultry, wing, skinless",0.0,54.52,0.0,17.42,Indian Food,Indian,1241.0,0,1,0,0,0,0,lunch
4.08,0.0,518.0,2264,241.0,61.58,IFCT,"Poultry, chicken, liver",0.0,268.0,0.0,21.57,Indian Food,Indian,1328.0,0,1,0,0,0,0,lunch
2.07,0.0,386.0,2265,244.0,50.6,IFCT,"Poultry, chicken, gizzard",0.0,57.24,0.0,18.22,Indian Food,Indian,772.0,0,1,0,0,0,0,lunch
11.73,0.0,723.0,2266,357.0,50.46,IFCT,"Country hen, leg, with skin",0.0,87.95,0.0,17.01,Indian Food,Indian,534.0,0,1,0,0,1,1,lunch
12.82,0.0,785.0,2267,330.0,51.14,IFCT,"Country hen, thigh, with skin",0.0,91.81,0.0,18.29,Indian Food,Indian,610.0,0,1,0,0,1,1,lunch
10.2,0.0,753.0,2268,365.0,23.13,IFCT,"Country hen, breast, with skin",0.0,66.03,0.0,22.08,Indian Food,Indian,419.0,0,1,0,0,1,1,lunch
12.09,0.0,764.0,2269,249.0,54.15,IFCT,"Country hen, wing, with skin",0.0,55.42,0.0,18.65,Indian Food,Indian,688.0,0,1,0,0,1,1,lunch
6.03,0.0,547.0,2270,273.0,82.25,IFCT,"Duck, meat, with skin",0.0,81.76,0.0,19.07,Indian Food,Indian,345.0,0,1,0,0,0,0,lunch
4.62,0.0,556.0,2271,275.0,48.48,IFCT,"Emu, meat, skinless",0.0,72.69,0.0,22.65,Indian Food,Indian,200.0,0,1,0,0,0,0,lunch
3.24,0.0,469.0,2272,240.0,57.64,IFCT,"Guinea fowl, meat, with skin",0.0,87.48,0.0,20.52,Indian Food,Indian,1138.0,0,1,0,0,0,0,lunch
6.03,0.0,528.0,2273,346.0,56.1,IFCT,"Pigeon, meat, with skin",0.0,107.0,0.0,17.94,Indian Food,Indian,1828.0,0,1,0,0,0,0,lunch
5.95,0.0,576.0,2274,333.0,56.21,IFCT,"Quail, meat, skinless",0.0,77.87,0.0,20.92,Indian Food,Indian,2024.0,0,1,0,0,0,0,lunch
8.15,0.0,647.0,2275,308.0,66.47,IFCT,"Turkey, leg, with skin",0.0,83.44,0.0,20.3,Indian Food,Indian,980.0,0,1,0,0,0,0,lunch
6.31,0.0,581.0,2276,280.0,50.01,IFCT,"Turkey, thigh, with skin",0.0,85.35,0.0,20.46,Indian Food,Indian,1015.0,0,1,0,0,0,0,lunch
8.04,0.0,671.0,2277,315.0,40.45,IFCT,"Turkey, breast, with skin",0.0,81.28,0.0,21.96,Indian Food,Indian,934.0,0,1,0,0,0,0,lunch
10.77,0.0,771.0,2278,262.0,57.0,IFCT,"Turkey, wing, with skin",0.0,80.01,0.0,21.91,Indian Food,Indian,897.0,0,1,0,0,0,0,lunch
11.94,0.0,787.0,2279,332.0,47.31,IFCT,"Goat, shoulder, meat",0.0,82.18,0.0,20.33,Indian Food,Indian,5444.0,0,1,0,0,0,0,breakfast
5.98,0.0,568.0,2280,334.0,45.72,IFCT,"Goat, chops",0.0,88.37,0.0,20.39,Indian Food,Indian,2877.0,0,1,0,0,1,1,breakfast
7.94,0.0,669.0,2281,339.0,42.77,IFCT,"Goat, legs",0.0,82.52,0.0,22.07,Indian Food,Indian,3665.0,0,1,0,0,1,1,breakfast
8.06,0.0,533.0,2282,296.0,132.0,IFCT,"Goat, brain",0.0,1340.0,0.0,13.82,Indian Food,Indian,2138.0,0,1,0,0,1,1,breakfast
13.68,0.0,789.0,2283,223.0,118.0,IFCT,"Goat, tongue",0.0,206.0,0.0,16.63,Indian Food,Indian,5028.0,0,1,0,0,1,1,breakfast
3.09,0.0,401.0,2284,180.0,85.72,IFCT,"Goat, lungs",0.0,448.0,0.0,16.86,Indian Food,Indian,1564.0,0,1,0,0,1,1,breakfast
4.4,0.0,492.0,2285,224.0,73.21,IFCT,"Goat, heart",0.0,122.0,0.0,19.38,Indian Food,Indian,1939.0,0,1,0,0,1,1,breakfast
4.88,0.0,526.0,2286,284.0,55.41,IFCT,"Goat, liver",0.0,415.0,0.0,20.32,Indian Food,Indian,1770.0,0,1,0,0,1,1,breakfast
3.36,0.0,386.0,2287,45.0,22.38,IFCT,"Goat, tripe",0.0,113.0,0.0,15.36,Indian Food,Indian,1682.0,0,1,0,0,1,1,breakfast
2.37,0.0,401.0,2288,368.0,52.4,IFCT,"Goat, spleen",0.0,243.0,0.0,18.45,Indian Food,Indian,1200.0,0,1,0,0,1,1,breakfast
2.93,0.0,374.0,2289,195.0,184.0,IFCT,"Goat, kidneys",0.0,419.0,0.0,15.6,Indian Food,Indian,1143.0,0,0,0,0,1,1,breakfast
8.26,0.0,525.0,2290,130.0,7.46,IFCT,"Goat, tube (small intestine)",0.0,176.0,0.0,12.92,Indian Food,Indian,4445.0,0,1,0,0,1,1,breakfast
2.39,0.0,298.0,2291,253.0,92.61,IFCT,"Goat, testis",0.0,118.0,0.0,12.32,Indian Food,Indian,1215.0,0,1,0,0,1,1,breakfast
14.31,0.0,840.0,2292,336.0,45.65,IFCT,"Sheep, shoulder",0.0,74.72,0.0,18.24,Indian Food,Indian,6916.0,0,1,0,0,1,1,lunch
5.15,0.0,496.0,2293,323.0,45.26,IFCT,"Sheep, chops",0.0,86.14,0.0,18.0,Indian Food,Indian,2773.0,0,1,0,0,1,1,lunch
8.69,0.0,686.0,2294,333.0,49.3,IFCT,"Sheep, leg",0.0,84.84,0.0,21.42,Indian Food,Indian,3745.0,0,1,0,0,1,1,lunch
7.29,0.0,492.0,2295,312.0,122.0,IFCT,"Sheep, brain",0.0,1336.0,0.0,13.05,Indian Food,Indian,2040.0,0,1,0,0,1,1,lunch
13.53,0.0,783.0,2296,220.0,185.0,IFCT,"Sheep, tongue",0.0,210.0,0.0,16.61,Indian Food,Indian,5576.0,0,0,0,0,1,1,lunch
2.41,0.0,363.0,2297,204.0,109.0,IFCT,"Sheep, lungs",0.0,431.0,0.0,16.12,Indian Food,Indian,1138.0,0,1,0,0,1,1,lunch
3.66,0.0,445.0,2298,225.0,72.62,IFCT,"Sheep, heart",0.0,112.0,0.0,18.19,Indian Food,Indian,1677.0,0,1,0,0,1,1,lunch
4.87,0.0,559.0,2299,280.0,55.82,IFCT,"Sheep, liver",0.0,430.0,0.0,22.26,Indian Food,Indian,1822.0,0,1,0,0,1,1,lunch
4.05,0.0,435.0,2300,48.75,18.37,IFCT,"Sheep, tripe",0.0,113.0,0.0,16.76,Indian Food,Indian,1962.0,0,1,0,0,1,1,lunch
3.02,0.0,384.0,2301,327.0,50.58,IFCT,"Sheep, spleen",0.0,262.0,0.0,16.02,Indian Food,Indian,1533.0,0,1,0,0,1,1,lunch
2.92,0.0,384.0,2302,198.0,163.0,IFCT,"Sheep, kidneys",0.0,299.0,0.0,16.22,Indian Food,Indian,1127.0,0,0,0,0,1,1,lunch
14.59,0.0,889.0,2303,367.0,45.59,IFCT,"Beef, shoulder",0.0,66.36,0.0,20.56,Indian Food,Indian,7046.0,0,1,0,0,0,0,lunch
6.71,0.0,585.0,2304,383.0,32.47,IFCT,"Beef, chops",0.0,45.97,0.0,19.82,Indian Food,Indian,3031.0,0,1,0,0,0,0,lunch
7.38,0.0,658.0,2305,366.0,38.96,IFCT,"Beef, round (leg)",0.0,55.81,0.0,22.64,Indian Food,Indian,2998.0,0,1,0,0,0,0,lunch
9.28,0.0,523.0,2306,320.0,127.0,IFCT,"Beef, brain",0.0,1668.0,0.0,10.55,Indian Food,Indian,2490.0,0,1,0,0,0,0,lunch
12.57,0.0,731.0,2307,260.0,89.88,IFCT,"Beef, tongue",0.0,141.0,0.0,15.63,Indian Food,Indian,6287.0,0,1,0,0,0,0,lunch
2.28,0.0,351.0,2308,216.0,109.0,IFCT,"Beef, lungs",0.0,334.0,0.0,15.66,Indian Food,Indian,1198.0,0,1,0,0,0,0,lunch
3.57,0.0,433.0,2309,258.0,70.52,IFCT,"Beef, heart",0.0,92.73,0.0,17.68,Indian Food,Indian,1479.0,0,1,0,0,0,0,lunch
3.96,0.0,499.0,2310,289.0,50.14,IFCT,"Beef, liver",0.0,261.0,0.0,20.73,Indian Food,Indian,1543.0,0,1,0,0,0,0,lunch
2.51,0.0,316.0,2311,143.0,41.0,IFCT,"Beef, tripe",0.0,82.66,0.0,13.1,Indian Food,Indian,1371.0,0,1,0,0,0,0,lunch
2.22,0.0,378.0,2312,348.0,58.94,IFCT,"Beef, spleen",0.0,353.0,0.0,17.42,Indian Food,Indian,1160.0,0,1,0,0,0,0,lunch
4.01,0.0,439.0,2313,184.0,160.0,IFCT,"Beef, kidneys",0.0,439.0,0.0,17.09,Indian Food,Indian,1743.0,0,0,0,0,0,0,lunch
7.47,0.0,633.0,2314,369.0,77.0,IFCT,"Calf, shoulder",0.0,58.27,0.0,20.98,Indian Food,Indian,3510.0,0,1,0,0,1,1,lunch
3.85,0.0,524.0,2315,366.0,64.94,IFCT,"Calf, chops",0.0,62.05,0.0,22.47,Indian Food,Indian,1966.0,0,1,0,0,1,1,lunch
6.92,0.0,615.0,2316,356.0,67.04,IFCT,"Calf, round (leg)",0.0,50.1,0.0,21.1,Indian Food,Indian,2263.0,0,1,0,0,1,1,lunch
7.6,0.0,448.0,2317,306.0,115.0,IFCT,"Calf, brain",0.0,1345.0,0.0,9.84,Indian Food,Indian,2202.0,0,1,0,0,1,1,lunch
11.76,0.0,737.0,2318,238.0,91.64,IFCT,"Calf, tongue",0.0,107.0,0.0,17.78,Indian Food,Indian,5630.0,0,1,0,0,1,1,lunch
3.75,0.0,459.0,2319,224.0,58.0,IFCT,"Calf, heart",0.0,130.0,0.0,18.84,Indian Food,Indian,1489.0,0,1,0,0,1,1,lunch
3.95,0.0,503.0,2320,307.0,54.99,IFCT,"Calf, liver",0.0,306.0,0.0,21.02,Indian Food,Indian,1616.0,0,1,0,0,1,1,lunch
2.12,0.0,379.0,2321,372.0,67.87,IFCT,"Calf, spleen",0.0,360.0,0.0,17.71,Indian Food,Indian,1030.0,0,1,0,0,1,1,lunch
3.5,0.0,387.0,2322,206.0,174.0,IFCT,"Calf, kidneys",0.0,271.0,0.0,15.16,Indian Food,Indian,1464.0,0,0,0,0,1,1,lunch
11.14,0.0,736.0,2323,307.0,32.94,IFCT,"Mithun, shoulder",0.0,45.07,0.0,19.05,Indian Food,Indian,4436.0,0,1,0,0,1,1,lunch
6.12,0.0,536.0,2324,222.0,42.17,IFCT,"Mithun, chops",0.0,46.99,0.0,18.19,Indian Food,Indian,2736.0,0,1,0,0,1,1,lunch
4.1,0.0,485.0,2325,338.0,28.42,IFCT,"Mithun, round (leg)",0.0,44.01,0.0,19.61,Indian Food,Indian,1442.0,0,1,0,0,1,1,lunch
18.83,0.0,993.0,2326,234.0,54.47,IFCT,"Pork, shoulder",0.0,44.38,0.0,17.41,Indian Food,Indian,6887.0,0,1,0,0,0,0,lunch
11.3,0.0,748.0,2327,243.0,43.7,IFCT,"Pork, chops",0.0,46.98,0.0,19.41,Indian Food,Indian,4803.0,0,1,0,0,0,0,lunch
18.55,0.0,1006.0,2328,239.0,40.44,IFCT,"Pork, ham",0.0,47.08,0.0,18.83,Indian Food,Indian,6938.0,0,1,0,0,0,0,lunch
2.74,0.0,358.0,2329,200.0,61.41,IFCT,"Pork, lungs",0.0,232.0,0.0,15.13,Indian Food,Indian,1247.0,0,1,0,0,0,0,lunch
4.87,0.0,457.0,2330,268.0,70.52,IFCT,"Pork, heart",0.0,134.0,0.0,16.31,Indian Food,Indian,1575.0,0,1,0,0,0,0,lunch
3.94,0.0,484.0,2331,279.0,64.89,IFCT,"Pork, liver",0.0,216.0,0.0,19.89,Indian Food,Indian,1325.0,0,1,0,0,0,0,lunch
7.81,0.0,550.0,2332,200.0,109.0,IFCT,"Pork, stomach",0.0,187.0,0.0,15.36,Indian Food,Indian,3327.0,0,1,0,0,0,0,lunch
2.71,0.0,357.0,2333,325.0,49.14,IFCT,"Pork, spleen",0.0,201.0,0.0,15.13,Indian Food,Indian,1245.0,0,1,0,0,0,0,lunch
3.65,0.0,379.0,2334,198.0,138.0,IFCT,"Pork, kidneys",0.0,267.0,0.0,14.35,Indian Food,Indian,1169.0,0,1,0,0,0,0,lunch
8.98,0.0,587.0,2335,140.0,60.17,IFCT,"Pork, tube (small intestine)",0.0,180.0,0.0,14.96,Indian Food,Indian,4109.0,0,1,0,0,0,0,lunch
6.58,0.0,603.0,2336,303.0,55.03,IFCT,"Hare, shoulder",0.0,79.93,0.0,21.13,Indian Food,Indian,2698.0,0,1,0,0,1,1,lunch
2.55,0.0,445.0,2337,340.0,48.61,IFCT,"Hare, chops",0.0,77.7,0.0,20.62,Indian Food,Indian,1028.0,0,1,0,0,1,1,lunch
4.16,0.0,503.0,2338,370.0,42.48,IFCT,"Hare, leg",0.0,78.81,0.0,20.52,Indian Food,Indian,910.0,0,1,0,0,1,1,lunch
7.96,0.0,635.0,2339,361.0,61.38,IFCT,"Rabbit, shoulder",0.0,82.56,0.0,20.01,Indian Food,Indian,3142.0,0,1,0,0,1,1,lunch
4.88,0.0,565.0,2340,374.0,47.84,IFCT,"Rabbit, chops",0.0,79.17,0.0,22.61,Indian Food,Indian,1907.0,0,1,0,0,1,1,lunch
5.99,0.0,584.0,2341,389.0,46.03,IFCT,"Rabbit, leg",0.0,76.7,0.0,21.31,Indian Food,Indian,1575.0,0,1,0,0,1,1,lunch
0.98,0.0,406.0,2342,286.0,32.68,IFCT,Allathi,0.0,13.98,0.0,21.77,Indian Food,Indian,346.0,0,1,0,0,1,1,lunch
1.8,0.0,434.0,2343,470.0,44.86,IFCT,Aluva,0.0,21.97,0.0,21.63,Indian Food,Indian,755.0,0,1,0,0,1,1,lunch
0.78,0.0,367.0,2344,270.0,212.0,IFCT,Anchovy,0.0,29.56,0.0,19.88,Indian Food,Indian,248.0,0,0,0,0,1,1,lunch
1.11,0.0,415.0,2345,447.0,37.35,IFCT,Ari fish,0.0,15.99,0.0,22.01,Indian Food,Indian,408.0,0,1,0,0,0,0,lunch
0.29,0.0,284.0,2346,355.0,63.68,IFCT,Betki,0.0,18.99,0.0,15.28,Indian Food,Indian,86.4,0,1,0,0,1,1,lunch
1.24,0.0,377.0,2347,341.0,41.23,IFCT,Black snapper,0.0,30.45,0.0,19.5,Indian Food,Indian,470.0,0,1,0,0,1,1,lunch
1.03,0.0,287.0,2348,188.0,223.0,IFCT,Bombay duck,0.0,46.43,0.0,13.53,Indian Food,Indian,398.0,0,0,0,0,1,1,lunch
2.87,0.0,485.0,2349,349.0,61.87,IFCT,Bommuralu,0.0,44.68,0.0,22.3,Indian Food,Indian,1238.0,0,1,0,0,1,1,lunch
2.13,0.0,456.0,2350,429.0,35.82,IFCT,Cat fish,0.0,18.36,0.0,22.18,Indian Food,Indian,792.0,0,1,0,0,0,0,lunch
1.68,0.0,406.0,2351,343.0,51.41,IFCT,Chakla,0.0,30.39,0.0,20.21,Indian Food,Indian,654.0,0,1,0,0,1,1,lunch
0.67,0.0,317.0,2352,306.0,38.12,IFCT,Chappal,0.0,10.84,0.0,17.17,Indian Food,Indian,199.0,0,1,0,0,1,1,lunch
0.7,0.0,366.0,2353,406.0,37.6,IFCT,Chelu,0.0,22.64,0.0,20.02,Indian Food,Indian,229.0,0,1,0,0,1,1,lunch
1.77,0.0,406.0,2354,323.0,38.98,IFCT,Chembali,0.0,10.86,0.0,20.06,Indian Food,Indian,700.0,0,1,0,0,1,1,lunch
2.02,0.0,454.0,2355,402.0,41.19,IFCT,Eri meen,0.0,13.17,0.0,22.3,Indian Food,Indian,739.0,0,1,0,0,1,1,lunch
0.88,0.0,362.0,2356,316.0,52.68,IFCT,Gobro,0.0,21.38,0.0,19.37,Indian Food,Indian,289.0,0,1,0,0,1,1,lunch
0.44,0.0,400.0,2357,342.0,70.81,IFCT,Guitar fish,0.0,10.48,0.0,22.56,Indian Food,Indian,114.0,0,1,0,0,0,0,lunch
18.49,0.0,1083.0,2358,341.0,80.88,IFCT,Hilsa,0.0,82.42,0.0,21.8,Indian Food,Indian,9286.0,0,1,0,0,1,1,lunch
1.46,0.0,420.0,2359,368.0,74.33,IFCT,Jallal,0.0,19.26,0.0,21.55,Indian Food,Indian,519.0,0,1,0,0,1,1,lunch
1.92,0.0,453.0,2360,467.0,30.53,IFCT,Jathi vela meen,0.0,19.98,0.0,22.45,Indian Food,Indian,837.0,0,1,0,0,1,1,lunch
1.34,0.0,368.0,2361,366.0,53.66,IFCT,Kadal bral,0.0,26.09,0.0,18.72,Indian Food,Indian,478.0,0,1,0,0,1,1,lunch
4.2,0.0,530.0,2362,390.0,36.06,IFCT,Kadali,0.0,19.88,0.0,22.07,Indian Food,Indian,1611.0,0,1,0,0,1,1,lunch
4.54,0.0,523.0,2363,420.0,29.33,IFCT,Kalamaara,0.0,28.79,0.0,20.89,Indian Food,Indian,2107.0,0,1,0,0,1,1,lunch
1.2,0.0,374.0,2364,279.0,40.14,IFCT,Kalava,0.0,20.59,0.0,19.38,Indian Food,Indian,455.0,0,1,0,0,1,1,lunch
0.65,0.0,367.0,2365,346.0,50.53,IFCT,Kanamayya,0.0,22.07,0.0,20.19,Indian Food,Indian,209.0,0,1,0,0,1,1,lunch
1.27,0.0,423.0,2366,432.0,59.57,IFCT,Kannadi paarai,0.0,18.56,0.0,22.09,Indian Food,Indian,479.0,0,1,0,0,1,1,lunch
1.38,0.0,386.0,2367,452.0,23.72,IFCT,Karimeen,0.0,15.62,0.0,19.68,Indian Food,Indian,577.0,0,1,0,0,1,1,lunch
0.84,0.0,363.0,2368,228.0,63.27,IFCT,Karnagawala,0.0,35.4,0.0,19.52,Indian Food,Indian,255.0,0,1,0,0,1,1,lunch
3.0,0.0,454.0,2369,321.0,25.12,IFCT,Kayrai,0.0,29.85,0.0,20.15,Indian Food,Indian,1096.0,0,1,0,0,1,1,lunch
4.7,0.0,556.0,2370,277.0,35.88,IFCT,Kiriyan,0.0,11.15,0.0,22.49,Indian Food,Indian,2102.0,0,1,0,0,1,1,lunch
0.56,0.0,413.0,2371,387.0,59.03,IFCT,Kite fish,0.0,15.01,0.0,23.07,Indian Food,Indian,169.0,0,1,0,0,0,0,lunch
3.36,0.0,528.0,2372,349.0,43.3,IFCT,Korka,0.0,107.0,0.0,23.72,Indian Food,Indian,1407.0,0,1,0,0,1,1,lunch
3.6,0.0,501.0,2373,366.0,49.17,IFCT,Kulam paarai,0.0,55.4,0.0,21.62,Indian Food,Indian,1430.0,0,1,0,0,1,1,lunch
0.67,0.0,366.0,2374,375.0,52.28,IFCT,Maagaa,0.0,7.24,0.0,20.11,Indian Food,Indian,201.0,0,1,0,0,1,1,lunch
1.53,0.0,423.0,2375,309.0,83.01,IFCT,Mackerel,0.0,46.48,0.0,21.51,Indian Food,Indian,604.0,0,1,0,0,1,1,lunch
1.0,0.0,398.0,2376,431.0,58.5,IFCT,Manda clathi,0.0,21.03,0.0,21.27,Indian Food,Indian,337.0,0,1,0,0,1,1,lunch
0.79,0.0,389.0,2377,450.0,62.58,IFCT,Matha,0.0,20.55,0.0,21.17,Indian Food,Indian,297.0,0,1,0,0,1,1,lunch
1.09,0.0,442.0,2378,301.0,42.98,IFCT,Milk fish,0.0,21.38,0.0,23.66,Indian Food,Indian,366.0,0,1,0,0,0,0,breakfast
4.69,0.0,526.0,2379,157.0,65.17,IFCT,Moon fish,0.0,68.88,0.0,20.74,Indian Food,Indian,2929.0,0,1,0,0,0,0,lunch
1.32,0.0,393.0,2380,331.0,66.09,IFCT,Mullet,0.0,18.3,0.0,20.23,Indian Food,Indian,495.0,0,1,0,0,1,1,lunch
0.58,0.0,345.0,2381,330.0,110.0,IFCT,Mural,0.0,17.43,0.0,19.04,Indian Food,Indian,349.0,0,1,0,0,1,1,lunch
0.56,0.0,410.0,2382,365.0,61.96,IFCT,Myil meen,0.0,21.72,0.0,22.89,Indian Food,Indian,150.0,0,1,0,0,1,1,lunch
0.72,0.0,364.0,2383,403.0,57.87,IFCT,Nalla bontha,0.0,15.0,0.0,19.82,Indian Food,Indian,238.0,0,1,0,0,1,1,lunch
1.6,0.0,432.0,2384,384.0,49.51,IFCT,Narba,0.0,16.06,0.0,21.95,Indian Food,Indian,603.0,0,1,0,0,1,1,lunch
1.84,0.0,435.0,2385,384.0,45.22,IFCT,Paarai,0.0,23.29,0.0,21.58,Indian Food,Indian,720.0,0,1,0,0,1,1,lunch
0.69,0.0,360.0,2386,490.0,33.87,IFCT,Padayappa,0.0,9.65,0.0,19.7,Indian Food,Indian,169.0,0,1,0,0,1,1,lunch
1.81,0.0,394.0,2387,364.0,54.85,IFCT,Pali kora,0.0,33.18,0.0,19.25,Indian Food,Indian,761.0,0,1,0,0,1,1,lunch
4.44,0.0,537.0,2388,263.0,82.65,IFCT,Pambada,0.0,54.63,0.0,21.95,Indian Food,Indian,1959.0,0,1,0,0,1,1,lunch
0.65,0.0,360.0,2389,427.0,49.15,IFCT,Pandukopa,0.0,26.43,0.0,19.73,Indian Food,Indian,195.0,0,1,0,0,1,1,lunch
2.74,0.0,467.0,2390,363.0,84.08,IFCT,Parava,0.0,26.2,0.0,21.5,Indian Food,Indian,1184.0,0,1,0,0,1,1,lunch
0.62,0.0,361.0,2391,446.0,64.38,IFCT,Parcus,0.0,10.03,0.0,19.87,Indian Food,Indian,166.0,0,1,0,0,1,1,lunch
0.57,0.0,375.0,2392,432.0,51.79,IFCT,Parrot fish,0.0,9.95,0.0,20.82,Indian Food,Indian,174.0,0,1,0,0,0,0,lunch
0.87,0.0,387.0,2393,365.0,34.16,IFCT,Perinkilichai,0.0,17.24,0.0,20.89,Indian Food,Indian,290.0,0,1,0,0,1,1,lunch
1.33,0.0,424.0,2394,439.0,36.2,IFCT,Phopat,0.0,13.53,0.0,22.05,Indian Food,Indian,441.0,0,1,0,0,1,1,lunch
5.43,0.0,549.0,2395,323.0,38.97,IFCT,Piranha,0.0,97.5,0.0,20.46,Indian Food,Indian,1973.0,0,1,0,0,1,1,lunch
4.83,0.0,515.0,2396,295.0,69.09,IFCT,"Pomfret, black",0.0,48.16,0.0,18.91,Indian Food,Indian,2229.0,0,1,0,0,1,1,lunch
0.46,0.0,375.0,2397,483.0,36.1,IFCT,"Pomfret, snub nose",0.0,7.48,0.0,21.05,Indian Food,Indian,145.0,0,1,0,0,1,1,lunch
5.12,0.0,513.0,2398,255.0,46.09,IFCT,"Pomfret, white",0.0,41.56,0.0,19.02,Indian Food,Indian,2669.0,0,1,0,0,1,1,lunch
1.89,0.0,405.0,2399,251.0,52.37,IFCT,Pranel,0.0,29.01,0.0,19.69,Indian Food,Indian,827.0,0,1,0,0,1,1,lunch
1.55,0.0,399.0,2400,335.0,58.56,IFCT,Pulli paarai,0.0,47.79,0.0,20.06,Indian Food,Indian,593.0,0,1,0,0,1,1,lunch
1.17,0.0,400.0,2401,440.0,48.93,IFCT,Queen fish,0.0,21.93,0.0,20.97,Indian Food,Indian,693.0,0,1,0,0,0,0,lunch
1.69,0.0,430.0,2402,347.0,47.62,IFCT,Raai fish,0.0,24.95,0.0,21.61,Indian Food,Indian,654.0,0,1,0,0,0,0,lunch
2.17,0.0,410.0,2403,311.0,50.83,IFCT,Raai vanthu,0.0,21.98,0.0,19.39,Indian Food,Indian,864.0,0,1,0,0,1,1,lunch
1.49,0.0,377.0,2404,335.0,63.17,IFCT,Rani,0.0,69.04,0.0,18.83,Indian Food,Indian,2926.0,0,1,0,0,1,1,lunch
0.7,0.0,349.0,2405,353.0,105.0,IFCT,"Ray fish, bow head, spotted",0.0,13.91,0.0,19.03,Indian Food,Indian,187.0,0,1,0,0,0,0,lunch
1.34,0.0,437.0,2406,446.0,59.89,IFCT,Red snapper,0.0,132.0,0.0,22.79,Indian Food,Indian,485.0,0,1,0,0,1,1,lunch
2.3,0.0,451.0,2407,327.0,38.97,IFCT,"Red snapper, small",0.0,38.42,0.0,21.5,Indian Food,Indian,861.0,0,1,0,0,1,1,lunch
2.97,0.0,462.0,2408,360.0,49.41,IFCT,Sadaya,0.0,61.97,0.0,20.68,Indian Food,Indian,1059.0,0,1,0,0,1,1,lunch
9.86,0.0,721.0,2409,345.0,20.25,IFCT,Salmon,0.0,61.27,0.0,20.97,Indian Food,Indian,4305.0,0,1,0,0,1,1,lunch
2.67,0.0,443.0,2410,217.0,77.82,IFCT,Sangada,0.0,75.77,0.0,20.26,Indian Food,Indian,1128.0,0,1,0,0,1,1,lunch
1.68,0.0,434.0,2411,379.0,22.33,IFCT,Sankata paarai,0.0,64.34,0.0,21.87,Indian Food,Indian,3317.0,0,1,0,0,1,1,lunch
8.99,0.0,637.0,2412,228.0,38.49,IFCT,Sardine,0.0,49.12,0.0,17.91,Indian Food,Indian,1250.0,0,1,0,0,1,1,lunch
0.83,0.0,398.0,2413,372.0,63.63,IFCT,Shark,0.0,24.4,0.0,21.6,Indian Food,Indian,275.0,0,1,0,0,1,1,lunch
0.8,0.0,432.0,2414,304.0,53.55,IFCT,"Shark, hammer head",0.0,55.81,0.0,23.4,Indian Food,Indian,264.0,0,1,0,0,1,1,lunch
0.75,0.0,384.0,2415,318.0,131.0,IFCT,"Shark, spotted",0.0,13.75,0.0,20.95,Indian Food,Indian,253.0,0,1,0,0,1,1,lunch
1.74,0.0,446.0,2416,453.0,38.73,IFCT,Shelavu,0.0,30.5,0.0,22.46,Indian Food,Indian,677.0,0,1,0,0,1,1,lunch
6.68,0.0,633.0,2417,223.0,29.39,IFCT,Silan,0.0,58.93,0.0,22.72,Indian Food,Indian,3615.0,0,1,0,0,1,1,lunch
1.53,0.0,408.0,2418,440.0,41.57,IFCT,Silk fish,0.0,10.71,0.0,20.65,Indian Food,Indian,497.0,0,1,0,0,0,0,lunch
5.17,0.0,555.0,2419,249.0,19.6,IFCT,Silver carp,0.0,68.54,0.0,21.71,Indian Food,Indian,1826.0,0,1,0,0,1,1,lunch
1.18,0.0,367.0,2420,199.0,74.57,IFCT,Sole fish,0.0,16.0,0.0,19.05,Indian Food,Indian,416.0,0,1,0,0,0,0,lunch
0.68,0.0,408.0,2421,270.0,64.14,IFCT,Stingray,0.0,62.47,0.0,23.98,Indian Food,Indian,289.0,0,1,0,0,1,1,lunch
1.2,0.0,414.0,2422,370.0,67.4,IFCT,Tarlava,0.0,18.94,0.0,21.72,Indian Food,Indian,504.0,0,1,0,0,1,1,lunch
2.13,0.0,432.0,2423,382.0,28.0,IFCT,Tholam,0.0,59.73,0.0,20.78,Indian Food,Indian,856.0,0,1,0,0,1,1,lunch
1.08,0.0,349.0,2424,255.0,52.55,IFCT,Tilapia,0.0,26.36,0.0,18.48,Indian Food,Indian,413.0,0,1,0,0,1,1,lunch
1.44,0.0,470.0,2425,357.0,52.89,IFCT,Tuna,0.0,46.1,0.0,24.5,Indian Food,Indian,660.0,0,1,0,0,1,1,lunch
1.12,0.0,403.0,2426,273.0,22.6,IFCT,"Tuna, striped",0.0,64.06,0.0,21.28,Indian Food,Indian,424.0,0,1,0,0,1,1,lunch
1.06,0.0,410.0,2427,365.0,91.91,IFCT,Valava,0.0,15.6,0.0,21.8,Indian Food,Indian,403.0,0,1,0,0,1,1,lunch
5.18,0.0,570.0,2428,473.0,34.85,IFCT,Vanjaram,0.0,67.71,0.0,22.28,Indian Food,Indian,2229.0,0,1,0,0,1,1,lunch
4.34,0.0,537.0,2429,387.0,38.15,IFCT,Vela meen,0.0,35.85,0.0,22.16,Indian Food,Indian,1857.0,0,1,0,0,1,1,lunch
2.14,0.0,422.0,2430,401.0,43.66,IFCT,Vora,0.0,19.34,0.0,20.14,Indian Food,Indian,1207.0,0,1,0,0,1,1,lunch
